cad_event_original_time_queued,priority,initial_call_type,final_call_type,dispatch_beat
2026-08-06 23:59:37,2,DISTURBANCE,DISTURBANCE - OTHER,J1
2026-08-06 23:59:37,2,DISTURBANCE,DISTURBANCE - OTHER,J1
2026-08-06 23:53:03,2,EXPLOSION,DISTURBANCE - OTHER,E2
2026-08-06 23:33:19,4,NOISE - GENERAL,DISTURBANCE - NOISE RESIDENTIAL,U1
2026-08-06 23:29:54,4,NOISE - GENERAL,DISTURBANCE - NOISE RESIDENTIAL,R2
2026-08-06 23:25:38,2,THREATS (INCLS IN-PERSON/BY PHONE/IN WRITING),DISTURBANCE - OTHER,Q3
2026-08-06 23:25:38,2,THREATS (INCLS IN-PERSON/BY PHONE/IN WRITING),DISTURBANCE - OTHER,Q3
2026-08-06 23:20:31,2,"SUSPICIOUS PERSON, VEHICLE, OR INCIDENT",DISTURBANCE - OTHER,W1
2026-08-06 23:20:31,2,"SUSPICIOUS PERSON, VEHICLE, OR INCIDENT",DISTURBANCE - OTHER,W1
2026-08-06 23:20:31,2,"SUSPICIOUS PERSON, VEHICLE, OR INCIDENT",DISTURBANCE - OTHER,W1
2026-08-06 23:20:31,2,"SUSPICIOUS PERSON, VEHICLE, OR INCIDENT",DISTURBANCE - OTHER,W1
2026-08-06 23:16:19,2,FIGHT - PHYSICAL (NO WEAPONS),DISTURBANCE - OTHER,F3
2026-08-06 23:16:19,2,FIGHT - PHYSICAL (NO WEAPONS),DISTURBANCE - OTHER,F3
2026-08-06 23:16:19,2,FIGHT - PHYSICAL (NO WEAPONS),DISTURBANCE - OTHER,F3
2026-08-06 23:14:55,4,NOISE - GENERAL,DISTURBANCE - NOISE,U2
2026-08-06 23:13:46,2,DISTURBANCE,SUSPICIOUS CIRCUM. - SUSPICIOUS PERSON,D1
2026-08-06 23:13:46,2,DISTURBANCE,SUSPICIOUS CIRCUM. - SUSPICIOUS PERSON,D1
2026-08-06 23:13:25,2,DISTURBANCE,DISTURBANCE - OTHER,F3
2026-08-06 23:13:25,2,DISTURBANCE,DISTURBANCE - OTHER,F3
2026-08-06 23:13:25,2,DISTURBANCE,DISTURBANCE - OTHER,F3
2026-08-06 22:59:21,3,ASLT - DV,DISTURBANCE - OTHER,G1
2026-08-06 22:58:30,2,FIGHT - PHYSICAL (NO WEAPONS),DISTURBANCE - FIGHT,U3
2026-08-06 22:57:06,2,DISTURBANCE - DV - NO ASLT,DISTURBANCE - OTHER,G3
2026-08-06 22:57:06,2,DISTURBANCE - DV - NO ASLT,DISTURBANCE - OTHER,G3
2026-08-06 22:52:11,4,NOISE - GENERAL,DISTURBANCE - NOISE,K2
2026-08-06 22:46:54,4,NOISE - GENERAL,DISTURBANCE - NOISE,E2
2026-08-06 22:31:16,3,"NARCOTICS - VIOLATIONS (LOITER, USE, SELL, NARS)",DISTURBANCE - OTHER,M3
2026-08-06 22:31:16,3,"NARCOTICS - VIOLATIONS (LOITER, USE, SELL, NARS)",DISTURBANCE - OTHER,M3
2026-08-06 22:18:29,4,NOISE - GENERAL,DISTURBANCE - NOISE,N2
2026-08-06 22:17:54,4,NOISE - GENERAL,DISTURBANCE - NOISE,W1
2026-08-06 22:00:01,2,DISTURBANCE,DISTURBANCE - OTHER,D2
2026-08-06 21:54:19,1,UNKNOWN - ANI/ALI - LANDLINE (INCLUDES OPEN LINE),DISTURBANCE - OTHER,M3
2026-08-06 21:54:19,1,UNKNOWN - ANI/ALI - LANDLINE (INCLUDES OPEN LINE),DISTURBANCE - OTHER,M3
2026-08-06 21:54:19,1,UNKNOWN - ANI/ALI - LANDLINE (INCLUDES OPEN LINE),DISTURBANCE - OTHER,M3
2026-08-06 21:54:19,1,UNKNOWN - ANI/ALI - LANDLINE (INCLUDES OPEN LINE),DISTURBANCE - OTHER,M3
2026-08-06 21:53:08,2,DISTURBANCE - DV - NO ASLT,"DV - ARGUMENTS, DISTURBANCE (NO ARREST)",W3
2026-08-06 21:53:08,2,DISTURBANCE - DV - NO ASLT,"DV - ARGUMENTS, DISTURBANCE (NO ARREST)",W3
2026-08-06 21:53:08,2,DISTURBANCE - DV - NO ASLT,"DV - ARGUMENTS, DISTURBANCE (NO ARREST)",W3
2026-08-06 21:53:08,2,DISTURBANCE - DV - NO ASLT,"DV - ARGUMENTS, DISTURBANCE (NO ARREST)",W3
2026-08-06 21:49:09,1,ASLT - CRITICAL (NO SHOOTINGS),DISTURBANCE - OTHER,E2
2026-08-06 21:49:09,1,ASLT - CRITICAL (NO SHOOTINGS),DISTURBANCE - OTHER,E2
2026-08-06 21:49:09,1,ASLT - CRITICAL (NO SHOOTINGS),DISTURBANCE - OTHER,E2
2026-08-06 21:49:09,1,ASLT - CRITICAL (NO SHOOTINGS),DISTURBANCE - OTHER,E2
2026-08-06 21:48:34,2,ROBBERY (INCL STRONG ARM),DISTURBANCE - OTHER,E2
2026-08-06 21:46:07,2,FIGHT - PHYSICAL (NO WEAPONS),DISTURBANCE - FIGHT,J1
2026-08-06 21:42:09,2,DISTURBANCE,DISTURBANCE - OTHER,U3
2026-08-06 21:32:04,2,EXPLOSION,DISTURBANCE - NOISE,L3
2026-08-06 21:21:35,2,"SUSPICIOUS PERSON, VEHICLE, OR INCIDENT",DISTURBANCE - OTHER,L1
2026-08-06 21:21:35,2,"SUSPICIOUS PERSON, VEHICLE, OR INCIDENT",DISTURBANCE - OTHER,L1
2026-08-06 21:16:04,2,FIGHT - PHYSICAL (NO WEAPONS),DISTURBANCE - FIGHT,N3
2026-08-06 21:08:42,2,DISTURBANCE - DV - NO ASLT,CRISIS COMPLAINT - GENERAL,Q3
2026-08-06 21:01:52,2,THREATS (INCLS IN-PERSON/BY PHONE/IN WRITING),DISTURBANCE - OTHER,D1
2026-08-06 20:43:24,4,NOISE - GENERAL,DISTURBANCE - NOISE,Q1
2026-08-06 20:36:07,2,DISTURBANCE,DISTURBANCE - OTHER,R2
2026-08-06 20:27:39,2,DISTURBANCE,DISTURBANCE - JUVENILE,L2
2026-08-06 20:06:48,2,ASLT - WITH OR W/O WPNS (NO SHOOTINGS),DISTURBANCE - OTHER,K3
2026-08-06 20:06:48,2,ASLT - WITH OR W/O WPNS (NO SHOOTINGS),DISTURBANCE - OTHER,K3
2026-08-06 20:06:48,2,ASLT - WITH OR W/O WPNS (NO SHOOTINGS),DISTURBANCE - OTHER,K3
2026-08-06 20:06:48,2,ASLT - WITH OR W/O WPNS (NO SHOOTINGS),DISTURBANCE - OTHER,K3
2026-08-06 20:03:03,3,"SUSPICIOUS PERSON, VEHICLE, OR INCIDENT",DISTURBANCE - OTHER,G1
2026-08-06 19:59:54,1,UNKNOWN - ANI/ALI - WRLS PHNS (INCL OPEN LINE),DISTURBANCE - OTHER,E1
2026-08-06 19:59:54,1,UNKNOWN - ANI/ALI - WRLS PHNS (INCL OPEN LINE),DISTURBANCE - OTHER,E1
2026-08-06 19:47:50,2,DISTURBANCE,DISTURBANCE - OTHER,U1
2026-08-06 19:31:33,1,UNKNOWN - ANI/ALI - LANDLINE (INCLUDES OPEN LINE),DISTURBANCE - OTHER,W3
2026-08-06 19:31:33,1,UNKNOWN - ANI/ALI - LANDLINE (INCLUDES OPEN LINE),DISTURBANCE - OTHER,W3
2026-08-06 19:31:14,2,TRESPASS,DISTURBANCE - OTHER,D3
2026-08-06 19:24:21,2,ASSIST OTHER AGENCY - ROUTINE SERVICE,DISTURBANCE - OTHER,D1
2026-08-06 19:24:21,2,ASSIST OTHER AGENCY - ROUTINE SERVICE,DISTURBANCE - OTHER,D1
2026-08-06 19:08:16,1,DISTURBANCE,DISTURBANCE - OTHER,N2
2026-08-06 19:08:16,1,DISTURBANCE,DISTURBANCE - OTHER,N2
2026-08-06 19:07:23,1,DISTURBANCE,DISTURBANCE - OTHER,S2
2026-08-06 19:07:23,1,DISTURBANCE,DISTURBANCE - OTHER,S2
2026-08-06 19:03:58,1,UNKNOWN - ANI/ALI - WRLS PHNS (INCL OPEN LINE),DISTURBANCE - OTHER,D3
2026-08-06 19:03:58,1,UNKNOWN - ANI/ALI - WRLS PHNS (INCL OPEN LINE),DISTURBANCE - OTHER,D3
2026-08-06 19:03:58,1,UNKNOWN - ANI/ALI - WRLS PHNS (INCL OPEN LINE),DISTURBANCE - OTHER,D3
2026-08-06 18:56:11,4,NOISE - GENERAL,DISTURBANCE - NOISE,R2
2026-08-06 18:50:09,2,DISTURBANCE,DISTURBANCE - OTHER,S1
2026-08-06 18:39:37,2,ASLT - WITH OR W/O WPNS (NO SHOOTINGS),DISTURBANCE - OTHER,E3
2026-08-06 18:39:37,2,ASLT - WITH OR W/O WPNS (NO SHOOTINGS),DISTURBANCE - OTHER,E3
2026-08-06 18:23:00,1,DISTURBANCE - DV CRITICAL,"DV - ARGUMENTS, DISTURBANCE (NO ARREST)",S2
2026-08-06 18:23:00,1,DISTURBANCE - DV CRITICAL,"DV - ARGUMENTS, DISTURBANCE (NO ARREST)",S2
2026-08-06 18:14:48,2,DISTURBANCE,SUSPICIOUS CIRCUM. - SUSPICIOUS PERSON,N2
2026-08-06 18:05:17,1,DISTURBANCE,DISTURBANCE - OTHER,D2
2026-08-06 17:53:35,2,THREATS (INCLS IN-PERSON/BY PHONE/IN WRITING),DISTURBANCE - OTHER,D2
2026-08-06 17:52:16,1,"CHILD - CRITICAL ABAND, ABUSE, MOLEST, NEGLECT","DV - ARGUMENTS, DISTURBANCE (NO ARREST)",J3
2026-08-06 17:52:16,1,"CHILD - CRITICAL ABAND, ABUSE, MOLEST, NEGLECT","DV - ARGUMENTS, DISTURBANCE (NO ARREST)",J3
2026-08-06 17:52:16,1,"CHILD - CRITICAL ABAND, ABUSE, MOLEST, NEGLECT","DV - ARGUMENTS, DISTURBANCE (NO ARREST)",J3
2026-08-06 17:51:20,1,ASLT - CRITICAL (NO SHOOTINGS),DISTURBANCE - OTHER,E2
2026-08-06 17:51:20,1,ASLT - CRITICAL (NO SHOOTINGS),DISTURBANCE - OTHER,E2
2026-08-06 17:51:20,1,ASLT - CRITICAL (NO SHOOTINGS),DISTURBANCE - OTHER,E2
2026-08-06 17:51:20,1,ASLT - CRITICAL (NO SHOOTINGS),DISTURBANCE - OTHER,E2
2026-08-06 17:40:09,5,TRU - HARASSMENT,DISTURBANCE - OTHER,J3
2026-08-06 17:23:44,2,THREATS (INCLS IN-PERSON/BY PHONE/IN WRITING),DISTURBANCE - OTHER,G2
2026-08-06 17:09:22,3,NUISANCE,DISTURBANCE - NOISE,C1
2026-08-06 17:04:14,2,DISTURBANCE,SUSPICIOUS CIRCUM. - SUSPICIOUS VEHICLE,D3
2026-08-06 16:54:00,2,"WEAPN - GUN,DEADLY WPN (NO THRTS/ASLT/DIST)",DISTURBANCE - OTHER,M2
2026-08-06 16:42:36,1,ASLT - CRITICAL (NO SHOOTINGS),DISTURBANCE - OTHER,L2
2026-08-06 16:42:36,1,ASLT - CRITICAL (NO SHOOTINGS),DISTURBANCE - OTHER,L2
2026-08-06 16:42:16,2,THREATS (INCLS IN-PERSON/BY PHONE/IN WRITING),DISTURBANCE - OTHER,E3
2026-08-06 16:42:16,2,THREATS (INCLS IN-PERSON/BY PHONE/IN WRITING),DISTURBANCE - OTHER,E3
2026-08-06 16:34:24,5,TRU - DISTURBANCE,DISTURBANCE - OTHER,W2
2026-08-06 16:21:09,2,DISTURBANCE,DISTURBANCE - OTHER,F2
2026-08-06 16:18:46,2,DISTURBANCE - DV - NO ASLT,"DV - ARGUMENTS, DISTURBANCE (NO ARREST)",B2
2026-08-06 16:18:46,2,DISTURBANCE - DV - NO ASLT,"DV - ARGUMENTS, DISTURBANCE (NO ARREST)",B2
2026-08-06 16:15:58,2,DISTURBANCE - DV - NO ASLT,DISTURBANCE - OTHER,D2
2026-08-06 16:07:59,2,TRESPASS,DISTURBANCE - OTHER,J3
2026-08-06 16:07:59,2,TRESPASS,DISTURBANCE - OTHER,J3
2026-08-06 15:51:01,2,DISTURBANCE,DISTURBANCE - OTHER,F3
2026-08-06 15:36:38,2,THREATS (INCLS IN-PERSON/BY PHONE/IN WRITING),DISTURBANCE - OTHER,B2
2026-08-06 15:36:38,2,THREATS (INCLS IN-PERSON/BY PHONE/IN WRITING),DISTURBANCE - OTHER,B2
2026-08-06 15:34:16,4,NOISE - GENERAL,DISTURBANCE - NOISE,M1
2026-08-06 15:24:59,2,DISTURBANCE - DV - NO ASLT,SUSPICIOUS CIRCUM. - SUSPICIOUS PERSON,L3
2026-08-06 15:24:59,2,DISTURBANCE - DV - NO ASLT,SUSPICIOUS CIRCUM. - SUSPICIOUS PERSON,L3
2026-08-06 15:24:59,2,DISTURBANCE - DV - NO ASLT,SUSPICIOUS CIRCUM. - SUSPICIOUS PERSON,L3
2026-08-06 15:24:59,2,DISTURBANCE - DV - NO ASLT,SUSPICIOUS CIRCUM. - SUSPICIOUS PERSON,L3
2026-08-06 15:22:43,2,DISTURBANCE,DISTURBANCE - OTHER,N1
2026-08-06 15:12:19,3,DISTURBANCE,DISTURBANCE - OTHER,Q3
2026-08-06 15:11:49,5,TRU - DISTURBANCE,DISTURBANCE - OTHER,Q1
2026-08-06 15:11:18,1,DISTURBANCE,"SUSPICIOUS PERSON, VEHICLE, OR INCIDENT",G1
2026-08-06 15:11:18,1,DISTURBANCE,"SUSPICIOUS PERSON, VEHICLE, OR INCIDENT",G1
2026-08-06 15:11:18,1,DISTURBANCE,"SUSPICIOUS PERSON, VEHICLE, OR INCIDENT",G1
2026-08-06 15:01:26,2,DISTURBANCE,DISTURBANCE - OTHER,S3
2026-08-06 14:55:01,2,DISTURBANCE,DISTURBANCE - OTHER,M2
2026-08-06 14:49:12,1,DISTURBANCE - DV CRITICAL,DISTURBANCE - OTHER,R1
2026-08-06 14:49:12,1,DISTURBANCE - DV CRITICAL,DISTURBANCE - OTHER,R1
2026-08-06 14:49:12,1,DISTURBANCE - DV CRITICAL,DISTURBANCE - OTHER,R1
2026-08-06 14:49:12,1,DISTURBANCE - DV CRITICAL,DISTURBANCE - OTHER,R1
2026-08-06 14:38:20,2,DISTURBANCE,DISTURBANCE - OTHER,S1
2026-08-06 14:30:10,2,DISTURBANCE - DV - NO ASLT,DISTURBANCE - OTHER,S1
2026-08-06 14:17:57,4,NOISE - GENERAL,ALARM-VEHICLE ALARMS,F1
2026-08-06 14:01:59,5,TRU - HARASSMENT,DISTURBANCE - OTHER,J3
2026-08-06 13:57:06,1,UNKNOWN - COMPLAINT OF UNKNOWN NATURE,DISTURBANCE - OTHER,M3
2026-08-06 13:43:07,2,HARAS - NO BIAS OR THREATS,DISTURBANCE - OTHER,R2
2026-08-06 13:32:42,3,DISTURBANCE - DV - NO ASLT,"DV - ARGUMENTS, DISTURBANCE (NO ARREST)",W1
2026-08-06 13:19:12,2,DISTURBANCE,PROWLER - TRESPASS,Q2
2026-08-06 13:15:23,2,DISTURBANCE,DISTURBANCE - OTHER,M1
2026-08-06 13:15:23,2,DISTURBANCE,DISTURBANCE - OTHER,M1
2026-08-06 13:15:23,2,DISTURBANCE,DISTURBANCE - OTHER,M1
2026-08-06 13:07:52,2,DISTURBANCE,DISTURBANCE - OTHER,S1
2026-08-06 13:02:53,2,DISTURBANCE,DISTURBANCE - OTHER,G1
2026-08-06 13:02:53,2,DISTURBANCE,DISTURBANCE - OTHER,G1
2026-08-06 12:52:49,1,THREATS (INCLS IN-PERSON/BY PHONE/IN WRITING),DISTURBANCE - OTHER,G1
2026-08-06 12:52:49,1,THREATS (INCLS IN-PERSON/BY PHONE/IN WRITING),DISTURBANCE - OTHER,G1
2026-08-06 12:46:28,3,HARAS - NO BIAS OR THREATS,"DV - ARGUMENTS, DISTURBANCE (NO ARREST)",E3
2026-08-06 12:36:35,2,DISTURBANCE,DISTURBANCE - OTHER,N1
2026-08-06 12:36:35,2,DISTURBANCE,DISTURBANCE - OTHER,N1
2026-08-06 12:36:35,2,DISTURBANCE,DISTURBANCE - OTHER,N1
2026-08-06 12:05:48,2,DISTURBANCE,DISTURBANCE - OTHER,N3
2026-08-06 12:05:48,2,DISTURBANCE,DISTURBANCE - OTHER,N3
2026-08-06 12:01:17,2,DISTURBANCE,DISTURBANCE - OTHER,W1
2026-08-06 11:58:46,1,UNKNOWN - ANI/ALI - WRLS PHNS (INCL OPEN LINE),"DV - ARGUMENTS, DISTURBANCE (NO ARREST)",K3
2026-08-06 11:58:46,1,UNKNOWN - ANI/ALI - WRLS PHNS (INCL OPEN LINE),"DV - ARGUMENTS, DISTURBANCE (NO ARREST)",K3
2026-08-06 11:58:46,1,UNKNOWN - ANI/ALI - WRLS PHNS (INCL OPEN LINE),"DV - ARGUMENTS, DISTURBANCE (NO ARREST)",K3
2026-08-06 11:58:46,1,UNKNOWN - ANI/ALI - WRLS PHNS (INCL OPEN LINE),"DV - ARGUMENTS, DISTURBANCE (NO ARREST)",K3
2026-08-06 11:55:30,4,NOISE - GENERAL,DISTURBANCE - NOISE,M1
2026-08-06 11:45:20,2,DISTURBANCE,DISTURBANCE - OTHER,G1
2026-08-06 11:44:00,2,DISTURBANCE,ASSIST PUBLIC - OTHER (NON-SPECIFIED),S1
2026-08-06 11:38:37,4,PROPERTY - FOUND,DISTURBANCE - OTHER,O1
2026-08-06 11:31:53,2,DISTURBANCE - DV - NO ASLT,ASSIST OTHER AGENCY - COUNTY AGENCY,G1
2026-08-06 11:31:53,2,DISTURBANCE - DV - NO ASLT,ASSIST OTHER AGENCY - COUNTY AGENCY,G1
2026-08-06 11:31:53,2,DISTURBANCE - DV - NO ASLT,ASSIST OTHER AGENCY - COUNTY AGENCY,G1
2026-08-06 11:31:53,2,DISTURBANCE - DV - NO ASLT,ASSIST OTHER AGENCY - COUNTY AGENCY,G1
2026-08-06 11:14:25,2,DISTURBANCE,DISTURBANCE - OTHER,B2
2026-08-06 10:57:51,1,ASLT - DV CRITICAL,DISTURBANCE - OTHER,K3
2026-08-06 10:57:51,1,ASLT - DV CRITICAL,DISTURBANCE - OTHER,K3
2026-08-06 10:57:51,1,ASLT - DV CRITICAL,DISTURBANCE - OTHER,K3
2026-08-06 10:56:18,2,DISTURBANCE,SUSPICIOUS CIRCUM. - SUSPICIOUS PERSON,U3
2026-08-06 10:51:46,2,DISTURBANCE,DISTURBANCE - OTHER,N3
2026-08-06 10:40:05,2,THREATS (INCLS IN-PERSON/BY PHONE/IN WRITING),DISTURBANCE - OTHER,W1
2026-08-06 10:40:05,2,THREATS (INCLS IN-PERSON/BY PHONE/IN WRITING),DISTURBANCE - OTHER,W1
2026-08-06 10:40:05,2,THREATS (INCLS IN-PERSON/BY PHONE/IN WRITING),DISTURBANCE - OTHER,W1
2026-08-06 10:40:05,2,THREATS (INCLS IN-PERSON/BY PHONE/IN WRITING),DISTURBANCE - OTHER,W1
2026-08-06 10:40:05,2,THREATS (INCLS IN-PERSON/BY PHONE/IN WRITING),DISTURBANCE - OTHER,W1
2026-08-06 10:40:05,2,THREATS (INCLS IN-PERSON/BY PHONE/IN WRITING),DISTURBANCE - OTHER,W1
2026-08-06 10:37:41,3,"SUSPICIOUS PERSON, VEHICLE, OR INCIDENT",DISTURBANCE - OTHER,G1
2026-08-06 10:37:41,3,"SUSPICIOUS PERSON, VEHICLE, OR INCIDENT",DISTURBANCE - OTHER,G1
2026-08-06 10:34:44,2,DISTURBANCE,SUSPICIOUS CIRCUM. - SUSPICIOUS PERSON,B1
2026-08-06 10:27:51,2,HAZ - POTENTIAL THRT TO PHYS SAFETY,DISTURBANCE - OTHER,N3
2026-08-06 10:19:32,2,ASLT - WITH OR W/O WPNS (NO SHOOTINGS),DISTURBANCE - OTHER,O3
2026-08-06 10:19:32,2,ASLT - WITH OR W/O WPNS (NO SHOOTINGS),DISTURBANCE - OTHER,O3
2026-08-06 10:14:55,2,DISTURBANCE,DISTURBANCE - OTHER,M2
2026-08-06 10:14:55,2,DISTURBANCE,DISTURBANCE - OTHER,M2
2026-08-06 10:14:48,4,NOISE - GENERAL,DISTURBANCE - NOISE,K1
2026-08-06 10:13:19,2,DISTURBANCE - DV - NO ASLT,"DV - ARGUMENTS, DISTURBANCE (NO ARREST)",O2
2026-08-06 10:13:19,2,DISTURBANCE - DV - NO ASLT,"DV - ARGUMENTS, DISTURBANCE (NO ARREST)",O2
2026-08-06 10:12:33,5,TRU - ASLT - WITH OR W/O WPNS (NO SHOOTINGS),DISTURBANCE - OTHER,E3
2026-08-06 09:53:14,2,DISTURBANCE,DISTURBANCE - OTHER,K2
2026-08-06 09:52:56,1,ASLT - DV CRITICAL,"DV - ARGUMENTS, DISTURBANCE (NO ARREST)",Q1
2026-08-06 09:52:56,1,ASLT - DV CRITICAL,"DV - ARGUMENTS, DISTURBANCE (NO ARREST)",Q1
2026-08-06 09:52:56,1,ASLT - DV CRITICAL,"DV - ARGUMENTS, DISTURBANCE (NO ARREST)",Q1
2026-08-06 09:52:56,1,ASLT - DV CRITICAL,"DV - ARGUMENTS, DISTURBANCE (NO ARREST)",Q1
2026-08-06 09:31:46,2,DISTURBANCE - DV - NO ASLT,DISTURBANCE - OTHER,F2
2026-08-06 09:31:46,2,DISTURBANCE - DV - NO ASLT,DISTURBANCE - OTHER,F2
2026-08-06 09:04:57,3,BIAS,DISTURBANCE - OTHER,N3
2026-08-06 09:04:57,3,BIAS,DISTURBANCE - OTHER,N3
2026-08-06 08:17:38,1,UNKNOWN - ANI/ALI - WRLS PHNS (INCL OPEN LINE),DISTURBANCE - OTHER,B1
2026-08-06 08:16:43,2,THEFT (DOES NOT INCLUDE SHOPLIFT OR SVCS),DISTURBANCE - OTHER,E3
2026-08-06 08:08:00,2,DISTURBANCE,PROWLER - TRESPASS,L2
2026-08-06 08:08:00,2,DISTURBANCE,PROWLER - TRESPASS,L2
2026-08-06 07:55:22,1,HAZ - CRITICAL,DISTURBANCE - OTHER,E3
2026-08-06 07:55:22,1,HAZ - CRITICAL,DISTURBANCE - OTHER,E3
2026-08-06 07:55:22,1,HAZ - CRITICAL,DISTURBANCE - OTHER,E3
2026-08-06 07:55:22,1,HAZ - CRITICAL,DISTURBANCE - OTHER,E3
2026-08-06 07:51:28,2,DISTURBANCE,DISTURBANCE - OTHER,E2
2026-08-06 07:37:18,2,DISTURBANCE,SUSPICIOUS CIRCUM. - SUSPICIOUS PERSON,D1
2026-08-06 07:10:17,3,"ANIMAL - INJURED, DEAD HAZARD, OTHER","ANIMAL COMPLAINT - NOISE,STRAY,BITE",U1
2026-08-06 06:56:54,1,UNKNOWN - ANI/ALI - WRLS PHNS (INCL OPEN LINE),"DV - ARGUMENTS, DISTURBANCE (NO ARREST)",S2
2026-08-06 06:56:54,1,UNKNOWN - ANI/ALI - WRLS PHNS (INCL OPEN LINE),"DV - ARGUMENTS, DISTURBANCE (NO ARREST)",S2
2026-08-06 06:56:54,1,UNKNOWN - ANI/ALI - WRLS PHNS (INCL OPEN LINE),"DV - ARGUMENTS, DISTURBANCE (NO ARREST)",S2
2026-08-06 06:56:54,1,UNKNOWN - ANI/ALI - WRLS PHNS (INCL OPEN LINE),"DV - ARGUMENTS, DISTURBANCE (NO ARREST)",S2
2026-08-06 06:29:06,2,DISTURBANCE - DV - NO ASLT,DISTURBANCE - OTHER,D3
2026-08-06 06:29:06,2,DISTURBANCE - DV - NO ASLT,DISTURBANCE - OTHER,D3
2026-08-06 06:29:06,2,DISTURBANCE - DV - NO ASLT,DISTURBANCE - OTHER,D3
2026-08-06 06:13:23,2,DISTURBANCE - DV - NO ASLT,DV - ENFORCE COURT ORDER (ARREST MANDATED),L1
2026-08-06 06:13:23,2,DISTURBANCE - DV - NO ASLT,DV - ENFORCE COURT ORDER (ARREST MANDATED),L1
2026-08-06 05:54:45,2,ASLT - WITH OR W/O WPNS (NO SHOOTINGS),DISTURBANCE - OTHER,M1
2026-08-06 05:54:45,2,ASLT - WITH OR W/O WPNS (NO SHOOTINGS),DISTURBANCE - OTHER,M1
2026-08-06 05:09:47,2,DISTURBANCE,SUSPICIOUS CIRCUM. - SUSPICIOUS PERSON,E2
2026-08-06 05:09:47,2,DISTURBANCE,SUSPICIOUS CIRCUM. - SUSPICIOUS PERSON,E2
2026-08-06 04:59:41,2,DISTURBANCE,DISTURBANCE,M1
2026-08-06 04:59:41,2,DISTURBANCE,DISTURBANCE,M1
2026-08-06 04:59:41,2,DISTURBANCE,DISTURBANCE,M1
2026-08-06 04:53:56,3,DISTURBANCE,DISTURBANCE - OTHER,S1
2026-08-06 04:53:56,3,DISTURBANCE,DISTURBANCE - OTHER,S1
2026-08-06 04:48:23,3,"ANIMAL - INJURED, DEAD HAZARD, OTHER","ANIMAL COMPLAINT - NOISE,STRAY,BITE",B1
2026-08-06 04:48:23,3,"ANIMAL - INJURED, DEAD HAZARD, OTHER","ANIMAL COMPLAINT - NOISE,STRAY,BITE",B1
2026-08-06 04:31:07,3,DISTURBANCE,DISTURBANCE - OTHER,B1
2026-08-06 04:31:07,3,DISTURBANCE,DISTURBANCE - OTHER,B1
2026-08-06 04:03:42,2,DISTURBANCE - DV - NO ASLT,CRISIS COMPLAINT - GENERAL,F3
2026-08-06 04:03:42,2,DISTURBANCE - DV - NO ASLT,CRISIS COMPLAINT - GENERAL,F3
2026-08-06 04:03:42,2,DISTURBANCE - DV - NO ASLT,CRISIS COMPLAINT - GENERAL,F3
2026-08-06 03:56:28,2,DISTURBANCE,DISTURBANCE - OTHER,M2
2026-08-06 03:56:28,2,DISTURBANCE,DISTURBANCE - OTHER,M2
2026-08-06 03:43:13,2,"SUSPICIOUS PERSON, VEHICLE, OR INCIDENT",DISTURBANCE - OTHER,Q1
2026-08-06 03:27:16,1,UNKNOWN - COMPLAINT OF UNKNOWN NATURE,"DV - ARGUMENTS, DISTURBANCE (NO ARREST)",N3
2026-08-06 03:27:16,1,UNKNOWN - COMPLAINT OF UNKNOWN NATURE,"DV - ARGUMENTS, DISTURBANCE (NO ARREST)",N3
2026-08-06 03:27:16,1,UNKNOWN - COMPLAINT OF UNKNOWN NATURE,"DV - ARGUMENTS, DISTURBANCE (NO ARREST)",N3
2026-08-06 03:27:16,1,UNKNOWN - COMPLAINT OF UNKNOWN NATURE,"DV - ARGUMENTS, DISTURBANCE (NO ARREST)",N3
2026-08-06 03:27:16,1,UNKNOWN - COMPLAINT OF UNKNOWN NATURE,"DV - ARGUMENTS, DISTURBANCE (NO ARREST)",N3
2026-08-06 03:27:16,1,UNKNOWN - COMPLAINT OF UNKNOWN NATURE,"DV - ARGUMENTS, DISTURBANCE (NO ARREST)",N3
2026-08-06 03:27:16,1,UNKNOWN - COMPLAINT OF UNKNOWN NATURE,"DV - ARGUMENTS, DISTURBANCE (NO ARREST)",N3
2026-08-06 02:58:14,4,NOISE - GENERAL,DISTURBANCE - NOISE,Q3
2026-08-06 02:49:16,2,DOWN - CHECK FOR DOWN PERSON,DISTURBANCE - OTHER,E3
2026-08-06 02:09:35,2,"SUSPICIOUS PERSON, VEHICLE, OR INCIDENT",DISTURBANCE - OTHER,E3
2026-08-06 02:09:35,2,"SUSPICIOUS PERSON, VEHICLE, OR INCIDENT",DISTURBANCE - OTHER,E3
2026-08-06 02:09:35,2,"SUSPICIOUS PERSON, VEHICLE, OR INCIDENT",DISTURBANCE - OTHER,E3
2026-08-06 01:30:17,3,DISTURBANCE,DISTURBANCE - OTHER,F2
2026-08-06 01:30:17,3,DISTURBANCE,DISTURBANCE - OTHER,F2
2026-08-06 01:02:50,1,DISTURBANCE,DISTURBANCE - OTHER,F3
2026-08-06 01:02:50,1,DISTURBANCE,DISTURBANCE - OTHER,F3
2026-08-06 01:02:50,1,DISTURBANCE,DISTURBANCE - OTHER,F3
2026-08-06 01:02:50,1,DISTURBANCE,DISTURBANCE - OTHER,F3
2026-08-06 01:02:50,1,DISTURBANCE,DISTURBANCE - OTHER,F3
2026-08-06 01:02:50,1,DISTURBANCE,DISTURBANCE - OTHER,F3
2026-08-06 01:00:58,3,DISTURBANCE,DISTURBANCE - OTHER,E2
2026-08-06 01:00:58,3,DISTURBANCE,DISTURBANCE - OTHER,E2
2026-08-06 00:44:47,4,NOISE - GENERAL,DISTURBANCE - NOISE,U1
2026-08-06 00:21:48,2,DISTURBANCE,SUSPICIOUS CIRCUM. - SUSPICIOUS PERSON,S3
2026-08-06 00:19:22,1,UNKNOWN - COMPLAINT OF UNKNOWN NATURE,DISTURBANCE - OTHER,U1
2026-08-06 00:19:22,1,UNKNOWN - COMPLAINT OF UNKNOWN NATURE,DISTURBANCE - OTHER,U1
2026-08-06 00:06:59,2,DISTURBANCE,DISTURBANCE - OTHER,C1
2026-08-06 00:06:59,2,DISTURBANCE,DISTURBANCE - OTHER,C1
2026-08-05 23:50:32,1,"WEAPN - GUN,DEADLY WPN (NO THRTS/ASLT/DIST)",DISTURBANCE - OTHER,Q3
2026-08-05 23:50:32,1,"WEAPN - GUN,DEADLY WPN (NO THRTS/ASLT/DIST)",DISTURBANCE - OTHER,Q3
2026-08-05 23:50:32,1,"WEAPN - GUN,DEADLY WPN (NO THRTS/ASLT/DIST)",DISTURBANCE - OTHER,Q3
2026-08-05 23:50:32,1,"WEAPN - GUN,DEADLY WPN (NO THRTS/ASLT/DIST)",DISTURBANCE - OTHER,Q3
2026-08-05 23:50:32,1,"WEAPN - GUN,DEADLY WPN (NO THRTS/ASLT/DIST)",DISTURBANCE - OTHER,Q3
2026-08-05 23:50:32,1,"WEAPN - GUN,DEADLY WPN (NO THRTS/ASLT/DIST)",DISTURBANCE - OTHER,Q3
2026-08-05 23:09:41,2,PROPERTY - DAMAGE,DISTURBANCE - OTHER,U2
2026-08-05 23:02:08,1,DISTURBANCE - DV CRITICAL,"DV - ARGUMENTS, DISTURBANCE (NO ARREST)",G3
2026-08-05 23:02:08,1,DISTURBANCE - DV CRITICAL,"DV - ARGUMENTS, DISTURBANCE (NO ARREST)",G3
2026-08-05 23:02:08,1,DISTURBANCE - DV CRITICAL,"DV - ARGUMENTS, DISTURBANCE (NO ARREST)",G3
2026-08-05 23:02:08,1,DISTURBANCE - DV CRITICAL,"DV - ARGUMENTS, DISTURBANCE (NO ARREST)",G3
2026-08-05 22:58:22,4,NOISE - GENERAL,DISTURBANCE - NOISE,C2
2026-08-05 22:58:22,4,NOISE - GENERAL,DISTURBANCE - NOISE,C2
2026-08-05 22:54:51,2,HAZ - POTENTIAL THRT TO PHYS SAFETY,DISTURBANCE - OTHER,F3
2026-08-05 22:54:49,2,DISTURBANCE - DV - NO ASLT,DV - DOMESTIC VIOL/ASLT (ARREST MANDATORY),J3
2026-08-05 22:54:49,2,DISTURBANCE - DV - NO ASLT,DV - DOMESTIC VIOL/ASLT (ARREST MANDATORY),J3
2026-08-05 22:54:49,2,DISTURBANCE - DV - NO ASLT,DV - DOMESTIC VIOL/ASLT (ARREST MANDATORY),J3
2026-08-05 22:54:49,2,DISTURBANCE - DV - NO ASLT,DV - DOMESTIC VIOL/ASLT (ARREST MANDATORY),J3
2026-08-05 22:54:49,2,DISTURBANCE - DV - NO ASLT,DV - DOMESTIC VIOL/ASLT (ARREST MANDATORY),J3
2026-08-05 22:34:50,4,NOISE - GENERAL,DISTURBANCE - NOISE,U1
2026-08-05 22:34:43,2,TRESPASS,DISTURBANCE - OTHER,L3
2026-08-05 22:34:43,2,TRESPASS,DISTURBANCE - OTHER,L3
2026-08-05 22:34:43,2,TRESPASS,DISTURBANCE - OTHER,L3
2026-08-05 22:34:43,2,TRESPASS,DISTURBANCE - OTHER,L3
2026-08-05 22:23:26,2,DISTURBANCE,DISTURBANCE - NOISE,G1
2026-08-05 22:23:26,2,DISTURBANCE,DISTURBANCE - NOISE,G1
2026-08-05 22:23:26,2,DISTURBANCE,DISTURBANCE - NOISE,G1
2026-08-05 22:21:38,3,THREATS (INCLS IN-PERSON/BY PHONE/IN WRITING),DISTURBANCE - OTHER,O3
2026-08-05 22:18:32,4,NOISE - GENERAL,DISTURBANCE - NOISE,U1
2026-08-05 22:17:12,1,SHOTS HEARD - IN PROGRESS,DISTURBANCE - NOISE,F3
2026-08-05 22:17:12,1,SHOTS HEARD - IN PROGRESS,DISTURBANCE - NOISE,F3
2026-08-05 22:11:51,2,"SUSPICIOUS PERSON, VEHICLE, OR INCIDENT",DISTURBANCE - NOISE RESIDENTIAL,F3
2026-08-05 22:11:09,2,HAZ - POTENTIAL THRT TO PHYS SAFETY,DISTURBANCE - OTHER,F1
2026-08-05 22:11:09,2,HAZ - POTENTIAL THRT TO PHYS SAFETY,DISTURBANCE - OTHER,F1
2026-08-05 22:11:09,2,HAZ - POTENTIAL THRT TO PHYS SAFETY,DISTURBANCE - OTHER,F1
2026-08-05 22:07:59,1,UNKNOWN - COMPLAINT OF UNKNOWN NATURE,DISTURBANCE - OTHER,J3
2026-08-05 22:07:59,1,UNKNOWN - COMPLAINT OF UNKNOWN NATURE,DISTURBANCE - OTHER,J3
2026-08-05 22:07:59,1,UNKNOWN - COMPLAINT OF UNKNOWN NATURE,DISTURBANCE - OTHER,J3
2026-08-05 22:01:28,2,TRESPASS,DISTURBANCE - OTHER,N3
2026-08-05 21:53:55,3,DISTURBANCE,SUSPICIOUS CIRCUM. - SUSPICIOUS PERSON,C2
2026-08-05 21:53:55,3,DISTURBANCE,SUSPICIOUS CIRCUM. - SUSPICIOUS PERSON,C2
2026-08-05 21:48:26,2,DISTURBANCE - DV - NO ASLT,CRISIS COMPLAINT - GENERAL,N2
2026-08-05 21:48:26,2,DISTURBANCE - DV - NO ASLT,CRISIS COMPLAINT - GENERAL,N2
2026-08-05 21:48:26,2,DISTURBANCE - DV - NO ASLT,CRISIS COMPLAINT - GENERAL,N2
2026-08-05 21:48:22,2,DISTURBANCE - DV - NO ASLT,"DV - ARGUMENTS, DISTURBANCE (NO ARREST)",E2
2026-08-05 21:48:22,2,DISTURBANCE - DV - NO ASLT,"DV - ARGUMENTS, DISTURBANCE (NO ARREST)",E2
2026-08-05 21:48:22,2,DISTURBANCE - DV - NO ASLT,"DV - ARGUMENTS, DISTURBANCE (NO ARREST)",E2
2026-08-05 21:06:58,1,DISTURBANCE - DV CRITICAL,DISTURBANCE - OTHER,N1
2026-08-05 21:06:58,1,DISTURBANCE - DV CRITICAL,DISTURBANCE - OTHER,N1
2026-08-05 20:49:14,2,ASLT - WITH OR W/O WPNS (NO SHOOTINGS),DISTURBANCE - OTHER,F2
2026-08-05 20:49:14,2,ASLT - WITH OR W/O WPNS (NO SHOOTINGS),DISTURBANCE - OTHER,F2
2026-08-05 20:37:34,2,DISTURBANCE,ASSIST PUBLIC - OTHER (NON-SPECIFIED),S1
2026-08-05 20:37:34,2,DISTURBANCE,ASSIST PUBLIC - OTHER (NON-SPECIFIED),S1
2026-08-05 20:14:01,3,DISTURBANCE,DISTURBANCE - OTHER,D1
2026-08-05 20:09:07,1,UNKNOWN - ANI/ALI - WRLS PHNS (INCL OPEN LINE),DISTURBANCE - OTHER,F2
2026-08-05 20:09:07,1,UNKNOWN - ANI/ALI - WRLS PHNS (INCL OPEN LINE),DISTURBANCE - OTHER,F2
2026-08-05 20:09:07,1,UNKNOWN - ANI/ALI - WRLS PHNS (INCL OPEN LINE),DISTURBANCE - OTHER,F2
2026-08-05 19:51:53,2,DISTURBANCE,DISTURBANCE - OTHER,M2
2026-08-05 19:51:53,2,DISTURBANCE,DISTURBANCE - OTHER,M2
2026-08-05 19:41:03,2,DISTURBANCE - DV - NO ASLT,ASSIST PUBLIC - OTHER (NON-SPECIFIED),R2
2026-08-05 19:40:23,1,UNKNOWN - ANI/ALI - LANDLINE (INCLUDES OPEN LINE),DISTURBANCE - OTHER,D1
2026-08-05 19:40:23,1,UNKNOWN - ANI/ALI - LANDLINE (INCLUDES OPEN LINE),DISTURBANCE - OTHER,D1
2026-08-05 19:40:23,1,UNKNOWN - ANI/ALI - LANDLINE (INCLUDES OPEN LINE),DISTURBANCE - OTHER,D1
2026-08-05 19:30:35,1,FIGHT - CRITICAL WITH WEAPONS,DISTURBANCE - OTHER,M3
2026-08-05 19:30:35,1,FIGHT - CRITICAL WITH WEAPONS,DISTURBANCE - OTHER,M3
2026-08-05 19:30:35,1,FIGHT - CRITICAL WITH WEAPONS,DISTURBANCE - OTHER,M3
2026-08-05 19:30:35,1,FIGHT - CRITICAL WITH WEAPONS,DISTURBANCE - OTHER,M3
2026-08-05 19:30:35,1,FIGHT - CRITICAL WITH WEAPONS,DISTURBANCE - OTHER,M3
2026-08-05 19:30:35,1,FIGHT - CRITICAL WITH WEAPONS,DISTURBANCE - OTHER,M3
2026-08-05 19:30:35,1,FIGHT - CRITICAL WITH WEAPONS,DISTURBANCE - OTHER,M3
2026-08-05 19:16:13,2,DISTURBANCE - DV - NO ASLT,DISTURBANCE - OTHER,J1
2026-08-05 19:14:27,2,DISTURBANCE,DISTURBANCE - OTHER,N3
2026-08-05 19:14:23,3,"ANIMAL - INJURED, DEAD HAZARD, OTHER","ANIMAL COMPLAINT - NOISE,STRAY,BITE",J2
2026-08-05 19:10:40,2,DISTURBANCE,DISTURBANCE - NOISE,E1
2026-08-05 18:56:49,3,HARAS - NO BIAS OR THREATS,DISTURBANCE - OTHER,S3
2026-08-05 18:29:19,2,DISTURBANCE,DISTURBANCE - NOISE,N3
2026-08-05 18:21:02,2,FIGHT - PHYSICAL (NO WEAPONS),DISTURBANCE - FIGHT,E3
2026-08-05 18:21:02,2,FIGHT - PHYSICAL (NO WEAPONS),DISTURBANCE - FIGHT,E3
2026-08-05 18:21:02,2,FIGHT - PHYSICAL (NO WEAPONS),DISTURBANCE - FIGHT,E3
2026-08-05 18:21:02,2,FIGHT - PHYSICAL (NO WEAPONS),DISTURBANCE - FIGHT,E3
2026-08-05 17:30:44,4,NOISE - GENERAL,DISTURBANCE - NOISE,E2
2026-08-05 17:25:27,2,DISTURBANCE,PROPERTY DEST (DAMG),R2
2026-08-05 17:21:45,1,DISTURBANCE - DV CRITICAL,DV - DOMESTIC VIOL/ASLT (ARREST MANDATORY),S3
2026-08-05 17:21:45,1,DISTURBANCE - DV CRITICAL,DV - DOMESTIC VIOL/ASLT (ARREST MANDATORY),S3
2026-08-05 17:21:45,1,DISTURBANCE - DV CRITICAL,DV - DOMESTIC VIOL/ASLT (ARREST MANDATORY),S3
2026-08-05 17:21:45,1,DISTURBANCE - DV CRITICAL,DV - DOMESTIC VIOL/ASLT (ARREST MANDATORY),S3
2026-08-05 17:21:45,1,DISTURBANCE - DV CRITICAL,DV - DOMESTIC VIOL/ASLT (ARREST MANDATORY),S3
2026-08-05 17:21:45,1,DISTURBANCE - DV CRITICAL,DV - DOMESTIC VIOL/ASLT (ARREST MANDATORY),S3
2026-08-05 17:21:45,1,DISTURBANCE - DV CRITICAL,DV - DOMESTIC VIOL/ASLT (ARREST MANDATORY),S3
2026-08-05 17:21:45,1,DISTURBANCE - DV CRITICAL,DV - DOMESTIC VIOL/ASLT (ARREST MANDATORY),S3
2026-08-05 17:15:42,2,DISTURBANCE,SUSPICIOUS CIRCUM. - SUSPICIOUS PERSON,O1
2026-08-05 17:07:46,2,DISTURBANCE,CRISIS COMPLAINT - GENERAL,K1
2026-08-05 17:07:46,2,DISTURBANCE,CRISIS COMPLAINT - GENERAL,K1
2026-08-05 17:07:46,2,DISTURBANCE,CRISIS COMPLAINT - GENERAL,K1
2026-08-05 17:07:46,2,DISTURBANCE,CRISIS COMPLAINT - GENERAL,K1
2026-08-05 16:56:08,3,DISTURBANCE,DISTURBANCE - OTHER,M1
2026-08-05 16:54:12,4,NOISE - GENERAL,DISTURBANCE - NOISE,O1
2026-08-05 16:46:17,2,DISTURBANCE,"ASSAULTS - HARASSMENT, THREATS",D3
2026-08-05 16:46:17,2,DISTURBANCE,"ASSAULTS - HARASSMENT, THREATS",D3
2026-08-05 16:46:17,2,DISTURBANCE,"ASSAULTS - HARASSMENT, THREATS",D3
2026-08-05 16:46:17,2,DISTURBANCE,"ASSAULTS - HARASSMENT, THREATS",D3
2026-08-05 16:46:17,2,DISTURBANCE,"ASSAULTS - HARASSMENT, THREATS",D3
2026-08-05 16:16:55,2,DISTURBANCE,SUSPICIOUS CIRCUM. - SUSPICIOUS PERSON,B3
2026-08-05 16:16:55,2,DISTURBANCE,SUSPICIOUS CIRCUM. - SUSPICIOUS PERSON,B3
2026-08-05 16:16:55,2,DISTURBANCE,SUSPICIOUS CIRCUM. - SUSPICIOUS PERSON,B3
2026-08-05 16:16:55,2,DISTURBANCE,SUSPICIOUS CIRCUM. - SUSPICIOUS PERSON,B3
2026-08-05 16:14:52,5,TRU - DISTURBANCE,DISTURBANCE - OTHER,Q1
2026-08-05 16:02:13,1,FIGHT - PHYSICAL (NO WEAPONS),DISTURBANCE - OTHER,U2
2026-08-05 16:02:13,1,FIGHT - PHYSICAL (NO WEAPONS),DISTURBANCE - OTHER,U2
2026-08-05 16:02:13,1,FIGHT - PHYSICAL (NO WEAPONS),DISTURBANCE - OTHER,U2
2026-08-05 15:57:54,1,THREATS (INCLS IN-PERSON/BY PHONE/IN WRITING),DISTURBANCE - OTHER,O1
2026-08-05 15:57:54,1,THREATS (INCLS IN-PERSON/BY PHONE/IN WRITING),DISTURBANCE - OTHER,O1
2026-08-05 15:57:54,1,THREATS (INCLS IN-PERSON/BY PHONE/IN WRITING),DISTURBANCE - OTHER,O1
2026-08-05 15:57:54,1,THREATS (INCLS IN-PERSON/BY PHONE/IN WRITING),DISTURBANCE - OTHER,O1
2026-08-05 15:45:27,2,THREATS (INCLS IN-PERSON/BY PHONE/IN WRITING),DISTURBANCE - OTHER,M3
2026-08-05 15:45:27,2,THREATS (INCLS IN-PERSON/BY PHONE/IN WRITING),DISTURBANCE - OTHER,M3
2026-08-05 15:41:58,2,DISTURBANCE,DISTURBANCE - OTHER,L3
2026-08-05 15:41:58,2,DISTURBANCE,DISTURBANCE - OTHER,L3
2026-08-05 15:41:58,2,DISTURBANCE,DISTURBANCE - OTHER,L3
2026-08-05 15:25:02,4,NOISE - GENERAL,NOISE - GENERAL,M1
2026-08-05 15:14:26,2,DISTURBANCE,SUSPICIOUS CIRCUM. - SUSPICIOUS PERSON,C3
2026-08-05 15:11:48,2,DISTURBANCE - DV - NO ASLT,DISTURBANCE - OTHER,F3
2026-08-05 15:11:48,2,DISTURBANCE - DV - NO ASLT,DISTURBANCE - OTHER,F3
2026-08-05 15:08:01,2,DISTURBANCE - DV - NO ASLT,"DV - ARGUMENTS, DISTURBANCE (NO ARREST)",J1
2026-08-05 15:08:01,2,DISTURBANCE - DV - NO ASLT,"DV - ARGUMENTS, DISTURBANCE (NO ARREST)",J1
2026-08-05 15:08:01,2,DISTURBANCE - DV - NO ASLT,"DV - ARGUMENTS, DISTURBANCE (NO ARREST)",J1
2026-08-05 14:30:52,2,DISTURBANCE,DISTURBANCE - OTHER,L1
2026-08-05 14:17:37,2,SERVICE - WELFARE CHECK,DISTURBANCE - OTHER,S2
2026-08-05 13:54:01,3,DISTURBANCE,SUSPICIOUS CIRCUM. - SUSPICIOUS PERSON,F1
2026-08-05 13:51:49,2,TRAFFIC - ROAD RAGE,DISTURBANCE - OTHER,Q3
2026-08-05 13:51:49,2,TRAFFIC - ROAD RAGE,DISTURBANCE - OTHER,Q3
2026-08-05 13:48:11,2,SEX IN PUBLIC PLACE (INCL MASTURBATION),DISTURBANCE - OTHER,J2
2026-08-05 13:37:02,2,DISTURBANCE - DV - NO ASLT,"DV - ARGUMENTS, DISTURBANCE (NO ARREST)",J1
2026-08-05 13:37:02,2,DISTURBANCE - DV - NO ASLT,"DV - ARGUMENTS, DISTURBANCE (NO ARREST)",J1
2026-08-05 13:37:02,2,DISTURBANCE - DV - NO ASLT,"DV - ARGUMENTS, DISTURBANCE (NO ARREST)",J1
2026-08-05 13:37:02,2,DISTURBANCE - DV - NO ASLT,"DV - ARGUMENTS, DISTURBANCE (NO ARREST)",J1
2026-08-05 13:37:02,2,DISTURBANCE - DV - NO ASLT,"DV - ARGUMENTS, DISTURBANCE (NO ARREST)",J1
2026-08-05 13:28:34,2,DISTURBANCE,"ASSAULTS, OTHER",N1
2026-08-05 13:28:34,2,DISTURBANCE,"ASSAULTS, OTHER",N1
2026-08-05 13:28:34,2,DISTURBANCE,"ASSAULTS, OTHER",N1
2026-08-05 13:28:34,2,DISTURBANCE,"ASSAULTS, OTHER",N1
2026-08-05 13:28:34,2,DISTURBANCE,"ASSAULTS, OTHER",N1
2026-08-05 13:28:34,2,DISTURBANCE,"ASSAULTS, OTHER",N1
2026-08-05 13:28:34,2,DISTURBANCE,"ASSAULTS, OTHER",N1
2026-08-05 13:28:34,2,DISTURBANCE,"ASSAULTS, OTHER",N1
2026-08-05 13:28:34,2,DISTURBANCE,"ASSAULTS, OTHER",N1
2026-08-05 13:28:34,2,DISTURBANCE,"ASSAULTS, OTHER",N1
2026-08-05 13:13:54,2,DISTURBANCE,DISTURBANCE - OTHER,E1
2026-08-05 13:06:42,3,THEFT (DOES NOT INCLUDE SHOPLIFT OR SVCS),"DV - ARGUMENTS, DISTURBANCE (NO ARREST)",S3
2026-08-05 13:02:53,2,DISTURBANCE,DISTURBANCE - NOISE RESIDENTIAL,E2
2026-08-05 12:59:24,1,ASLT - DV CRITICAL,"DV - ARGUMENTS, DISTURBANCE (NO ARREST)",N2
2026-08-05 12:59:24,1,ASLT - DV CRITICAL,"DV - ARGUMENTS, DISTURBANCE (NO ARREST)",N2
2026-08-05 12:59:24,1,ASLT - DV CRITICAL,"DV - ARGUMENTS, DISTURBANCE (NO ARREST)",N2
2026-08-05 12:59:24,1,ASLT - DV CRITICAL,"DV - ARGUMENTS, DISTURBANCE (NO ARREST)",N2
2026-08-05 12:39:48,2,DISTURBANCE,ASSIST PUBLIC - OTHER (NON-SPECIFIED),U2
2026-08-05 12:36:27,2,THREATS (INCLS IN-PERSON/BY PHONE/IN WRITING),DISTURBANCE - OTHER,S3
2026-08-05 12:31:22,2,"LEWD -  (EXPOSING, FLASHING)",DISTURBANCE - OTHER,O1
2026-08-05 12:31:22,2,"LEWD -  (EXPOSING, FLASHING)",DISTURBANCE - OTHER,O1
2026-08-05 12:28:09,2,DISTURBANCE,DISTURBANCE - OTHER,F2
2026-08-05 12:28:09,2,DISTURBANCE,DISTURBANCE - OTHER,F2
2026-08-05 12:28:09,2,DISTURBANCE,DISTURBANCE - OTHER,F2
2026-08-05 12:24:56,2,DISTURBANCE,DISTURBANCE - OTHER,R3
2026-08-05 12:24:56,2,DISTURBANCE,DISTURBANCE - OTHER,R3
2026-08-05 12:23:52,3,DEMONSTRATIONS,DISTURBANCE - OTHER,K2
2026-08-05 12:21:12,2,TRAFFIC - ROAD RAGE,DISTURBANCE - OTHER,O2
2026-08-05 12:21:12,2,TRAFFIC - ROAD RAGE,DISTURBANCE - OTHER,O2
2026-08-05 12:18:10,1,DISTURBANCE,"ASSAULTS - HARASSMENT, THREATS",K2
2026-08-05 12:18:10,1,DISTURBANCE,"ASSAULTS - HARASSMENT, THREATS",K2
2026-08-05 12:18:10,1,DISTURBANCE,"ASSAULTS - HARASSMENT, THREATS",K2
2026-08-05 12:18:10,1,DISTURBANCE,"ASSAULTS - HARASSMENT, THREATS",K2
2026-08-05 12:11:10,4,NOISE - GENERAL,DISTURBANCE - OTHER,F1
2026-08-05 11:50:31,2,TRESPASS,DISTURBANCE - OTHER,U2
2026-08-05 11:34:14,4,NOISE - GENERAL,DISTURBANCE - NOISE,K3
2026-08-05 11:02:33,2,HAZ - POTENTIAL THRT TO PHYS SAFETY,DISTURBANCE - OTHER,D1
2026-08-05 10:47:06,1,DISTURBANCE - DV CRITICAL,DISTURBANCE - OTHER,Q2
2026-08-05 10:47:06,1,DISTURBANCE - DV CRITICAL,DISTURBANCE - OTHER,Q2
2026-08-05 10:07:37,2,DISTURBANCE,WARRANT SERVICES - MISDEMEANOR,U2
2026-08-05 10:07:37,2,DISTURBANCE,WARRANT SERVICES - MISDEMEANOR,U2
2026-08-05 10:07:37,2,DISTURBANCE,WARRANT SERVICES - MISDEMEANOR,U2
2026-08-05 10:07:37,2,DISTURBANCE,WARRANT SERVICES - MISDEMEANOR,U2
2026-08-05 10:07:37,2,DISTURBANCE,WARRANT SERVICES - MISDEMEANOR,U2
2026-08-05 10:07:36,2,DISTURBANCE,PROWLER - TRESPASS,L3
2026-08-05 10:03:02,3,DISTURBANCE,DISTURBANCE - OTHER,C1
2026-08-05 09:48:16,2,DISTURBANCE,DISTURBANCE - OTHER,C3
2026-08-05 09:48:16,2,DISTURBANCE,DISTURBANCE - OTHER,C3
2026-08-05 09:33:46,5,TRU - DISTURBANCE,DISTURBANCE - OTHER,U1
2026-08-05 09:23:13,2,DISTURBANCE,DISTURBANCE - OTHER,N3
2026-08-05 09:23:13,2,DISTURBANCE,DISTURBANCE - OTHER,N3
2026-08-05 09:23:13,2,DISTURBANCE,DISTURBANCE - OTHER,N3
2026-08-05 09:21:11,2,DISTURBANCE,DISTURBANCE - OTHER,J2
2026-08-05 09:20:53,2,DISTURBANCE,PROWLER - TRESPASS,J3
2026-08-05 09:20:53,2,DISTURBANCE,PROWLER - TRESPASS,J3
2026-08-05 09:04:24,1,DISTURBANCE,ASSIST PUBLIC - OTHER (NON-SPECIFIED),L2
2026-08-05 09:04:24,1,DISTURBANCE,ASSIST PUBLIC - OTHER (NON-SPECIFIED),L2
2026-08-05 09:04:24,1,DISTURBANCE,ASSIST PUBLIC - OTHER (NON-SPECIFIED),L2
2026-08-05 09:04:24,1,DISTURBANCE,ASSIST PUBLIC - OTHER (NON-SPECIFIED),L2
2026-08-05 09:04:24,1,DISTURBANCE,ASSIST PUBLIC - OTHER (NON-SPECIFIED),L2
2026-08-05 08:39:31,1,"CHILD - CRITICAL ABAND, ABUSE, MOLEST, NEGLECT",DISTURBANCE - OTHER,S2
2026-08-05 08:39:31,1,"CHILD - CRITICAL ABAND, ABUSE, MOLEST, NEGLECT",DISTURBANCE - OTHER,S2
2026-08-05 08:39:31,1,"CHILD - CRITICAL ABAND, ABUSE, MOLEST, NEGLECT",DISTURBANCE - OTHER,S2
2026-08-05 08:15:49,1,"WEAPN - GUN,DEADLY WPN (NO THRTS/ASLT/DIST)",DISTURBANCE - OTHER,K3
2026-08-05 08:15:49,1,"WEAPN - GUN,DEADLY WPN (NO THRTS/ASLT/DIST)",DISTURBANCE - OTHER,K3
2026-08-05 07:59:45,2,DISTURBANCE,DISTURBANCE - OTHER,G1
2026-08-05 07:59:45,2,DISTURBANCE,DISTURBANCE - OTHER,G1
2026-08-05 07:56:11,2,DISTURBANCE,DISTURBANCE - OTHER,K3
2026-08-05 07:54:20,2,DISTURBANCE,SUSPICIOUS CIRCUM. - SUSPICIOUS PERSON,O1
2026-08-05 07:46:01,2,DISTURBANCE,"DV - ARGUMENTS, DISTURBANCE (NO ARREST)",W1
2026-08-05 07:46:01,2,DISTURBANCE,"DV - ARGUMENTS, DISTURBANCE (NO ARREST)",W1
2026-08-05 07:46:01,2,DISTURBANCE,"DV - ARGUMENTS, DISTURBANCE (NO ARREST)",W1
2026-08-05 07:31:00,2,DISTURBANCE,CRISIS COMPLAINT - GENERAL,C2
2026-08-05 07:21:18,2,DISTURBANCE,DISTURBANCE - OTHER,E3
2026-08-05 07:21:18,2,DISTURBANCE,DISTURBANCE - OTHER,E3
2026-08-05 07:12:04,2,DISTURBANCE,DISTURBANCE - OTHER,C3
2026-08-05 07:12:04,2,DISTURBANCE,DISTURBANCE - OTHER,C3
2026-08-05 07:09:39,4,NOISE - GENERAL,DISTURBANCE - OTHER,E2
2026-08-05 07:09:39,4,NOISE - GENERAL,DISTURBANCE - OTHER,E2
2026-08-05 07:09:39,4,NOISE - GENERAL,DISTURBANCE - OTHER,E2
2026-08-05 07:07:40,4,NOISE - GENERAL,DISTURBANCE - NOISE RESIDENTIAL,B1
2026-08-05 06:50:31,1,ASLT - CRITICAL (NO SHOOTINGS),DISTURBANCE - FIGHT,N3
2026-08-05 06:50:31,1,ASLT - CRITICAL (NO SHOOTINGS),DISTURBANCE - FIGHT,N3
2026-08-05 06:48:56,2,DISTURBANCE,HAZARDS - HAZARDS,D1
2026-08-05 06:48:56,2,DISTURBANCE,HAZARDS - HAZARDS,D1
2026-08-05 06:15:30,3,DISTURBANCE,"ASSAULTS, OTHER",F1
2026-08-05 06:15:30,3,DISTURBANCE,"ASSAULTS, OTHER",F1
2026-08-05 06:15:30,3,DISTURBANCE,"ASSAULTS, OTHER",F1
2026-08-05 05:20:52,2,"SUSPICIOUS PERSON, VEHICLE, OR INCIDENT",DISTURBANCE - OTHER,L1
2026-08-05 05:20:52,2,"SUSPICIOUS PERSON, VEHICLE, OR INCIDENT",DISTURBANCE - OTHER,L1
2026-08-05 04:05:36,2,DISTURBANCE - DV - NO ASLT,"ASSAULTS, OTHER",D1
2026-08-05 04:05:36,2,DISTURBANCE - DV - NO ASLT,"ASSAULTS, OTHER",D1
2026-08-05 04:05:36,2,DISTURBANCE - DV - NO ASLT,"ASSAULTS, OTHER",D1
2026-08-05 04:05:36,2,DISTURBANCE - DV - NO ASLT,"ASSAULTS, OTHER",D1
2026-08-05 03:50:22,4,NOISE - GENERAL,DISTURBANCE - NOISE,L3
2026-08-05 03:25:56,2,PROPERTY - DAMAGE,DISTURBANCE - OTHER,U1
2026-08-05 03:25:56,2,PROPERTY - DAMAGE,DISTURBANCE - OTHER,U1
2026-08-05 03:25:56,2,PROPERTY - DAMAGE,DISTURBANCE - OTHER,U1
2026-08-05 03:25:56,2,PROPERTY - DAMAGE,DISTURBANCE - OTHER,U1
2026-08-05 03:25:56,2,PROPERTY - DAMAGE,DISTURBANCE - OTHER,U1
2026-08-05 03:07:24,2,DISTURBANCE,DISTURBANCE - OTHER,U1
2026-08-05 03:07:24,2,DISTURBANCE,DISTURBANCE - OTHER,U1
2026-08-05 03:07:24,2,DISTURBANCE,DISTURBANCE - OTHER,U1
2026-08-05 03:07:24,2,DISTURBANCE,DISTURBANCE - OTHER,U1
2026-08-05 03:06:21,2,ASLT - DV,"DV - ARGUMENTS, DISTURBANCE (NO ARREST)",L3
2026-08-05 03:06:21,2,ASLT - DV,"DV - ARGUMENTS, DISTURBANCE (NO ARREST)",L3
2026-08-05 03:06:21,2,ASLT - DV,"DV - ARGUMENTS, DISTURBANCE (NO ARREST)",L3
2026-08-05 03:06:21,2,ASLT - DV,"DV - ARGUMENTS, DISTURBANCE (NO ARREST)",L3
2026-08-05 02:54:37,2,DISTURBANCE,DISTURBANCE - OTHER,G3
2026-08-05 02:34:36,4,NOISE - GENERAL,DISTURBANCE - NOISE,D1
2026-08-05 02:33:48,3,DISTURBANCE,DISTURBANCE - OTHER,E2
2026-08-05 02:33:48,3,DISTURBANCE,DISTURBANCE - OTHER,E2
2026-08-05 02:33:48,3,DISTURBANCE,DISTURBANCE - OTHER,E2
2026-08-05 02:26:28,2,TRESPASS,DISTURBANCE - OTHER,U2
2026-08-05 02:26:28,2,TRESPASS,DISTURBANCE - OTHER,U2
2026-08-05 02:26:28,2,TRESPASS,DISTURBANCE - OTHER,U2
2026-08-05 02:26:28,2,TRESPASS,DISTURBANCE - OTHER,U2
2026-08-05 01:15:14,2,"SUSPICIOUS PERSON, VEHICLE, OR INCIDENT",DISTURBANCE - NOISE,W2
2026-08-05 01:15:14,2,"SUSPICIOUS PERSON, VEHICLE, OR INCIDENT",DISTURBANCE - NOISE,W2
2026-08-05 01:15:14,2,"SUSPICIOUS PERSON, VEHICLE, OR INCIDENT",DISTURBANCE - NOISE,W2
2026-08-05 01:10:31,4,NOISE - GENERAL,DISTURBANCE - NOISE RESIDENTIAL,B1
2026-08-05 01:10:31,4,NOISE - GENERAL,DISTURBANCE - NOISE RESIDENTIAL,B1
2026-08-05 01:01:28,1,UNKNOWN - COMPLAINT OF UNKNOWN NATURE,DISTURBANCE - OTHER,U1
2026-08-05 00:35:50,2,DISTURBANCE,SUSPICIOUS CIRCUM. - SUSPICIOUS PERSON,M1
2026-08-05 00:33:55,1,SHOTS HEARD - IN PROGRESS,DISTURBANCE - NOISE,C3
2026-08-05 00:33:55,1,SHOTS HEARD - IN PROGRESS,DISTURBANCE - NOISE,C3
2026-08-05 00:23:52,2,DISTURBANCE,ASSIST PUBLIC - OTHER (NON-SPECIFIED),N3
2026-08-05 00:23:52,2,DISTURBANCE,ASSIST PUBLIC - OTHER (NON-SPECIFIED),N3
2026-08-05 00:12:43,4,NOISE - GENERAL,DISTURBANCE - NOISE RESIDENTIAL,L1
2026-08-05 00:09:45,3,"ANIMAL - INJURED, DEAD HAZARD, OTHER","ANIMAL COMPLAINT - NOISE,STRAY,BITE",B3
2026-08-05 00:03:07,1,DISTURBANCE - DV CRITICAL,DV - DOMESTIC VIOLENCE (ARREST DISCRETIONARY),F1
2026-08-05 00:03:07,1,DISTURBANCE - DV CRITICAL,DV - DOMESTIC VIOLENCE (ARREST DISCRETIONARY),F1
2026-08-05 00:03:07,1,DISTURBANCE - DV CRITICAL,DV - DOMESTIC VIOLENCE (ARREST DISCRETIONARY),F1
2026-08-05 00:01:36,1,UNKNOWN - COMPLAINT OF UNKNOWN NATURE,"DV - ARGUMENTS, DISTURBANCE (NO ARREST)",E1
2026-08-05 00:01:36,1,UNKNOWN - COMPLAINT OF UNKNOWN NATURE,"DV - ARGUMENTS, DISTURBANCE (NO ARREST)",E1
2026-08-04 23:51:12,1,DISTURBANCE,CRISIS COMPLAINT - GENERAL,U2
2026-08-04 23:51:12,1,DISTURBANCE,CRISIS COMPLAINT - GENERAL,U2
2026-08-04 23:51:12,1,DISTURBANCE,CRISIS COMPLAINT - GENERAL,U2
2026-08-04 23:49:04,1,DISTURBANCE - DV CRITICAL,"ASSAULTS, OTHER",S2
2026-08-04 23:49:04,1,DISTURBANCE - DV CRITICAL,"ASSAULTS, OTHER",S2
2026-08-04 23:49:04,1,DISTURBANCE - DV CRITICAL,"ASSAULTS, OTHER",S2
2026-08-04 23:49:04,1,DISTURBANCE - DV CRITICAL,"ASSAULTS, OTHER",S2
2026-08-04 23:49:04,1,DISTURBANCE - DV CRITICAL,"ASSAULTS, OTHER",S2
2026-08-04 23:49:04,1,DISTURBANCE - DV CRITICAL,"ASSAULTS, OTHER",S2
2026-08-04 23:37:13,4,NOISE - GENERAL,DISTURBANCE - NOISE,D2
2026-08-04 23:36:04,2,DISTURBANCE,DISTURBANCE - OTHER,U3
2026-08-04 23:36:04,2,DISTURBANCE,DISTURBANCE - OTHER,U3
2026-08-04 23:35:33,1,DISTURBANCE - DV CRITICAL,SUSPICIOUS CIRCUM. - SUSPICIOUS PERSON,U2
2026-08-04 23:35:33,1,DISTURBANCE - DV CRITICAL,SUSPICIOUS CIRCUM. - SUSPICIOUS PERSON,U2
2026-08-04 23:35:33,1,DISTURBANCE - DV CRITICAL,SUSPICIOUS CIRCUM. - SUSPICIOUS PERSON,U2
2026-08-04 23:28:10,3,DISTURBANCE,DISTURBANCE - OTHER,Q3
2026-08-04 23:19:06,2,DISTURBANCE,DISTURBANCE - OTHER,E1
2026-08-04 23:16:22,2,DISTURBANCE,SUSPICIOUS CIRCUM. - SUSPICIOUS PERSON,W3
2026-08-04 23:16:22,2,DISTURBANCE,SUSPICIOUS CIRCUM. - SUSPICIOUS PERSON,W3
2026-08-04 23:16:22,2,DISTURBANCE,SUSPICIOUS CIRCUM. - SUSPICIOUS PERSON,W3
2026-08-04 22:41:25,2,DISTURBANCE,"SUSPICIOUS PERSON, VEHICLE, OR INCIDENT",R2
2026-08-04 22:41:25,2,DISTURBANCE,"SUSPICIOUS PERSON, VEHICLE, OR INCIDENT",R2
2026-08-04 22:41:25,2,DISTURBANCE,"SUSPICIOUS PERSON, VEHICLE, OR INCIDENT",R2
2026-08-04 22:41:25,2,DISTURBANCE,"SUSPICIOUS PERSON, VEHICLE, OR INCIDENT",R2
2026-08-04 22:33:15,1,DISTURBANCE - DV CRITICAL,DISTURBANCE - OTHER,N3
2026-08-04 22:33:15,1,DISTURBANCE - DV CRITICAL,DISTURBANCE - OTHER,N3
2026-08-04 22:33:15,1,DISTURBANCE - DV CRITICAL,DISTURBANCE - OTHER,N3
2026-08-04 22:17:44,2,DISTURBANCE - DV - NO ASLT,DV - SERVICE OF COURT ORDER,C1
2026-08-04 22:17:44,2,DISTURBANCE - DV - NO ASLT,DV - SERVICE OF COURT ORDER,C1
2026-08-04 22:17:44,2,DISTURBANCE - DV - NO ASLT,DV - SERVICE OF COURT ORDER,C1
2026-08-04 22:10:26,2,DISTURBANCE,DISTURBANCE - OTHER,L1
2026-08-04 22:10:26,2,DISTURBANCE,DISTURBANCE - OTHER,L1
2026-08-04 22:07:51,2,DISTURBANCE,DISTURBANCE - NOISE RESIDENTIAL,L2
2026-08-04 21:54:51,2,DISTURBANCE,DISTURBANCE - OTHER,B1
2026-08-04 21:54:51,2,DISTURBANCE,DISTURBANCE - OTHER,B1
2026-08-04 21:51:12,2,DISTURBANCE - DV - NO ASLT,"DV - ARGUMENTS, DISTURBANCE (NO ARREST)",S3
2026-08-04 21:51:12,2,DISTURBANCE - DV - NO ASLT,"DV - ARGUMENTS, DISTURBANCE (NO ARREST)",S3
2026-08-04 21:51:12,2,DISTURBANCE - DV - NO ASLT,"DV - ARGUMENTS, DISTURBANCE (NO ARREST)",S3
2026-08-04 21:30:29,3,DISTURBANCE,DISTURBANCE - OTHER,S3
2026-08-04 21:30:29,3,DISTURBANCE,DISTURBANCE - OTHER,S3
2026-08-04 21:22:10,2,DISTURBANCE - DV - NO ASLT,DISTURBANCE - OTHER,L3
2026-08-04 21:22:10,2,DISTURBANCE - DV - NO ASLT,DISTURBANCE - OTHER,L3
2026-08-04 21:22:10,2,DISTURBANCE - DV - NO ASLT,DISTURBANCE - OTHER,L3
2026-08-04 21:13:25,1,DISTURBANCE,"DV - ARGUMENTS, DISTURBANCE (NO ARREST)",U2
2026-08-04 21:13:25,1,DISTURBANCE,"DV - ARGUMENTS, DISTURBANCE (NO ARREST)",U2
2026-08-04 21:13:25,1,DISTURBANCE,"DV - ARGUMENTS, DISTURBANCE (NO ARREST)",U2
2026-08-04 21:13:25,1,DISTURBANCE,"DV - ARGUMENTS, DISTURBANCE (NO ARREST)",U2
2026-08-04 21:13:25,1,DISTURBANCE,"DV - ARGUMENTS, DISTURBANCE (NO ARREST)",U2
2026-08-04 21:00:27,2,DISTURBANCE - DV - NO ASLT,DISTURBANCE - OTHER,F1
2026-08-04 20:55:31,1,UNKNOWN - ANI/ALI - WRLS PHNS (INCL OPEN LINE),DISTURBANCE - OTHER,E3
2026-08-04 20:47:34,1,UNKNOWN - COMPLAINT OF UNKNOWN NATURE,DISTURBANCE - OTHER,G3
2026-08-04 20:47:34,1,UNKNOWN - COMPLAINT OF UNKNOWN NATURE,DISTURBANCE - OTHER,G3
2026-08-04 20:47:34,1,UNKNOWN - COMPLAINT OF UNKNOWN NATURE,DISTURBANCE - OTHER,G3
2026-08-04 20:43:48,1,ASLT - CRITICAL (NO SHOOTINGS),DISTURBANCE - FIGHT,C3
2026-08-04 20:43:48,1,ASLT - CRITICAL (NO SHOOTINGS),DISTURBANCE - FIGHT,C3
2026-08-04 20:43:48,1,ASLT - CRITICAL (NO SHOOTINGS),DISTURBANCE - FIGHT,C3
2026-08-04 20:40:36,3,DISTURBANCE,DISTURBANCE - OTHER,N1
2026-08-04 20:27:28,1,UNKNOWN - ANI/ALI - WRLS PHNS (INCL OPEN LINE),DISTURBANCE - OTHER,E3
2026-08-04 20:27:28,1,UNKNOWN - ANI/ALI - WRLS PHNS (INCL OPEN LINE),DISTURBANCE - OTHER,E3
2026-08-04 20:27:28,1,UNKNOWN - ANI/ALI - WRLS PHNS (INCL OPEN LINE),DISTURBANCE - OTHER,E3
2026-08-04 20:23:27,2,"SUSPICIOUS PERSON, VEHICLE, OR INCIDENT",DISTURBANCE - OTHER,Q2
2026-08-04 20:23:27,2,"SUSPICIOUS PERSON, VEHICLE, OR INCIDENT",DISTURBANCE - OTHER,Q2
2026-08-04 20:19:46,2,"NARCOTICS - VIOLATIONS (LOITER, USE, SELL, NARS)",DISTURBANCE - OTHER,Q3
2026-08-04 20:19:46,2,"NARCOTICS - VIOLATIONS (LOITER, USE, SELL, NARS)",DISTURBANCE - OTHER,Q3
2026-08-04 20:18:04,2,"SUSPICIOUS PERSON, VEHICLE, OR INCIDENT",DISTURBANCE - OTHER,U1
2026-08-04 20:18:04,2,"SUSPICIOUS PERSON, VEHICLE, OR INCIDENT",DISTURBANCE - OTHER,U1
2026-08-04 20:18:04,2,"SUSPICIOUS PERSON, VEHICLE, OR INCIDENT",DISTURBANCE - OTHER,U1
2026-08-04 20:18:04,2,"SUSPICIOUS PERSON, VEHICLE, OR INCIDENT",DISTURBANCE - OTHER,U1
2026-08-04 20:13:10,2,HAZ - POTENTIAL THRT TO PHYS SAFETY,DISTURBANCE - OTHER,J1
2026-08-04 20:13:10,2,HAZ - POTENTIAL THRT TO PHYS SAFETY,DISTURBANCE - OTHER,J1
2026-08-04 20:03:40,2,DISTURBANCE,DISTURBANCE - OTHER,N3
2026-08-04 20:01:51,2,DISTURBANCE - DV - NO ASLT,"DV - ARGUMENTS, DISTURBANCE (NO ARREST)",D3
2026-08-04 20:01:51,2,DISTURBANCE - DV - NO ASLT,"DV - ARGUMENTS, DISTURBANCE (NO ARREST)",D3
2026-08-04 19:47:37,2,DISTURBANCE,DISTURBANCE - OTHER,Q2
2026-08-04 19:30:13,3,ASSIST PUBLIC - NO WELFARE CHK OR DV ORDER SERVICE,"DV - ARGUMENTS, DISTURBANCE (NO ARREST)",S1
2026-08-04 19:24:36,2,DISTURBANCE - DV - NO ASLT,DISTURBANCE - OTHER,Q1
2026-08-04 19:13:13,1,DISTURBANCE - DV CRITICAL,DISTURBANCE - OTHER,F3
2026-08-04 19:13:13,1,DISTURBANCE - DV CRITICAL,DISTURBANCE - OTHER,F3
2026-08-04 18:55:28,2,DISTURBANCE,DISTURBANCE - OTHER,B1
2026-08-04 18:55:28,2,DISTURBANCE,DISTURBANCE - OTHER,B1
2026-08-04 18:55:28,2,DISTURBANCE,DISTURBANCE - OTHER,B1
2026-08-04 18:46:54,1,DISTURBANCE,CRISIS COMPLAINT - GENERAL,O2
2026-08-04 18:46:54,1,DISTURBANCE,CRISIS COMPLAINT - GENERAL,O2
2026-08-04 18:46:54,1,DISTURBANCE,CRISIS COMPLAINT - GENERAL,O2
2026-08-04 18:46:54,1,DISTURBANCE,CRISIS COMPLAINT - GENERAL,O2
2026-08-04 18:46:54,1,DISTURBANCE,CRISIS COMPLAINT - GENERAL,O2
2026-08-04 18:46:54,1,DISTURBANCE,CRISIS COMPLAINT - GENERAL,O2
2026-08-04 18:46:54,1,DISTURBANCE,CRISIS COMPLAINT - GENERAL,O2
2026-08-04 18:40:54,2,DISTURBANCE,"ASSAULTS - HARASSMENT, THREATS",B2
2026-08-04 18:40:54,2,DISTURBANCE,"ASSAULTS - HARASSMENT, THREATS",B2
2026-08-04 18:38:42,2,DISTURBANCE,DISTURBANCE - OTHER,L3
2026-08-04 18:38:42,2,DISTURBANCE,DISTURBANCE - OTHER,L3
2026-08-04 18:29:59,5,TRU - DISTURBANCE,DISTURBANCE - OTHER,M3
2026-08-04 18:28:09,2,ASLT - WITH OR W/O WPNS (NO SHOOTINGS),DISTURBANCE - OTHER,B3
2026-08-04 18:09:51,3,NUISANCE,DISTURBANCE - OTHER,K3
2026-08-04 18:07:24,3,HARAS - NO BIAS OR THREATS,"DV - ARGUMENTS, DISTURBANCE (NO ARREST)",Q1
2026-08-04 18:07:24,3,HARAS - NO BIAS OR THREATS,"DV - ARGUMENTS, DISTURBANCE (NO ARREST)",Q1
2026-08-04 18:04:52,3,"NARCOTICS - VIOLATIONS (LOITER, USE, SELL, NARS)",DISTURBANCE - OTHER,K3
2026-08-04 17:59:03,1,DISTURBANCE - DV CRITICAL,DISTURBANCE - DV - NO ASLT,W3
2026-08-04 17:59:03,1,DISTURBANCE - DV CRITICAL,DISTURBANCE - DV - NO ASLT,W3
2026-08-04 17:59:03,1,DISTURBANCE - DV CRITICAL,DISTURBANCE - DV - NO ASLT,W3
2026-08-04 17:59:03,1,DISTURBANCE - DV CRITICAL,DISTURBANCE - DV - NO ASLT,W3
2026-08-04 17:38:52,2,DISTURBANCE,"ANIMAL COMPLAINT - INJURED,DEAD,DANGEROUS",R2
2026-08-04 17:37:57,2,DISTURBANCE - DV - NO ASLT,"DV - ARGUMENTS, DISTURBANCE (NO ARREST)",N3
2026-08-04 17:37:57,2,DISTURBANCE - DV - NO ASLT,"DV - ARGUMENTS, DISTURBANCE (NO ARREST)",N3
2026-08-04 17:23:07,2,DISTURBANCE,DISTURBANCE - OTHER,M2
2026-08-04 16:38:29,2,DISTURBANCE,DISTURBANCE - OTHER,D2
2026-08-04 16:36:10,2,"WEAPN - GUN,DEADLY WPN (NO THRTS/ASLT/DIST)",DISTURBANCE - OTHER,K1
2026-08-04 16:27:56,3,ASSIST PUBLIC - NO WELFARE CHK OR DV ORDER SERVICE,DISTURBANCE - OTHER,D2
2026-08-04 16:27:56,3,ASSIST PUBLIC - NO WELFARE CHK OR DV ORDER SERVICE,DISTURBANCE - OTHER,D2
2026-08-04 16:22:30,3,ASLT - WITH OR W/O WPNS (NO SHOOTINGS),DISTURBANCE - FIGHT,S3
2026-08-04 16:22:30,3,ASLT - WITH OR W/O WPNS (NO SHOOTINGS),DISTURBANCE - FIGHT,S3
2026-08-04 16:20:49,2,DISTURBANCE,ASSIST PUBLIC - OTHER (NON-SPECIFIED),S1
2026-08-04 16:20:49,2,DISTURBANCE,ASSIST PUBLIC - OTHER (NON-SPECIFIED),S1
2026-08-04 16:20:29,2,FIGHT - PHYSICAL (NO WEAPONS),DISTURBANCE - FIGHT,C3
2026-08-04 16:20:29,2,FIGHT - PHYSICAL (NO WEAPONS),DISTURBANCE - FIGHT,C3
2026-08-04 16:20:29,2,FIGHT - PHYSICAL (NO WEAPONS),DISTURBANCE - FIGHT,C3
2026-08-04 16:19:56,1,ASLT - DV CRITICAL,DISTURBANCE - OTHER,D2
2026-08-04 16:19:56,1,ASLT - DV CRITICAL,DISTURBANCE - OTHER,D2
2026-08-04 16:19:56,1,ASLT - DV CRITICAL,DISTURBANCE - OTHER,D2
2026-08-04 16:19:56,1,ASLT - DV CRITICAL,DISTURBANCE - OTHER,D2
2026-08-04 15:57:26,5,TRU - DISTURBANCE,DISTURBANCE - OTHER,J2
2026-08-04 15:57:08,1,"MISSING - (ALZHEIMER, ENDANGERED, ELDERLY)",DISTURBANCE - OTHER,M1
2026-08-04 15:57:08,1,"MISSING - (ALZHEIMER, ENDANGERED, ELDERLY)",DISTURBANCE - OTHER,M1
2026-08-04 15:57:08,1,"MISSING - (ALZHEIMER, ENDANGERED, ELDERLY)",DISTURBANCE - OTHER,M1
2026-08-04 15:57:08,1,"MISSING - (ALZHEIMER, ENDANGERED, ELDERLY)",DISTURBANCE - OTHER,M1
2026-08-04 15:57:08,1,"MISSING - (ALZHEIMER, ENDANGERED, ELDERLY)",DISTURBANCE - OTHER,M1
2026-08-04 15:57:08,1,"MISSING - (ALZHEIMER, ENDANGERED, ELDERLY)",DISTURBANCE - OTHER,M1
2026-08-04 15:57:08,1,"MISSING - (ALZHEIMER, ENDANGERED, ELDERLY)",DISTURBANCE - OTHER,M1
2026-08-04 15:56:22,4,NOISE - GENERAL,DISTURBANCE - NOISE,W3
2026-08-04 15:53:38,2,DISTURBANCE,CRISIS COMPLAINT - GENERAL,B2
2026-08-04 15:53:38,2,DISTURBANCE,CRISIS COMPLAINT - GENERAL,B2
2026-08-04 15:53:32,2,DISTURBANCE,SUSPICIOUS CIRCUM. - SUSPICIOUS PERSON,F3
2026-08-04 15:53:32,2,DISTURBANCE,SUSPICIOUS CIRCUM. - SUSPICIOUS PERSON,F3
2026-08-04 15:53:32,2,DISTURBANCE,SUSPICIOUS CIRCUM. - SUSPICIOUS PERSON,F3
2026-08-04 15:38:47,2,DISTURBANCE,DISTURBANCE - OTHER,S2
2026-08-04 15:33:43,1,DISTURBANCE - DV CRITICAL,DV - ENFORCE COURT ORDER (ARREST MANDATED),W2
2026-08-04 15:33:43,1,DISTURBANCE - DV CRITICAL,DV - ENFORCE COURT ORDER (ARREST MANDATED),W2
2026-08-04 15:33:43,1,DISTURBANCE - DV CRITICAL,DV - ENFORCE COURT ORDER (ARREST MANDATED),W2
2026-08-04 15:04:15,2,DISTURBANCE - DV - NO ASLT,"DV - ARGUMENTS, DISTURBANCE (NO ARREST)",S3
2026-08-04 15:04:15,2,DISTURBANCE - DV - NO ASLT,"DV - ARGUMENTS, DISTURBANCE (NO ARREST)",S3
2026-08-04 15:02:38,2,DISTURBANCE - DV - NO ASLT,"DV - ARGUMENTS, DISTURBANCE (NO ARREST)",N2
2026-08-04 15:02:38,2,DISTURBANCE - DV - NO ASLT,"DV - ARGUMENTS, DISTURBANCE (NO ARREST)",N2
2026-08-04 15:02:38,2,DISTURBANCE - DV - NO ASLT,"DV - ARGUMENTS, DISTURBANCE (NO ARREST)",N2
2026-08-04 15:02:38,2,DISTURBANCE - DV - NO ASLT,"DV - ARGUMENTS, DISTURBANCE (NO ARREST)",N2
2026-08-04 15:02:38,2,DISTURBANCE - DV - NO ASLT,"DV - ARGUMENTS, DISTURBANCE (NO ARREST)",N2
2026-08-04 15:02:38,2,DISTURBANCE - DV - NO ASLT,"DV - ARGUMENTS, DISTURBANCE (NO ARREST)",N2
2026-08-04 14:53:20,2,DISTURBANCE,DISTURBANCE - OTHER,Q1
2026-08-04 14:41:51,2,ORDER - VIOLATING DV COURT ORDER,"DV - ARGUMENTS, DISTURBANCE (NO ARREST)",E3
2026-08-04 14:41:51,2,ORDER - VIOLATING DV COURT ORDER,"DV - ARGUMENTS, DISTURBANCE (NO ARREST)",E3
2026-08-04 14:34:45,3,HARAS - NO BIAS OR THREATS,DISTURBANCE - OTHER,L3
2026-08-04 14:34:45,3,HARAS - NO BIAS OR THREATS,DISTURBANCE - OTHER,L3
2026-08-04 14:25:22,3,ORDER - VIOLATION OF COURT ORDER (NON DV),DISTURBANCE - OTHER,J2
2026-08-04 14:25:22,3,ORDER - VIOLATION OF COURT ORDER (NON DV),DISTURBANCE - OTHER,J2
2026-08-04 14:24:10,2,DISTURBANCE,MISCHIEF OR NUISANCE - GENERAL,G2
2026-08-04 14:20:39,2,DISTURBANCE,DISTURBANCE - OTHER,M3
2026-08-04 14:20:39,2,DISTURBANCE,DISTURBANCE - OTHER,M3
2026-08-04 14:18:39,2,DISTURBANCE,"ASSAULTS - HARASSMENT, THREATS",J3
2026-08-04 14:10:04,4,NOISE - GENERAL,MISCHIEF OR NUISANCE - GENERAL,L3
2026-08-04 13:54:09,2,DISTURBANCE - DV - NO ASLT,DISTURBANCE - OTHER,C3
2026-08-04 13:54:09,2,DISTURBANCE - DV - NO ASLT,DISTURBANCE - OTHER,C3
2026-08-04 13:39:54,7,SUSPICIOUS STOP - OFFICER INITIATED ONVIEW,DISTURBANCE - OTHER,Q3
2026-08-04 13:39:54,7,SUSPICIOUS STOP - OFFICER INITIATED ONVIEW,DISTURBANCE - OTHER,Q3
2026-08-04 13:39:54,7,SUSPICIOUS STOP - OFFICER INITIATED ONVIEW,DISTURBANCE - OTHER,Q3
2026-08-04 13:39:54,7,SUSPICIOUS STOP - OFFICER INITIATED ONVIEW,DISTURBANCE - OTHER,Q3
2026-08-04 13:38:17,4,NOISE - GENERAL,DISTURBANCE - NOISE,M1
2026-08-04 13:24:22,3,DEMONSTRATIONS,DISTURBANCE - OTHER,K2
2026-08-04 13:14:40,2,DISTURBANCE,DISTURBANCE - OTHER,S3
2026-08-04 13:14:40,2,DISTURBANCE,DISTURBANCE - OTHER,S3
2026-08-04 12:57:23,2,DISTURBANCE,DISTURBANCE,K3
2026-08-04 12:57:23,2,DISTURBANCE,DISTURBANCE,K3
2026-08-04 12:47:16,4,NOISE - GENERAL,NOISE - GENERAL,D3
2026-08-04 12:44:02,3,ORDER - VIOLATION OF COURT ORDER (NON DV),DISTURBANCE - OTHER,J1
2026-08-04 12:44:02,3,ORDER - VIOLATION OF COURT ORDER (NON DV),DISTURBANCE - OTHER,J1
2026-08-04 12:44:02,3,ORDER - VIOLATION OF COURT ORDER (NON DV),DISTURBANCE - OTHER,J1
2026-08-04 12:35:08,3,THREATS (INCLS IN-PERSON/BY PHONE/IN WRITING),DISTURBANCE - OTHER,C3
2026-08-04 12:15:44,2,DISTURBANCE,SUSPICIOUS CIRCUM. - SUSPICIOUS PERSON,Q2
2026-08-04 12:09:26,3,DISTURBANCE,DISTURBANCE - OTHER,K3
2026-08-04 12:09:26,3,DISTURBANCE,DISTURBANCE - OTHER,K3
2026-08-04 12:05:13,2,DISTURBANCE,PROWLER - TRESPASS,R2
2026-08-04 12:01:12,2,DISTURBANCE,DISTURBANCE - OTHER,D1
2026-08-04 11:28:33,3,THREATS (INCLS IN-PERSON/BY PHONE/IN WRITING),DISTURBANCE - OTHER,L3
2026-08-04 11:26:41,2,DISTURBANCE - DV - NO ASLT,"DV - ARGUMENTS, DISTURBANCE (NO ARREST)",W1
2026-08-04 11:26:41,2,DISTURBANCE - DV - NO ASLT,"DV - ARGUMENTS, DISTURBANCE (NO ARREST)",W1
2026-08-04 11:26:41,2,DISTURBANCE - DV - NO ASLT,"DV - ARGUMENTS, DISTURBANCE (NO ARREST)",W1
2026-08-04 11:26:41,2,DISTURBANCE - DV - NO ASLT,"DV - ARGUMENTS, DISTURBANCE (NO ARREST)",W1
2026-08-04 11:26:41,2,DISTURBANCE - DV - NO ASLT,"DV - ARGUMENTS, DISTURBANCE (NO ARREST)",W1
2026-08-04 11:17:20,2,SERVICE - WELFARE CHECK,DISTURBANCE - OTHER,W1
2026-08-04 11:17:20,2,SERVICE - WELFARE CHECK,DISTURBANCE - OTHER,W1
2026-08-04 11:09:06,3,THEFT (DOES NOT INCLUDE SHOPLIFT OR SVCS),"DV - ARGUMENTS, DISTURBANCE (NO ARREST)",Q3
2026-08-04 11:04:27,2,DISTURBANCE,PROWLER - TRESPASS,K3
2026-08-04 11:04:27,2,DISTURBANCE,PROWLER - TRESPASS,K3
2026-08-04 11:04:27,2,DISTURBANCE,PROWLER - TRESPASS,K3
2026-08-04 10:56:47,5,TRU - FOLLOW UP,DISTURBANCE - OTHER,J1
2026-08-04 10:56:37,2,DISTURBANCE,PROWLER - TRESPASS,R1
2026-08-04 10:41:20,2,DISTURBANCE,SUSPICIOUS CIRCUM. - SUSPICIOUS PERSON,N3
2026-08-04 10:41:20,2,DISTURBANCE,SUSPICIOUS CIRCUM. - SUSPICIOUS PERSON,N3
2026-08-04 10:35:59,2,HARAS - NO BIAS OR THREATS,DISTURBANCE - OTHER,L3
2026-08-04 10:27:55,2,DISTURBANCE,DISTURBANCE - OTHER,L1
2026-08-04 10:27:55,2,DISTURBANCE,DISTURBANCE - OTHER,L1
2026-08-04 10:27:55,2,DISTURBANCE,DISTURBANCE - OTHER,L1
2026-08-04 10:26:13,3,THREATS (INCLS IN-PERSON/BY PHONE/IN WRITING),DISTURBANCE - OTHER,W1
2026-08-04 10:26:13,3,THREATS (INCLS IN-PERSON/BY PHONE/IN WRITING),DISTURBANCE - OTHER,W1
2026-08-04 10:24:04,3,SERVICE - WELFARE CHECK,DISTURBANCE - OTHER,K3
2026-08-04 10:14:27,2,DISTURBANCE,DISTURBANCE - OTHER,D1
2026-08-04 10:14:27,2,DISTURBANCE,DISTURBANCE - OTHER,D1
2026-08-04 10:14:27,2,DISTURBANCE,DISTURBANCE - OTHER,D1
2026-08-04 10:14:27,2,DISTURBANCE,DISTURBANCE - OTHER,D1
2026-08-04 10:14:27,2,DISTURBANCE,DISTURBANCE - OTHER,D1
2026-08-04 09:24:36,2,DISTURBANCE,DISTURBANCE - OTHER,K2
2026-08-04 09:12:24,2,DISTURBANCE,DISTURBANCE - OTHER,D3
2026-08-04 09:12:24,2,DISTURBANCE,DISTURBANCE - OTHER,D3
2026-08-04 09:02:28,2,DISTURBANCE,PROWLER - TRESPASS,N3
2026-08-04 09:02:28,2,DISTURBANCE,PROWLER - TRESPASS,N3
2026-08-04 09:02:28,2,DISTURBANCE,PROWLER - TRESPASS,N3
2026-08-04 09:01:58,2,ORDER - VIOLATION OF COURT ORDER (NON DV),DISTURBANCE - OTHER,J3
2026-08-04 09:01:58,2,ORDER - VIOLATION OF COURT ORDER (NON DV),DISTURBANCE - OTHER,J3
2026-08-04 09:01:58,2,ORDER - VIOLATION OF COURT ORDER (NON DV),DISTURBANCE - OTHER,J3
2026-08-04 08:48:03,1,UNKNOWN - ANI/ALI - WRLS PHNS (INCL OPEN LINE),DISTURBANCE - OTHER,U3
2026-08-04 08:48:03,1,UNKNOWN - ANI/ALI - WRLS PHNS (INCL OPEN LINE),DISTURBANCE - OTHER,U3
2026-08-04 08:48:03,1,UNKNOWN - ANI/ALI - WRLS PHNS (INCL OPEN LINE),DISTURBANCE - OTHER,U3
2026-08-04 08:22:08,3,MVC - COLLISION (ALL),DISTURBANCE - OTHER,R2
2026-08-04 08:22:08,3,MVC - COLLISION (ALL),DISTURBANCE - OTHER,R2
2026-08-04 08:22:08,3,MVC - COLLISION (ALL),DISTURBANCE - OTHER,R2
2026-08-04 08:22:08,3,MVC - COLLISION (ALL),DISTURBANCE - OTHER,R2
2026-08-04 08:17:54,2,DISTURBANCE,DISTURBANCE - OTHER,F1
2026-08-04 08:17:54,2,DISTURBANCE,DISTURBANCE - OTHER,F1
2026-08-04 08:09:55,2,DISTURBANCE,DISTURBANCE - OTHER,D3
2026-08-04 08:09:55,2,DISTURBANCE,DISTURBANCE - OTHER,D3
2026-08-04 08:09:55,2,DISTURBANCE,DISTURBANCE - OTHER,D3
2026-08-04 08:00:20,4,NOISE - GENERAL,DISTURBANCE - NOISE,D3
2026-08-04 07:18:20,4,NOISE - GENERAL,DISTURBANCE - NOISE,D1
2026-08-04 07:17:14,2,DISTURBANCE,DISTURBANCE - OTHER,D3
2026-08-04 07:17:14,2,DISTURBANCE,DISTURBANCE - OTHER,D3
2026-08-04 07:17:14,2,DISTURBANCE,DISTURBANCE - OTHER,D3
2026-08-04 07:10:35,2,DISTURBANCE - DV - NO ASLT,DV - DOMESTIC VIOLENCE (ARREST DISCRETIONARY),R1
2026-08-04 07:10:35,2,DISTURBANCE - DV - NO ASLT,DV - DOMESTIC VIOLENCE (ARREST DISCRETIONARY),R1
2026-08-04 07:10:35,2,DISTURBANCE - DV - NO ASLT,DV - DOMESTIC VIOLENCE (ARREST DISCRETIONARY),R1
2026-08-04 07:10:35,2,DISTURBANCE - DV - NO ASLT,DV - DOMESTIC VIOLENCE (ARREST DISCRETIONARY),R1
2026-08-04 07:10:35,2,DISTURBANCE - DV - NO ASLT,DV - DOMESTIC VIOLENCE (ARREST DISCRETIONARY),R1
2026-08-04 07:10:35,2,DISTURBANCE - DV - NO ASLT,DV - DOMESTIC VIOLENCE (ARREST DISCRETIONARY),R1
2026-08-04 07:10:35,2,DISTURBANCE - DV - NO ASLT,DV - DOMESTIC VIOLENCE (ARREST DISCRETIONARY),R1
2026-08-04 07:10:35,2,DISTURBANCE - DV - NO ASLT,DV - DOMESTIC VIOLENCE (ARREST DISCRETIONARY),R1
2026-08-04 07:09:53,2,DISTURBANCE,DISTURBANCE - OTHER,S2
2026-08-04 06:32:16,2,DISTURBANCE - DV - NO ASLT,ASSIST PUBLIC - OTHER (NON-SPECIFIED),U1
2026-08-04 06:32:16,2,DISTURBANCE - DV - NO ASLT,ASSIST PUBLIC - OTHER (NON-SPECIFIED),U1
2026-08-04 06:32:16,2,DISTURBANCE - DV - NO ASLT,ASSIST PUBLIC - OTHER (NON-SPECIFIED),U1
2026-08-04 06:23:18,2,DISTURBANCE,DISTURBANCE - OTHER,R2
2026-08-04 06:17:54,2,DISTURBANCE,DISTURBANCE - OTHER,B1
2026-08-04 05:42:08,2,DISTURBANCE - DV - NO ASLT,DISTURBANCE - OTHER,Q3
2026-08-04 05:42:08,2,DISTURBANCE - DV - NO ASLT,DISTURBANCE - OTHER,Q3
2026-08-04 05:41:33,2,DISTURBANCE,DISTURBANCE - OTHER,Q3
2026-08-04 05:41:33,2,DISTURBANCE,DISTURBANCE - OTHER,Q3
2026-08-04 05:20:54,4,NOISE - ANIMAL (INCLUDES BARKING DOGS),DISTURBANCE - NOISE,N1
2026-08-04 05:20:54,4,NOISE - ANIMAL (INCLUDES BARKING DOGS),DISTURBANCE - NOISE,N1
2026-08-04 05:20:37,3,"ANIMAL - INJURED, DEAD HAZARD, OTHER","ANIMAL COMPLAINT - NOISE,STRAY,BITE",O3
2026-08-04 05:20:37,3,"ANIMAL - INJURED, DEAD HAZARD, OTHER","ANIMAL COMPLAINT - NOISE,STRAY,BITE",O3
2026-08-04 05:20:30,2,DISTURBANCE,CRISIS COMPLAINT - GENERAL,Q3
2026-08-04 05:20:30,2,DISTURBANCE,CRISIS COMPLAINT - GENERAL,Q3
2026-08-04 05:20:30,2,DISTURBANCE,CRISIS COMPLAINT - GENERAL,Q3
2026-08-04 04:52:09,3,THREATS (INCLS IN-PERSON/BY PHONE/IN WRITING),DISTURBANCE - OTHER,E3
2026-08-04 04:37:21,2,DISTURBANCE,DISTURBANCE - OTHER,Q3
2026-08-04 04:37:21,2,DISTURBANCE,DISTURBANCE - OTHER,Q3
2026-08-04 04:37:21,2,DISTURBANCE,DISTURBANCE - OTHER,Q3
2026-08-04 04:37:21,2,DISTURBANCE,DISTURBANCE - OTHER,Q3
2026-08-04 04:25:40,2,DISTURBANCE,"ASSAULTS, OTHER",L2
2026-08-04 04:25:40,2,DISTURBANCE,"ASSAULTS, OTHER",L2
2026-08-04 04:25:40,2,DISTURBANCE,"ASSAULTS, OTHER",L2
2026-08-04 04:25:40,2,DISTURBANCE,"ASSAULTS, OTHER",L2
2026-08-04 04:25:40,2,DISTURBANCE,"ASSAULTS, OTHER",L2
2026-08-04 04:24:58,3,"ANIMAL - INJURED, DEAD HAZARD, OTHER",DISTURBANCE - OTHER,W3
2026-08-04 03:21:10,2,DISTURBANCE - DV - NO ASLT,DISTURBANCE - OTHER,S1
2026-08-04 03:21:10,2,DISTURBANCE - DV - NO ASLT,DISTURBANCE - OTHER,S1
2026-08-04 03:21:10,2,DISTURBANCE - DV - NO ASLT,DISTURBANCE - OTHER,S1
2026-08-04 03:21:10,2,DISTURBANCE - DV - NO ASLT,DISTURBANCE - OTHER,S1
2026-08-04 02:47:41,1,SHOTS HEARD - IN PROGRESS,DISTURBANCE - NOISE,O3
2026-08-04 02:47:41,1,SHOTS HEARD - IN PROGRESS,DISTURBANCE - NOISE,O3
2026-08-04 02:12:09,1,THREATS (INCLS IN-PERSON/BY PHONE/IN WRITING),DISTURBANCE - OTHER,99
2026-08-04 02:12:09,1,THREATS (INCLS IN-PERSON/BY PHONE/IN WRITING),DISTURBANCE - OTHER,99
2026-08-04 02:00:40,1,DISTURBANCE,"ASSAULTS, OTHER",L1
2026-08-04 02:00:40,1,DISTURBANCE,"ASSAULTS, OTHER",L1
2026-08-04 02:00:40,1,DISTURBANCE,"ASSAULTS, OTHER",L1
2026-08-04 02:00:40,1,DISTURBANCE,"ASSAULTS, OTHER",L1
2026-08-04 01:51:09,2,DISTURBANCE,SUSPICIOUS CIRCUM. - SUSPICIOUS PERSON,D3
2026-08-04 01:43:46,2,DISTURBANCE,DISTURBANCE - OTHER,N1
2026-08-04 01:43:46,2,DISTURBANCE,DISTURBANCE - OTHER,N1
2026-08-04 01:24:39,1,THREATS (INCLS IN-PERSON/BY PHONE/IN WRITING),DISTURBANCE - OTHER,W1
2026-08-04 01:24:39,1,THREATS (INCLS IN-PERSON/BY PHONE/IN WRITING),DISTURBANCE - OTHER,W1
2026-08-04 01:24:39,1,THREATS (INCLS IN-PERSON/BY PHONE/IN WRITING),DISTURBANCE - OTHER,W1
2026-08-04 01:24:39,1,THREATS (INCLS IN-PERSON/BY PHONE/IN WRITING),DISTURBANCE - OTHER,W1
2026-08-04 01:24:39,1,THREATS (INCLS IN-PERSON/BY PHONE/IN WRITING),DISTURBANCE - OTHER,W1
2026-08-04 01:24:39,1,THREATS (INCLS IN-PERSON/BY PHONE/IN WRITING),DISTURBANCE - OTHER,W1
2026-08-04 01:24:39,1,THREATS (INCLS IN-PERSON/BY PHONE/IN WRITING),DISTURBANCE - OTHER,W1
2026-08-04 01:23:07,4,NOISE - GENERAL,DISTURBANCE - OTHER,D3
2026-08-04 01:20:32,2,ASLT - WITH OR W/O WPNS (NO SHOOTINGS),DISTURBANCE - OTHER,R2
2026-08-04 01:14:44,4,NOISE - GENERAL,DISTURBANCE - NOISE RESIDENTIAL,S2
2026-08-04 00:48:40,2,DISTURBANCE,DISTURBANCE - OTHER,Q3
2026-08-04 00:48:40,2,DISTURBANCE,DISTURBANCE - OTHER,Q3
2026-08-04 00:42:59,4,NOISE - GENERAL,DISTURBANCE - NOISE,Q2
2026-08-04 00:40:27,2,ASLT - WITH OR W/O WPNS (NO SHOOTINGS),DISTURBANCE - OTHER,M3
2026-08-04 00:39:39,3,DISTURBANCE,SUSPICIOUS CIRCUM. - SUSPICIOUS PERSON,L2
2026-08-04 00:32:50,3,BIAS,DISTURBANCE - OTHER,G1
2026-08-04 00:28:15,2,ORDER - VIOLATING DV COURT ORDER,"DV - ARGUMENTS, DISTURBANCE (NO ARREST)",E2
2026-08-04 00:28:15,2,ORDER - VIOLATING DV COURT ORDER,"DV - ARGUMENTS, DISTURBANCE (NO ARREST)",E2
2026-08-04 00:28:15,2,ORDER - VIOLATING DV COURT ORDER,"DV - ARGUMENTS, DISTURBANCE (NO ARREST)",E2
2026-08-04 00:28:15,2,ORDER - VIOLATING DV COURT ORDER,"DV - ARGUMENTS, DISTURBANCE (NO ARREST)",E2
2026-08-04 00:28:15,2,ORDER - VIOLATING DV COURT ORDER,"DV - ARGUMENTS, DISTURBANCE (NO ARREST)",E2
2026-08-04 00:28:15,2,ORDER - VIOLATING DV COURT ORDER,"DV - ARGUMENTS, DISTURBANCE (NO ARREST)",E2
2026-08-04 00:25:24,1,ASLT - DV CRITICAL,"DV - ARGUMENTS, DISTURBANCE (NO ARREST)",R3
2026-08-04 00:25:24,1,ASLT - DV CRITICAL,"DV - ARGUMENTS, DISTURBANCE (NO ARREST)",R3
2026-08-04 00:25:24,1,ASLT - DV CRITICAL,"DV - ARGUMENTS, DISTURBANCE (NO ARREST)",R3
2026-08-04 00:25:24,1,ASLT - DV CRITICAL,"DV - ARGUMENTS, DISTURBANCE (NO ARREST)",R3
2026-08-04 00:25:24,1,ASLT - DV CRITICAL,"DV - ARGUMENTS, DISTURBANCE (NO ARREST)",R3
2026-08-04 00:18:40,2,DISTURBANCE,DISTURBANCE - OTHER,O2
2026-08-04 00:18:40,2,DISTURBANCE,DISTURBANCE - OTHER,O2
2026-08-04 00:18:40,2,DISTURBANCE,DISTURBANCE - OTHER,O2
2026-08-04 00:18:40,2,DISTURBANCE,DISTURBANCE - OTHER,O2
2026-08-04 00:16:49,2,EXPLOSION,DISTURBANCE - OTHER,W3
2026-08-04 00:12:32,4,NOISE - GENERAL,DISTURBANCE - NOISE,K3
2026-08-04 00:09:46,4,NOISE - GENERAL,DISTURBANCE - NOISE,J3
2026-08-04 00:08:57,4,NOISE - GENERAL,DISTURBANCE - NOISE,D1
2026-08-04 00:03:46,1,UNKNOWN - COMPLAINT OF UNKNOWN NATURE,DISTURBANCE - OTHER,K3
2026-08-04 00:03:46,1,UNKNOWN - COMPLAINT OF UNKNOWN NATURE,DISTURBANCE - OTHER,K3
2026-08-04 00:03:46,1,UNKNOWN - COMPLAINT OF UNKNOWN NATURE,DISTURBANCE - OTHER,K3
2026-08-03 23:51:54,1,DISTURBANCE,DISTURBANCE - OTHER,F2
2026-08-03 23:51:54,1,DISTURBANCE,DISTURBANCE - OTHER,F2
2026-08-03 23:45:15,4,NOISE - GENERAL,DISTURBANCE - NOISE,U1
2026-08-03 23:40:31,2,DISTURBANCE - DV - NO ASLT,"ASSAULTS - HARASSMENT, THREATS",G3
2026-08-03 23:39:19,3,NUISANCE,DISTURBANCE - OTHER,K3
2026-08-03 23:28:22,3,"ANIMAL - INJURED, DEAD HAZARD, OTHER","ANIMAL COMPLAINT - NOISE,STRAY,BITE",F3
2026-08-03 23:21:16,1,DISTURBANCE,DISTURBANCE - OTHER,W1
2026-08-03 23:21:16,1,DISTURBANCE,DISTURBANCE - OTHER,W1
2026-08-03 23:16:24,1,ORDER - VIOLATING DV COURT ORDER,DISTURBANCE - DV - NO ASLT,U3
2026-08-03 23:16:24,1,ORDER - VIOLATING DV COURT ORDER,DISTURBANCE - DV - NO ASLT,U3
2026-08-03 23:16:24,1,ORDER - VIOLATING DV COURT ORDER,DISTURBANCE - DV - NO ASLT,U3
2026-08-03 23:16:24,1,ORDER - VIOLATING DV COURT ORDER,DISTURBANCE - DV - NO ASLT,U3
2026-08-03 23:16:24,1,ORDER - VIOLATING DV COURT ORDER,DISTURBANCE - DV - NO ASLT,U3
2026-08-03 23:16:24,1,ORDER - VIOLATING DV COURT ORDER,DISTURBANCE - DV - NO ASLT,U3
2026-08-03 23:08:37,1,HAZ - CRITICAL,DISTURBANCE - OTHER,N2
2026-08-03 23:08:37,1,HAZ - CRITICAL,DISTURBANCE - OTHER,N2
2026-08-03 23:08:37,1,HAZ - CRITICAL,DISTURBANCE - OTHER,N2
2026-08-03 23:08:37,1,HAZ - CRITICAL,DISTURBANCE - OTHER,N2
2026-08-03 23:07:27,2,DISTURBANCE,DISTURBANCE - OTHER,G1
2026-08-03 23:07:27,2,DISTURBANCE,DISTURBANCE - OTHER,G1
2026-08-03 23:02:15,2,DISTURBANCE,DISTURBANCE - OTHER,R2
2026-08-03 23:02:15,2,DISTURBANCE,DISTURBANCE - OTHER,R2
2026-08-03 23:02:15,2,DISTURBANCE,DISTURBANCE - OTHER,R2
2026-08-03 22:55:09,1,UNKNOWN - ANI/ALI - WRLS PHNS (INCL OPEN LINE),"DV - ARGUMENTS, DISTURBANCE (NO ARREST)",M1
2026-08-03 22:55:09,1,UNKNOWN - ANI/ALI - WRLS PHNS (INCL OPEN LINE),"DV - ARGUMENTS, DISTURBANCE (NO ARREST)",M1
2026-08-03 22:55:09,1,UNKNOWN - ANI/ALI - WRLS PHNS (INCL OPEN LINE),"DV - ARGUMENTS, DISTURBANCE (NO ARREST)",M1
2026-08-03 22:54:03,3,DISTURBANCE,DISTURBANCE - OTHER,D1
2026-08-03 22:50:08,3,NUISANCE,DISTURBANCE - OTHER,B2
2026-08-03 22:42:12,3,DISTURBANCE,DISTURBANCE - OTHER,J1
2026-08-03 22:39:35,1,UNKNOWN - COMPLAINT OF UNKNOWN NATURE,DISTURBANCE - OTHER,U1
2026-08-03 22:39:35,1,UNKNOWN - COMPLAINT OF UNKNOWN NATURE,DISTURBANCE - OTHER,U1
2026-08-03 22:39:35,1,UNKNOWN - COMPLAINT OF UNKNOWN NATURE,DISTURBANCE - OTHER,U1
2026-08-03 22:38:26,1,DISTURBANCE - DV CRITICAL,"DV - ARGUMENTS, DISTURBANCE (NO ARREST)",W2
2026-08-03 22:38:26,1,DISTURBANCE - DV CRITICAL,"DV - ARGUMENTS, DISTURBANCE (NO ARREST)",W2
2026-08-03 22:38:26,1,DISTURBANCE - DV CRITICAL,"DV - ARGUMENTS, DISTURBANCE (NO ARREST)",W2
2026-08-03 22:38:26,1,DISTURBANCE - DV CRITICAL,"DV - ARGUMENTS, DISTURBANCE (NO ARREST)",W2
2026-08-03 22:33:27,2,DISTURBANCE,ASSIST PUBLIC - OTHER (NON-SPECIFIED),U3
2026-08-03 22:33:27,2,DISTURBANCE,ASSIST PUBLIC - OTHER (NON-SPECIFIED),U3
2026-08-03 22:22:32,2,DISTURBANCE - DV - NO ASLT,DISTURBANCE - OTHER,F1
2026-08-03 22:22:32,2,DISTURBANCE - DV - NO ASLT,DISTURBANCE - OTHER,F1
2026-08-03 22:17:24,2,DISTURBANCE - DV - NO ASLT,"DV - ARGUMENTS, DISTURBANCE (NO ARREST)",G1
2026-08-03 22:17:24,2,DISTURBANCE - DV - NO ASLT,"DV - ARGUMENTS, DISTURBANCE (NO ARREST)",G1
2026-08-03 22:02:05,3,DISTURBANCE,CRISIS COMPLAINT - GENERAL,Q3
2026-08-03 22:02:05,3,DISTURBANCE,CRISIS COMPLAINT - GENERAL,Q3
2026-08-03 22:02:05,3,DISTURBANCE,CRISIS COMPLAINT - GENERAL,Q3
2026-08-03 22:02:05,3,DISTURBANCE,CRISIS COMPLAINT - GENERAL,Q3
2026-08-03 22:02:05,3,DISTURBANCE,CRISIS COMPLAINT - GENERAL,Q3
2026-08-03 22:01:48,2,DISTURBANCE,DISTURBANCE - OTHER,B2
2026-08-03 22:01:48,2,DISTURBANCE,DISTURBANCE - OTHER,B2
2026-08-03 22:01:48,2,DISTURBANCE,DISTURBANCE - OTHER,B2
2026-08-03 22:00:38,1,SHOTS HEARD - IN PROGRESS,DISTURBANCE - NOISE RESIDENTIAL,S3
2026-08-03 22:00:38,1,SHOTS HEARD - IN PROGRESS,DISTURBANCE - NOISE RESIDENTIAL,S3
2026-08-03 22:00:38,1,SHOTS HEARD - IN PROGRESS,DISTURBANCE - NOISE RESIDENTIAL,S3
2026-08-03 21:59:47,2,DISTURBANCE,DISTURBANCE - NOISE,G3
2026-08-03 21:59:47,2,DISTURBANCE,DISTURBANCE - NOISE,G3
2026-08-03 21:53:32,2,DISTURBANCE - DV - NO ASLT,DISTURBANCE - OTHER,L3
2026-08-03 21:53:32,2,DISTURBANCE - DV - NO ASLT,DISTURBANCE - OTHER,L3
2026-08-03 21:53:32,2,DISTURBANCE - DV - NO ASLT,DISTURBANCE - OTHER,L3
2026-08-03 21:53:32,2,DISTURBANCE - DV - NO ASLT,DISTURBANCE - OTHER,L3
2026-08-03 21:53:32,2,DISTURBANCE - DV - NO ASLT,DISTURBANCE - OTHER,L3
2026-08-03 21:34:33,2,DISTURBANCE - DV - NO ASLT,"DOA - CASUALTY, DEAD BODY",U1
2026-08-03 21:34:33,2,DISTURBANCE - DV - NO ASLT,"DOA - CASUALTY, DEAD BODY",U1
2026-08-03 21:34:33,2,DISTURBANCE - DV - NO ASLT,"DOA - CASUALTY, DEAD BODY",U1
2026-08-03 21:34:33,2,DISTURBANCE - DV - NO ASLT,"DOA - CASUALTY, DEAD BODY",U1
2026-08-03 21:34:33,2,DISTURBANCE - DV - NO ASLT,"DOA - CASUALTY, DEAD BODY",U1
2026-08-03 21:34:33,2,DISTURBANCE - DV - NO ASLT,"DOA - CASUALTY, DEAD BODY",U1
2026-08-03 21:34:33,2,DISTURBANCE - DV - NO ASLT,"DOA - CASUALTY, DEAD BODY",U1
2026-08-03 21:30:47,3,DISTURBANCE - DV - NO ASLT,"DV - ARGUMENTS, DISTURBANCE (NO ARREST)",R1
2026-08-03 21:29:14,2,DISTURBANCE,DISTURBANCE - OTHER,U2
2026-08-03 21:29:14,2,DISTURBANCE,DISTURBANCE - OTHER,U2
2026-08-03 21:29:14,2,DISTURBANCE,DISTURBANCE - OTHER,U2
2026-08-03 21:29:14,2,DISTURBANCE,DISTURBANCE - OTHER,U2
2026-08-03 21:29:14,2,DISTURBANCE,DISTURBANCE - OTHER,U2
2026-08-03 21:29:14,2,DISTURBANCE,DISTURBANCE - OTHER,U2
2026-08-03 21:23:16,3,DISTURBANCE,DISTURBANCE - OTHER,E3
2026-08-03 21:07:42,4,NOISE - GENERAL,DISTURBANCE - NOISE,W1
2026-08-03 21:05:43,3,NUISANCE,DISTURBANCE - OTHER,K3
2026-08-03 21:05:33,2,"SUSPICIOUS PERSON, VEHICLE, OR INCIDENT",DISTURBANCE - OTHER,K2
2026-08-03 20:54:55,2,DISTURBANCE - DV - NO ASLT,DISTURBANCE - DV - NO ASLT,U1
2026-08-03 20:50:49,2,FIGHT - PHYSICAL (NO WEAPONS),DISTURBANCE - FIGHT,D1
2026-08-03 20:26:19,2,DISTURBANCE,DISTURBANCE - OTHER,G3
2026-08-03 20:26:19,2,DISTURBANCE,DISTURBANCE - OTHER,G3
2026-08-03 20:05:14,1,DISTURBANCE - DV CRITICAL,"DV - ARGUMENTS, DISTURBANCE (NO ARREST)",D2
2026-08-03 20:05:14,1,DISTURBANCE - DV CRITICAL,"DV - ARGUMENTS, DISTURBANCE (NO ARREST)",D2
2026-08-03 20:05:14,1,DISTURBANCE - DV CRITICAL,"DV - ARGUMENTS, DISTURBANCE (NO ARREST)",D2
2026-08-03 20:05:14,1,DISTURBANCE - DV CRITICAL,"DV - ARGUMENTS, DISTURBANCE (NO ARREST)",D2
2026-08-03 20:05:14,1,DISTURBANCE - DV CRITICAL,"DV - ARGUMENTS, DISTURBANCE (NO ARREST)",D2
2026-08-03 20:05:14,1,DISTURBANCE - DV CRITICAL,"DV - ARGUMENTS, DISTURBANCE (NO ARREST)",D2
2026-08-03 20:05:14,1,DISTURBANCE - DV CRITICAL,"DV - ARGUMENTS, DISTURBANCE (NO ARREST)",D2
2026-08-03 20:04:25,3,DISTURBANCE,DISTURBANCE - NOISE,G3
2026-08-03 20:04:25,3,DISTURBANCE,DISTURBANCE - NOISE,G3
2026-08-03 19:46:41,2,DISTURBANCE,DISTURBANCE - OTHER,E2
2026-08-03 19:46:41,2,DISTURBANCE,DISTURBANCE - OTHER,E2
2026-08-03 19:46:41,2,DISTURBANCE,DISTURBANCE - OTHER,E2
2026-08-03 19:46:41,2,DISTURBANCE,DISTURBANCE - OTHER,E2
2026-08-03 19:46:41,2,DISTURBANCE,DISTURBANCE - OTHER,E2
2026-08-03 19:37:07,1,UNKNOWN - ANI/ALI - WRLS PHNS (INCL OPEN LINE),DISTURBANCE - OTHER,M1
2026-08-03 19:37:07,1,UNKNOWN - ANI/ALI - WRLS PHNS (INCL OPEN LINE),DISTURBANCE - OTHER,M1
2026-08-03 19:21:16,2,DISTURBANCE,SUSPICIOUS CIRCUM. - SUSPICIOUS PERSON,K3
2026-08-03 19:17:08,2,HAZ - POTENTIAL THRT TO PHYS SAFETY,DISTURBANCE - OTHER,E1
2026-08-03 19:14:14,3,DISTURBANCE,DISTURBANCE - OTHER,K3
2026-08-03 19:14:14,3,DISTURBANCE,DISTURBANCE - OTHER,K3
2026-08-03 19:14:14,3,DISTURBANCE,DISTURBANCE - OTHER,K3
2026-08-03 19:14:14,3,DISTURBANCE,DISTURBANCE - OTHER,K3
2026-08-03 19:14:14,3,DISTURBANCE,DISTURBANCE - OTHER,K3
2026-08-03 19:14:14,3,DISTURBANCE,DISTURBANCE - OTHER,K3
2026-08-03 19:01:46,2,THREATS (INCLS IN-PERSON/BY PHONE/IN WRITING),DISTURBANCE - OTHER,F2
2026-08-03 19:01:46,2,THREATS (INCLS IN-PERSON/BY PHONE/IN WRITING),DISTURBANCE - OTHER,F2
2026-08-03 18:57:34,4,NOISE - ANIMAL (INCLUDES BARKING DOGS),"ANIMAL COMPLAINT - NOISE,STRAY,BITE",J2
2026-08-03 18:41:36,5,TRU - ROAD RAGE,DISTURBANCE - OTHER,B3
2026-08-03 18:29:46,2,DISTURBANCE,DISTURBANCE - OTHER,K1
2026-08-03 18:27:54,7,"PREMISE CHECK, OFFICER INITIATED ONVIEW ONLY",DISTURBANCE - OTHER,M2
2026-08-03 18:22:45,3,NUISANCE,DISTURBANCE - OTHER,W3
2026-08-03 18:22:09,3,HARAS - NO BIAS OR THREATS,DISTURBANCE - OTHER,R2
2026-08-03 18:20:47,2,DISTURBANCE,SUSPICIOUS CIRCUM. - SUSPICIOUS PERSON,B1
2026-08-03 18:09:50,2,DISTURBANCE - DV - NO ASLT,DISTURBANCE - OTHER,Q2
2026-08-03 18:09:50,2,DISTURBANCE - DV - NO ASLT,DISTURBANCE - OTHER,Q2
2026-08-03 17:49:59,2,WARRANT - FELONY PICKUP,DISTURBANCE - OTHER,E1
2026-08-03 17:49:59,2,WARRANT - FELONY PICKUP,DISTURBANCE - OTHER,E1
2026-08-03 17:49:59,2,WARRANT - FELONY PICKUP,DISTURBANCE - OTHER,E1
2026-08-03 17:49:59,2,WARRANT - FELONY PICKUP,DISTURBANCE - OTHER,E1
2026-08-03 17:49:59,2,WARRANT - FELONY PICKUP,DISTURBANCE - OTHER,E1
2026-08-03 17:40:26,4,NOISE - GENERAL,DISTURBANCE - NOISE,M1
2026-08-03 17:40:26,4,NOISE - GENERAL,DISTURBANCE - NOISE,M1
2026-08-03 17:11:10,2,DISTURBANCE,DISTURBANCE - OTHER,J3
2026-08-03 17:04:39,2,HAZ - POTENTIAL THRT TO PHYS SAFETY,DISTURBANCE - OTHER,W2
2026-08-03 17:04:39,2,HAZ - POTENTIAL THRT TO PHYS SAFETY,DISTURBANCE - OTHER,W2
2026-08-03 16:48:31,4,NOISE - GENERAL,DISTURBANCE - NOISE RESIDENTIAL,S3
2026-08-03 16:25:21,2,TRESPASS,DISTURBANCE - OTHER,U2
2026-08-03 16:06:59,2,ROBBERY (INCL STRONG ARM),DISTURBANCE - OTHER,K3
2026-08-03 15:51:57,4,NOISE - GENERAL,DISTURBANCE - NOISE,M3
2026-08-03 15:43:12,1,UNKNOWN - ANI/ALI - WRLS PHNS (INCL OPEN LINE),DISTURBANCE - OTHER,L3
2026-08-03 15:40:47,3,DISTURBANCE,DISTURBANCE - OTHER,Q2
2026-08-03 15:40:47,3,DISTURBANCE,DISTURBANCE - OTHER,Q2
2026-08-03 15:39:19,4,NOISE - GENERAL,DISTURBANCE - NOISE,M1
2026-08-03 15:27:43,3,NUISANCE,DISTURBANCE - OTHER,B2
2026-08-03 15:10:27,1,DISTURBANCE - DV CRITICAL,ASSIST PUBLIC - OTHER (NON-SPECIFIED),S2
2026-08-03 15:10:27,1,DISTURBANCE - DV CRITICAL,ASSIST PUBLIC - OTHER (NON-SPECIFIED),S2
2026-08-03 15:08:19,3,NUISANCE,DISTURBANCE - OTHER,N3
2026-08-03 15:02:08,5,TRU - FOLLOW UP,DISTURBANCE - OTHER,J1
2026-08-03 14:55:13,3,HARAS - NO BIAS OR THREATS,DISTURBANCE - NOISE,K3
2026-08-03 14:53:48,2,SERVICE - WELFARE CHECK,DISTURBANCE - OTHER,M3
2026-08-03 14:37:57,2,DISTURBANCE - DV - NO ASLT,ASSIST PUBLIC - OTHER (NON-SPECIFIED),S2
2026-08-03 14:34:27,1,DISTURBANCE,ASSIST PUBLIC - OTHER (NON-SPECIFIED),S2
2026-08-03 14:34:27,1,DISTURBANCE,ASSIST PUBLIC - OTHER (NON-SPECIFIED),S2
2026-08-03 14:13:09,2,"SUSPICIOUS PERSON, VEHICLE, OR INCIDENT",DISTURBANCE - OTHER,L3
2026-08-03 14:09:03,4,NOISE - GENERAL,DISTURBANCE - NOISE RESIDENTIAL,R2
2026-08-03 13:59:10,2,TRAFFIC - ROAD RAGE,DISTURBANCE - OTHER,O3
2026-08-03 13:47:20,2,DISTURBANCE,DISTURBANCE - OTHER,D2
2026-08-03 13:47:20,2,DISTURBANCE,DISTURBANCE - OTHER,D2
2026-08-03 13:47:20,2,DISTURBANCE,DISTURBANCE - OTHER,D2
2026-08-03 13:45:09,3,DISTURBANCE - DV - NO ASLT,SUSPICIOUS CIRCUM. - SUSPICIOUS PERSON,G1
2026-08-03 13:39:19,1,DISTURBANCE - DV CRITICAL,DV - DOMESTIC VIOL/ASLT (ARREST MANDATORY),K3
2026-08-03 13:39:19,1,DISTURBANCE - DV CRITICAL,DV - DOMESTIC VIOL/ASLT (ARREST MANDATORY),K3
2026-08-03 12:58:51,3,DISTURBANCE,DISTURBANCE - OTHER,L2
2026-08-03 12:51:08,3,PERSON IN BEHAVIORAL/EMOTIONAL CRISIS,DISTURBANCE - OTHER,W3
2026-08-03 12:46:07,2,DISTURBANCE - DV - NO ASLT,DISTURBANCE - OTHER,L3
2026-08-03 12:17:06,3,NUISANCE,DISTURBANCE - OTHER,C1
2026-08-03 12:01:45,3,NUISANCE,DISTURBANCE - NOISE,D1
2026-08-03 11:43:33,2,DISTURBANCE,"ASSAULTS, OTHER",U3
2026-08-03 11:43:33,2,DISTURBANCE,"ASSAULTS, OTHER",U3
2026-08-03 11:42:58,2,DISTURBANCE,DISTURBANCE - OTHER,M1
2026-08-03 11:39:18,2,HAZ - POTENTIAL THRT TO PHYS SAFETY,DISTURBANCE - OTHER,C3
2026-08-03 11:37:10,5,TRU - SEX IN PUBLIC,DISTURBANCE - OTHER,K3
2026-08-03 10:16:14,2,DISTURBANCE - DV - NO ASLT,"DV - ARGUMENTS, DISTURBANCE (NO ARREST)",C3
2026-08-03 09:46:40,1,THREATS (INCLS IN-PERSON/BY PHONE/IN WRITING),DISTURBANCE - OTHER,U1
2026-08-03 09:46:40,1,THREATS (INCLS IN-PERSON/BY PHONE/IN WRITING),DISTURBANCE - OTHER,U1
2026-08-03 09:46:40,1,THREATS (INCLS IN-PERSON/BY PHONE/IN WRITING),DISTURBANCE - OTHER,U1
2026-08-03 09:46:40,1,THREATS (INCLS IN-PERSON/BY PHONE/IN WRITING),DISTURBANCE - OTHER,U1
2026-08-03 09:36:08,2,DISTURBANCE,SUSPICIOUS CIRCUM. - SUSPICIOUS PERSON,S3
2026-08-03 09:36:08,2,DISTURBANCE,SUSPICIOUS CIRCUM. - SUSPICIOUS PERSON,S3
2026-08-03 09:36:08,2,DISTURBANCE,SUSPICIOUS CIRCUM. - SUSPICIOUS PERSON,S3
2026-08-03 09:25:44,2,THREATS (INCLS IN-PERSON/BY PHONE/IN WRITING),DISTURBANCE - OTHER,B3
2026-08-03 09:25:44,2,THREATS (INCLS IN-PERSON/BY PHONE/IN WRITING),DISTURBANCE - OTHER,B3
2026-08-03 09:08:02,3,MVC - COLLISION (ALL),DISTURBANCE - OTHER,U1
2026-08-03 09:00:35,2,THREATS (INCLS IN-PERSON/BY PHONE/IN WRITING),DISTURBANCE - OTHER,O2
2026-08-03 09:00:35,2,THREATS (INCLS IN-PERSON/BY PHONE/IN WRITING),DISTURBANCE - OTHER,O2
2026-08-03 09:00:35,2,THREATS (INCLS IN-PERSON/BY PHONE/IN WRITING),DISTURBANCE - OTHER,O2
2026-08-03 09:00:21,2,DISTURBANCE,SUSPICIOUS CIRCUM. - SUSPICIOUS PERSON,E3
2026-08-03 08:45:13,2,DISTURBANCE - DV - NO ASLT,DV - DOMESTIC VIOL/ASLT (ARREST MANDATORY),E1
2026-08-03 08:45:13,2,DISTURBANCE - DV - NO ASLT,DV - DOMESTIC VIOL/ASLT (ARREST MANDATORY),E1
2026-08-03 08:45:13,2,DISTURBANCE - DV - NO ASLT,DV - DOMESTIC VIOL/ASLT (ARREST MANDATORY),E1
2026-08-03 08:37:18,2,"SUSPICIOUS PERSON, VEHICLE, OR INCIDENT",DISTURBANCE - OTHER,Q3
2026-08-03 08:37:18,2,"SUSPICIOUS PERSON, VEHICLE, OR INCIDENT",DISTURBANCE - OTHER,Q3
2026-08-03 08:10:11,1,SHOTS HEARD - IN PROGRESS,DISTURBANCE - OTHER,F3
2026-08-03 08:10:11,1,SHOTS HEARD - IN PROGRESS,DISTURBANCE - OTHER,F3
2026-08-03 07:57:47,3,DISTURBANCE,DISTURBANCE - OTHER,G2
2026-08-03 07:57:47,3,DISTURBANCE,DISTURBANCE - OTHER,G2
2026-08-03 07:49:59,3,DISTURBANCE,MISCHIEF OR NUISANCE - GENERAL,M1
2026-08-03 07:49:59,3,DISTURBANCE,MISCHIEF OR NUISANCE - GENERAL,M1
2026-08-03 07:36:23,3,DISTURBANCE,PROWLER - TRESPASS,S1
2026-08-03 06:32:24,2,DISTURBANCE,DISTURBANCE - OTHER,K3
2026-08-03 06:32:24,2,DISTURBANCE,DISTURBANCE - OTHER,K3
2026-08-03 06:31:04,2,DISTURBANCE,DISTURBANCE - OTHER,U1
2026-08-03 06:31:04,2,DISTURBANCE,DISTURBANCE - OTHER,U1
2026-08-03 06:31:04,2,DISTURBANCE,DISTURBANCE - OTHER,U1
2026-08-03 06:31:04,2,DISTURBANCE,DISTURBANCE - OTHER,U1
2026-08-03 06:24:40,4,NOISE - GENERAL,DISTURBANCE - NOISE,K3
2026-08-03 06:07:34,2,DISTURBANCE,DISTURBANCE - OTHER,C3
2026-08-03 06:04:06,2,MVC - COLLISION (ALL),DISTURBANCE - OTHER,O3
2026-08-03 05:43:43,1,UNKNOWN - ANI/ALI - LANDLINE (INCLUDES OPEN LINE),DISTURBANCE - OTHER,J2
2026-08-03 05:38:16,2,"SUSPICIOUS PERSON, VEHICLE, OR INCIDENT",DISTURBANCE - OTHER,K3
2026-08-03 05:38:16,2,"SUSPICIOUS PERSON, VEHICLE, OR INCIDENT",DISTURBANCE - OTHER,K3
2026-08-03 05:38:16,2,"SUSPICIOUS PERSON, VEHICLE, OR INCIDENT",DISTURBANCE - OTHER,K3
2026-08-03 05:38:16,2,"SUSPICIOUS PERSON, VEHICLE, OR INCIDENT",DISTURBANCE - OTHER,K3
2026-08-03 05:38:16,2,"SUSPICIOUS PERSON, VEHICLE, OR INCIDENT",DISTURBANCE - OTHER,K3
2026-08-03 05:27:23,1,DISTURBANCE,"ASSAULTS, OTHER",E1
2026-08-03 05:27:23,1,DISTURBANCE,"ASSAULTS, OTHER",E1
2026-08-03 05:27:23,1,DISTURBANCE,"ASSAULTS, OTHER",E1
2026-08-03 05:27:23,1,DISTURBANCE,"ASSAULTS, OTHER",E1
2026-08-03 04:57:51,2,DISTURBANCE,DISTURBANCE - OTHER,F3
2026-08-03 04:57:51,2,DISTURBANCE,DISTURBANCE - OTHER,F3
2026-08-03 04:57:51,2,DISTURBANCE,DISTURBANCE - OTHER,F3
2026-08-03 04:54:39,2,"SUSPICIOUS PERSON, VEHICLE, OR INCIDENT",DISTURBANCE - OTHER,D1
2026-08-03 04:13:21,4,NOISE - GENERAL,MISCHIEF OR NUISANCE - GENERAL,Q3
2026-08-03 03:59:58,4,NOISE - GENERAL,DISTURBANCE - NOISE,C1
2026-08-03 03:58:14,2,DISTURBANCE - DV - NO ASLT,ASSIST PUBLIC - OTHER (NON-SPECIFIED),G1
2026-08-03 03:58:14,2,DISTURBANCE - DV - NO ASLT,ASSIST PUBLIC - OTHER (NON-SPECIFIED),G1
2026-08-03 03:55:45,1,UNKNOWN - ANI/ALI - WRLS PHNS (INCL OPEN LINE),DISTURBANCE - OTHER,R3
2026-08-03 03:55:45,1,UNKNOWN - ANI/ALI - WRLS PHNS (INCL OPEN LINE),DISTURBANCE - OTHER,R3
2026-08-03 03:55:34,2,DISTURBANCE - DV - NO ASLT,"DV - ARGUMENTS, DISTURBANCE (NO ARREST)",G3
2026-08-03 03:55:34,2,DISTURBANCE - DV - NO ASLT,"DV - ARGUMENTS, DISTURBANCE (NO ARREST)",G3
2026-08-03 03:52:25,1,UNKNOWN - ANI/ALI - WRLS PHNS (INCL OPEN LINE),DISTURBANCE - OTHER,N2
2026-08-03 03:52:25,1,UNKNOWN - ANI/ALI - WRLS PHNS (INCL OPEN LINE),DISTURBANCE - OTHER,N2
2026-08-03 03:37:30,2,MVC - COLLISION (ALL),DISTURBANCE - OTHER,U3
2026-08-03 03:21:44,2,DISTURBANCE,DISTURBANCE - OTHER,C3
2026-08-03 03:07:56,1,SHOTS HEARD - IN PROGRESS,DISTURBANCE - NOISE,G2
2026-08-03 03:07:56,1,SHOTS HEARD - IN PROGRESS,DISTURBANCE - NOISE,G2
2026-08-03 03:07:56,1,SHOTS HEARD - IN PROGRESS,DISTURBANCE - NOISE,G2
2026-08-03 02:57:30,1,SHOTS HEARD - IN PROGRESS,DISTURBANCE - OTHER,C3
2026-08-03 02:57:30,1,SHOTS HEARD - IN PROGRESS,DISTURBANCE - OTHER,C3
2026-08-03 02:56:50,1,ASLT - DV CRITICAL,"DV - ARGUMENTS, DISTURBANCE (NO ARREST)",D2
2026-08-03 02:56:50,1,ASLT - DV CRITICAL,"DV - ARGUMENTS, DISTURBANCE (NO ARREST)",D2
2026-08-03 02:50:39,2,DISTURBANCE,DISTURBANCE - OTHER,R1
2026-08-03 02:50:39,2,DISTURBANCE,DISTURBANCE - OTHER,R1
2026-08-03 02:22:52,1,DISTURBANCE - DV CRITICAL,DISTURBANCE - OTHER,G1
2026-08-03 02:22:52,1,DISTURBANCE - DV CRITICAL,DISTURBANCE - OTHER,G1
2026-08-03 02:22:52,1,DISTURBANCE - DV CRITICAL,DISTURBANCE - OTHER,G1
2026-08-03 02:22:52,1,DISTURBANCE - DV CRITICAL,DISTURBANCE - OTHER,G1
2026-08-03 02:22:52,1,DISTURBANCE - DV CRITICAL,DISTURBANCE - OTHER,G1
2026-08-03 02:22:52,1,DISTURBANCE - DV CRITICAL,DISTURBANCE - OTHER,G1
2026-08-03 02:18:18,3,"SUSPICIOUS PERSON, VEHICLE, OR INCIDENT",DISTURBANCE - OTHER,B2
2026-08-03 02:17:25,2,"ALARM - COMM, SILENT/AUD BURG (INCL BANKS)",DISTURBANCE - NOISE,E2
2026-08-03 02:17:25,2,"ALARM - COMM, SILENT/AUD BURG (INCL BANKS)",DISTURBANCE - NOISE,E2
2026-08-03 02:14:00,1,DISTURBANCE,DISTURBANCE - NOISE,E1
2026-08-03 02:14:00,1,DISTURBANCE,DISTURBANCE - NOISE,E1
2026-08-03 02:14:00,1,DISTURBANCE,DISTURBANCE - NOISE,E1
2026-08-03 02:14:00,1,DISTURBANCE,DISTURBANCE - NOISE,E1
2026-08-03 02:08:23,4,NOISE - GENERAL,DISTURBANCE - NOISE,W2
2026-08-03 02:07:26,2,DISTURBANCE,DISTURBANCE - OTHER,S1
2026-08-03 01:59:01,1,DISTURBANCE - DV CRITICAL,DISTURBANCE - OTHER,S3
2026-08-03 01:53:16,4,NOISE - GENERAL,DISTURBANCE - NOISE RESIDENTIAL,E3
2026-08-03 01:47:26,4,NOISE - GENERAL,DISTURBANCE - NOISE,D1
2026-08-03 01:40:41,2,ASLT - WITH OR W/O WPNS (NO SHOOTINGS),DISTURBANCE - OTHER,F2
2026-08-03 01:40:41,2,ASLT - WITH OR W/O WPNS (NO SHOOTINGS),DISTURBANCE - OTHER,F2
2026-08-03 01:14:49,1,DISTURBANCE - DV CRITICAL,"SUSPICIOUS CIRCUM. - BUILDING (OPEN DOOR, ETC)",D2
2026-08-03 01:14:49,1,DISTURBANCE - DV CRITICAL,"SUSPICIOUS CIRCUM. - BUILDING (OPEN DOOR, ETC)",D2
2026-08-03 01:09:06,2,DISTURBANCE - DV - NO ASLT,DISTURBANCE - OTHER,U2
2026-08-03 01:05:22,1,SHOTS HEARD - IN PROGRESS,DISTURBANCE - NOISE,R3
2026-08-03 01:00:17,3,ASLT - WITH OR W/O WPNS (NO SHOOTINGS),DISTURBANCE - FIGHT,M2
2026-08-03 01:00:17,3,ASLT - WITH OR W/O WPNS (NO SHOOTINGS),DISTURBANCE - FIGHT,M2
2026-08-03 01:00:17,3,ASLT - WITH OR W/O WPNS (NO SHOOTINGS),DISTURBANCE - FIGHT,M2
2026-08-03 01:00:17,3,ASLT - WITH OR W/O WPNS (NO SHOOTINGS),DISTURBANCE - FIGHT,M2
2026-08-03 00:59:46,4,NOISE - GENERAL,DISTURBANCE - NOISE,L2
2026-08-03 00:51:58,3,"ANIMAL - INJURED, DEAD HAZARD, OTHER","ANIMAL COMPLAINT - NOISE,STRAY,BITE",G3
2026-08-03 00:51:58,3,"ANIMAL - INJURED, DEAD HAZARD, OTHER","ANIMAL COMPLAINT - NOISE,STRAY,BITE",G3
2026-08-03 00:51:58,3,"ANIMAL - INJURED, DEAD HAZARD, OTHER","ANIMAL COMPLAINT - NOISE,STRAY,BITE",G3
2026-08-03 00:50:42,4,NOISE - GENERAL,DISTURBANCE - NOISE,W2
2026-08-03 00:49:14,2,DISTURBANCE - DV - NO ASLT,"DV - ARGUMENTS, DISTURBANCE (NO ARREST)",B3
2026-08-03 00:49:14,2,DISTURBANCE - DV - NO ASLT,"DV - ARGUMENTS, DISTURBANCE (NO ARREST)",B3
2026-08-03 00:29:38,4,NOISE - GENERAL,DISTURBANCE - NOISE RESIDENTIAL,R3
2026-08-03 00:27:15,1,DISTURBANCE - DV CRITICAL,"DV - ARGUMENTS, DISTURBANCE (NO ARREST)",L3
2026-08-03 00:27:05,4,NOISE - GENERAL,DISTURBANCE - NOISE,U1
2026-08-03 00:23:17,4,NOISE - GENERAL,DISTURBANCE - NOISE,R2
2026-08-03 00:14:06,1,DISTURBANCE - DV CRITICAL,"DV - ARGUMENTS, DISTURBANCE (NO ARREST)",S2
2026-08-03 00:14:06,1,DISTURBANCE - DV CRITICAL,"DV - ARGUMENTS, DISTURBANCE (NO ARREST)",S2
2026-08-03 00:14:06,1,DISTURBANCE - DV CRITICAL,"DV - ARGUMENTS, DISTURBANCE (NO ARREST)",S2
2026-08-02 23:47:03,1,SHOTS HEARD - IN PROGRESS,DISTURBANCE - OTHER,C1
2026-08-02 23:47:03,1,SHOTS HEARD - IN PROGRESS,DISTURBANCE - OTHER,C1
2026-08-02 23:46:24,3,ASLT - WITH OR W/O WPNS (NO SHOOTINGS),DISTURBANCE - OTHER,D3
2026-08-02 23:46:24,3,ASLT - WITH OR W/O WPNS (NO SHOOTINGS),DISTURBANCE - OTHER,D3
2026-08-02 23:29:34,1,DISTURBANCE,DISTURBANCE - NOISE RESIDENTIAL,E2
2026-08-02 23:29:34,1,DISTURBANCE,DISTURBANCE - NOISE RESIDENTIAL,E2
2026-08-02 23:29:34,1,DISTURBANCE,DISTURBANCE - NOISE RESIDENTIAL,E2
2026-08-02 22:58:27,2,DISTURBANCE,DISTURBANCE - OTHER,R3
2026-08-02 22:50:59,4,NOISE - GENERAL,DISTURBANCE - NOISE,B2
2026-08-02 22:49:31,1,TRAFFIC - ROAD RAGE,DISTURBANCE - OTHER,Q3
2026-08-02 22:49:31,1,TRAFFIC - ROAD RAGE,DISTURBANCE - OTHER,Q3
2026-08-02 22:49:31,1,TRAFFIC - ROAD RAGE,DISTURBANCE - OTHER,Q3
2026-08-02 22:49:31,1,TRAFFIC - ROAD RAGE,DISTURBANCE - OTHER,Q3
2026-08-02 22:49:28,1,"CHILD - CRITICAL ABAND, ABUSE, MOLEST, NEGLECT",DISTURBANCE - JUVENILE,L3
2026-08-02 22:49:28,1,"CHILD - CRITICAL ABAND, ABUSE, MOLEST, NEGLECT",DISTURBANCE - JUVENILE,L3
2026-08-02 22:49:28,1,"CHILD - CRITICAL ABAND, ABUSE, MOLEST, NEGLECT",DISTURBANCE - JUVENILE,L3
2026-08-02 22:38:06,1,SHOTS HEARD - IN PROGRESS,DISTURBANCE - OTHER,D2
2026-08-02 22:26:33,4,NOISE - GENERAL,DISTURBANCE - NOISE,B2
2026-08-02 22:25:44,2,DISTURBANCE,ASSIST PUBLIC - OTHER (NON-SPECIFIED),F2
2026-08-02 22:25:44,2,DISTURBANCE,ASSIST PUBLIC - OTHER (NON-SPECIFIED),F2
2026-08-02 22:24:42,1,DISTURBANCE,DISTURBANCE - NOISE RESIDENTIAL,N3
2026-08-02 22:24:42,1,DISTURBANCE,DISTURBANCE - NOISE RESIDENTIAL,N3
2026-08-02 22:24:42,1,DISTURBANCE,DISTURBANCE - NOISE RESIDENTIAL,N3
2026-08-02 22:22:19,2,DISTURBANCE - DV - NO ASLT,"DV - ARGUMENTS, DISTURBANCE (NO ARREST)",G3
2026-08-02 22:22:19,2,DISTURBANCE - DV - NO ASLT,"DV - ARGUMENTS, DISTURBANCE (NO ARREST)",G3
2026-08-02 22:20:56,4,NOISE - GENERAL,DISTURBANCE - OTHER,G2
2026-08-02 22:20:43,3,DISTURBANCE,"SUSPICIOUS CIRCUM. - BUILDING (OPEN DOOR, ETC)",R3
2026-08-02 22:10:47,2,THREATS (INCLS IN-PERSON/BY PHONE/IN WRITING),DISTURBANCE - OTHER,Q3
2026-08-02 22:06:23,3,"ANIMAL - INJURED, DEAD HAZARD, OTHER","ANIMAL COMPLAINT - NOISE,STRAY,BITE",E1
2026-08-02 22:06:23,3,"ANIMAL - INJURED, DEAD HAZARD, OTHER","ANIMAL COMPLAINT - NOISE,STRAY,BITE",E1
2026-08-02 21:59:17,2,"SUSPICIOUS PERSON, VEHICLE, OR INCIDENT","DV - ARGUMENTS, DISTURBANCE (NO ARREST)",U1
2026-08-02 21:59:17,2,"SUSPICIOUS PERSON, VEHICLE, OR INCIDENT","DV - ARGUMENTS, DISTURBANCE (NO ARREST)",U1
2026-08-02 21:57:03,2,DISTURBANCE - DV - NO ASLT,"DV - ARGUMENTS, DISTURBANCE (NO ARREST)",W2
2026-08-02 21:56:56,1,DISTURBANCE,DISTURBANCE - OTHER,C3
2026-08-02 21:56:56,1,DISTURBANCE,DISTURBANCE - OTHER,C3
2026-08-02 21:56:56,1,DISTURBANCE,DISTURBANCE - OTHER,C3
2026-08-02 21:56:38,2,DISTURBANCE,DISTURBANCE - OTHER,U3
2026-08-02 21:49:31,2,DISTURBANCE - DV - NO ASLT,"DV - ARGUMENTS, DISTURBANCE (NO ARREST)",S2
2026-08-02 21:49:31,2,DISTURBANCE - DV - NO ASLT,"DV - ARGUMENTS, DISTURBANCE (NO ARREST)",S2
2026-08-02 21:49:31,2,DISTURBANCE - DV - NO ASLT,"DV - ARGUMENTS, DISTURBANCE (NO ARREST)",S2
2026-08-02 21:49:31,2,DISTURBANCE - DV - NO ASLT,"DV - ARGUMENTS, DISTURBANCE (NO ARREST)",S2
2026-08-02 21:40:30,4,FIREWORKS (NO HAZARD),DISTURBANCE - NOISE,R3
2026-08-02 21:14:42,2,DISTURBANCE,DISTURBANCE - OTHER,B1
2026-08-02 21:14:42,2,DISTURBANCE,DISTURBANCE - OTHER,B1
2026-08-02 21:10:45,2,DISTURBANCE - DV - NO ASLT,DISTURBANCE - OTHER,J3
2026-08-02 21:08:21,2,MVC - HIT AND RUN,DISTURBANCE - OTHER,N2
2026-08-02 21:06:17,2,DISTURBANCE - DV - NO ASLT,DISTURBANCE - OTHER,W1
2026-08-02 21:06:17,2,DISTURBANCE - DV - NO ASLT,DISTURBANCE - OTHER,W1
2026-08-02 21:06:17,2,DISTURBANCE - DV - NO ASLT,DISTURBANCE - OTHER,W1
2026-08-02 21:06:17,2,DISTURBANCE - DV - NO ASLT,DISTURBANCE - OTHER,W1
2026-08-02 20:59:26,4,NOISE - GENERAL,DISTURBANCE - NOISE RESIDENTIAL,B3
2026-08-02 20:59:01,2,DISTURBANCE,DISTURBANCE - OTHER,G2
2026-08-02 20:59:01,2,DISTURBANCE,DISTURBANCE - OTHER,G2
2026-08-02 20:59:01,2,DISTURBANCE,DISTURBANCE - OTHER,G2
2026-08-02 20:44:17,3,DISTURBANCE,DISTURBANCE - OTHER,Q2
2026-08-02 20:35:27,1,DISTURBANCE - DV CRITICAL,ASSIST PUBLIC - OTHER (NON-SPECIFIED),R3
2026-08-02 20:35:27,1,DISTURBANCE - DV CRITICAL,ASSIST PUBLIC - OTHER (NON-SPECIFIED),R3
2026-08-02 20:35:27,1,DISTURBANCE - DV CRITICAL,ASSIST PUBLIC - OTHER (NON-SPECIFIED),R3
2026-08-02 20:25:17,4,NOISE - GENERAL,DISTURBANCE - NOISE,K2
2026-08-02 20:09:10,4,NOISE - GENERAL,DISTURBANCE - NOISE,U3
2026-08-02 20:09:10,4,NOISE - GENERAL,DISTURBANCE - NOISE,U3
2026-08-02 20:09:10,4,NOISE - GENERAL,DISTURBANCE - NOISE,U3
2026-08-02 19:43:02,2,DISTURBANCE,DISTURBANCE - OTHER,B2
2026-08-02 19:43:02,2,DISTURBANCE,DISTURBANCE - OTHER,B2
2026-08-02 19:43:02,2,DISTURBANCE,DISTURBANCE - OTHER,B2
2026-08-02 19:37:55,2,HAZ - POTENTIAL THRT TO PHYS SAFETY,DISTURBANCE - OTHER,W3
2026-08-02 19:37:17,4,NOISE - GENERAL,DISTURBANCE - NOISE,U1
2026-08-02 19:35:10,2,DISTURBANCE,DISTURBANCE - OTHER,O3
2026-08-02 19:27:43,2,DISTURBANCE,DISTURBANCE - OTHER,D1
2026-08-02 19:22:43,2,PROPERTY - DAMAGE,DISTURBANCE - OTHER,B1
2026-08-02 19:15:55,3,DISTURBANCE - DV - NO ASLT,ASSIST PUBLIC - OTHER (NON-SPECIFIED),S1
2026-08-02 19:14:36,4,NOISE - GENERAL,DISTURBANCE - NOISE RESIDENTIAL,S2
2026-08-02 19:11:51,4,NOISE - GENERAL,DISTURBANCE - NOISE,G2
2026-08-02 18:56:40,1,DISTURBANCE - DV CRITICAL,"DV - ARGUMENTS, DISTURBANCE (NO ARREST)",S1
2026-08-02 18:56:40,1,DISTURBANCE - DV CRITICAL,"DV - ARGUMENTS, DISTURBANCE (NO ARREST)",S1
2026-08-02 18:56:36,2,"WEAPN - GUN,DEADLY WPN (NO THRTS/ASLT/DIST)",DISTURBANCE - OTHER,B1
2026-08-02 18:53:22,1,DISTURBANCE,DISTURBANCE - OTHER,N2
2026-08-02 18:51:42,3,NUISANCE,DISTURBANCE - OTHER,E3
2026-08-02 18:51:42,3,NUISANCE,DISTURBANCE - OTHER,E3
2026-08-02 18:41:59,2,DISTURBANCE - DV - NO ASLT,"DV - ARGUMENTS, DISTURBANCE (NO ARREST)",S2
2026-08-02 18:32:27,2,DISTURBANCE,SUSPICIOUS CIRCUM. - SUSPICIOUS PERSON,N2
2026-08-02 18:29:22,2,DISTURBANCE,DISTURBANCE - OTHER,E2
2026-08-02 18:23:57,2,DISTURBANCE,DISTURBANCE - OTHER,K2
2026-08-02 18:21:27,2,DISTURBANCE,DISTURBANCE - NOISE,G2
2026-08-02 18:20:59,3,ORDER - VIOLATION OF COURT ORDER (NON DV),DISTURBANCE - OTHER,J3
2026-08-02 18:20:59,3,ORDER - VIOLATION OF COURT ORDER (NON DV),DISTURBANCE - OTHER,J3
2026-08-02 18:19:58,2,DISTURBANCE,DISTURBANCE - OTHER,R2
2026-08-02 18:19:58,2,DISTURBANCE,DISTURBANCE - OTHER,R2
2026-08-02 18:07:31,2,TRESPASS,DISTURBANCE - OTHER,B1
2026-08-02 18:03:30,2,DISTURBANCE,SUSPICIOUS CIRCUM. - SUSPICIOUS PERSON,N3
2026-08-02 18:03:30,2,DISTURBANCE,SUSPICIOUS CIRCUM. - SUSPICIOUS PERSON,N3
2026-08-02 17:52:19,2,DISTURBANCE - DV - NO ASLT,"DV - ARGUMENTS, DISTURBANCE (NO ARREST)",S1
2026-08-02 17:52:19,2,DISTURBANCE - DV - NO ASLT,"DV - ARGUMENTS, DISTURBANCE (NO ARREST)",S1
2026-08-02 17:52:19,2,DISTURBANCE - DV - NO ASLT,"DV - ARGUMENTS, DISTURBANCE (NO ARREST)",S1
2026-08-02 17:52:19,2,DISTURBANCE - DV - NO ASLT,"DV - ARGUMENTS, DISTURBANCE (NO ARREST)",S1
2026-08-02 17:48:31,2,DISTURBANCE,DISTURBANCE - OTHER,B2
2026-08-02 17:38:19,2,DISTURBANCE - DV - NO ASLT,SUSPICIOUS CIRCUM. - SUSPICIOUS PERSON,E1
2026-08-02 17:34:15,2,DISTURBANCE,DISTURBANCE - NOISE RESIDENTIAL,J3
2026-08-02 17:31:44,2,FIGHT - PHYSICAL (NO WEAPONS),DISTURBANCE - OTHER,D1
2026-08-02 17:28:18,3,NUISANCE,DISTURBANCE - OTHER,B1
2026-08-02 17:21:15,2,ASLT - WITH OR W/O WPNS (NO SHOOTINGS),DISTURBANCE - OTHER,N3
2026-08-02 17:11:14,2,DISTURBANCE,ASSIST PUBLIC - OTHER (NON-SPECIFIED),O3
2026-08-02 16:58:12,2,DISTURBANCE,"ASSAULTS, OTHER",N2
2026-08-02 16:57:05,2,DISTURBANCE,DISTURBANCE - OTHER,E1
2026-08-02 16:54:55,1,UNKNOWN - ANI/ALI - LANDLINE (INCLUDES OPEN LINE),DISTURBANCE - FIGHT,S2
2026-08-02 16:54:55,1,UNKNOWN - ANI/ALI - LANDLINE (INCLUDES OPEN LINE),DISTURBANCE - FIGHT,S2
2026-08-02 16:54:55,1,UNKNOWN - ANI/ALI - LANDLINE (INCLUDES OPEN LINE),DISTURBANCE - FIGHT,S2
2026-08-02 16:49:25,3,DISTURBANCE,DISTURBANCE - OTHER,W1
2026-08-02 16:37:57,2,DISTURBANCE,DISTURBANCE - OTHER,R2
2026-08-02 16:37:57,2,DISTURBANCE,DISTURBANCE - OTHER,R2
2026-08-02 16:36:58,1,THREATS - DV - NO ASSAULT,"DV - ARGUMENTS, DISTURBANCE (NO ARREST)",K3
2026-08-02 16:36:58,1,THREATS - DV - NO ASSAULT,"DV - ARGUMENTS, DISTURBANCE (NO ARREST)",K3
2026-08-02 16:36:58,1,THREATS - DV - NO ASSAULT,"DV - ARGUMENTS, DISTURBANCE (NO ARREST)",K3
2026-08-02 16:36:58,1,THREATS - DV - NO ASSAULT,"DV - ARGUMENTS, DISTURBANCE (NO ARREST)",K3
2026-08-02 16:19:10,3,NUISANCE,DISTURBANCE - OTHER,C2
2026-08-02 16:19:10,3,NUISANCE,DISTURBANCE - OTHER,C2
2026-08-02 16:01:21,3,DISTURBANCE,SUSPICIOUS CIRCUM. - SUSPICIOUS PERSON,S3
2026-08-02 16:00:39,3,DISTURBANCE,DISTURBANCE - OTHER,R3
2026-08-02 16:00:39,3,DISTURBANCE,DISTURBANCE - OTHER,R3
2026-08-02 15:59:30,2,DISTURBANCE,SUSPICIOUS CIRCUM. - SUSPICIOUS PERSON,S3
2026-08-02 15:59:30,2,DISTURBANCE,SUSPICIOUS CIRCUM. - SUSPICIOUS PERSON,S3
2026-08-02 15:59:30,2,DISTURBANCE,SUSPICIOUS CIRCUM. - SUSPICIOUS PERSON,S3
2026-08-02 15:54:16,2,DISTURBANCE,"DV - ARGUMENTS, DISTURBANCE (NO ARREST)",C1
2026-08-02 15:39:56,2,DISTURBANCE,DISTURBANCE - OTHER,O1
2026-08-02 15:39:56,2,DISTURBANCE,DISTURBANCE - OTHER,O1
2026-08-02 15:38:22,2,CUSTODIAL INTERFERENCE - DV,"DV - ARGUMENTS, DISTURBANCE (NO ARREST)",S3
2026-08-02 15:30:09,2,DISTURBANCE,DISTURBANCE - OTHER,W2
2026-08-02 15:21:24,3,DISTURBANCE,DISTURBANCE - OTHER,R3
2026-08-02 15:21:24,3,DISTURBANCE,DISTURBANCE - OTHER,R3
2026-08-02 15:16:48,1,DISTURBANCE,SUSPICIOUS CIRCUM. - SUSPICIOUS PERSON,L1
2026-08-02 15:16:48,1,DISTURBANCE,SUSPICIOUS CIRCUM. - SUSPICIOUS PERSON,L1
2026-08-02 15:16:48,1,DISTURBANCE,SUSPICIOUS CIRCUM. - SUSPICIOUS PERSON,L1
2026-08-02 15:16:48,1,DISTURBANCE,SUSPICIOUS CIRCUM. - SUSPICIOUS PERSON,L1
2026-08-02 15:16:48,1,DISTURBANCE,SUSPICIOUS CIRCUM. - SUSPICIOUS PERSON,L1
2026-08-02 15:14:12,4,NOISE - GENERAL,DISTURBANCE - NOISE RESIDENTIAL,Q2
2026-08-02 14:57:58,2,DISTURBANCE,DISTURBANCE - OTHER,F1
2026-08-02 14:51:21,2,SERVICE - WELFARE CHECK,DISTURBANCE - OTHER,G2
2026-08-02 14:43:26,5,TRU - DISTURBANCE,ASSIST PUBLIC - OTHER (NON-SPECIFIED),E3
2026-08-02 14:11:21,2,DISTURBANCE,DISTURBANCE - OTHER,G2
2026-08-02 13:38:32,2,DISTURBANCE,PROWLER - TRESPASS,N3
2026-08-02 13:35:19,2,DISTURBANCE,DISTURBANCE - OTHER,D3
2026-08-02 13:23:58,1,DISTURBANCE - DV - NO ASLT,"DV - ARGUMENTS, DISTURBANCE (NO ARREST)",Q2
2026-08-02 13:23:58,1,DISTURBANCE - DV - NO ASLT,"DV - ARGUMENTS, DISTURBANCE (NO ARREST)",Q2
2026-08-02 13:16:16,2,DISTURBANCE,THEFT - ALL OTHER,O3
2026-08-02 13:12:36,2,DISTURBANCE,DISTURBANCE - OTHER,M3
2026-08-02 13:07:43,2,THREATS (INCLS IN-PERSON/BY PHONE/IN WRITING),DISTURBANCE - OTHER,G1
2026-08-02 13:07:37,2,FIGHT - PHYSICAL (NO WEAPONS),DISTURBANCE - OTHER,K2
2026-08-02 13:07:37,2,FIGHT - PHYSICAL (NO WEAPONS),DISTURBANCE - OTHER,K2
2026-08-02 13:07:37,2,FIGHT - PHYSICAL (NO WEAPONS),DISTURBANCE - OTHER,K2
2026-08-02 12:55:57,2,DISTURBANCE - DV - NO ASLT,"DV - ARGUMENTS, DISTURBANCE (NO ARREST)",N1
2026-08-02 12:55:57,2,DISTURBANCE - DV - NO ASLT,"DV - ARGUMENTS, DISTURBANCE (NO ARREST)",N1
2026-08-02 12:52:48,3,DISTURBANCE,SEX OFFENSES (NON-RAPE) - FAILURE TO REGISTER,M1
2026-08-02 12:52:48,3,DISTURBANCE,SEX OFFENSES (NON-RAPE) - FAILURE TO REGISTER,M1
2026-08-02 12:52:48,3,DISTURBANCE,SEX OFFENSES (NON-RAPE) - FAILURE TO REGISTER,M1
2026-08-02 12:48:47,3,THREATS (INCLS IN-PERSON/BY PHONE/IN WRITING),DISTURBANCE - OTHER,M3
2026-08-02 12:44:38,3,THREATS (INCLS IN-PERSON/BY PHONE/IN WRITING),DISTURBANCE - OTHER,U3
2026-08-02 12:44:38,3,THREATS (INCLS IN-PERSON/BY PHONE/IN WRITING),DISTURBANCE - OTHER,U3
2026-08-02 12:35:40,2,DISTURBANCE - DV - NO ASLT,DV - DOMESTIC VIOLENCE (ARREST DISCRETIONARY),U1
2026-08-02 12:23:48,2,ASLT - DV,"DV - ARGUMENTS, DISTURBANCE (NO ARREST)",L2
2026-08-02 12:23:48,2,ASLT - DV,"DV - ARGUMENTS, DISTURBANCE (NO ARREST)",L2
2026-08-02 12:23:48,2,ASLT - DV,"DV - ARGUMENTS, DISTURBANCE (NO ARREST)",L2
2026-08-02 12:23:38,3,DISTURBANCE,DISTURBANCE - OTHER,N3
2026-08-02 12:23:01,3,DISTURBANCE,DISTURBANCE - OTHER,K1
2026-08-02 12:11:16,4,NOISE - GENERAL,DISTURBANCE - OTHER,Q2
2026-08-02 12:03:44,3,ORDER - VIOLATION OF COURT ORDER (NON DV),"DV - ARGUMENTS, DISTURBANCE (NO ARREST)",C2
2026-08-02 12:02:02,2,DISTURBANCE,DISTURBANCE - OTHER,K2
2026-08-02 12:02:02,2,DISTURBANCE,DISTURBANCE - OTHER,K2
2026-08-02 11:45:38,2,DISTURBANCE - DV - NO ASLT,"DV - ARGUMENTS, DISTURBANCE (NO ARREST)",S2
2026-08-02 11:19:39,2,DISTURBANCE - DV - NO ASLT,DV - ENFORCE COURT ORDER (ARREST MANDATED),S1
2026-08-02 11:15:16,2,DISTURBANCE,DISTURBANCE - OTHER,M3
2026-08-02 11:04:37,2,ASLT - WITH OR W/O WPNS (NO SHOOTINGS),DISTURBANCE - FIGHT,W2
2026-08-02 11:04:37,2,ASLT - WITH OR W/O WPNS (NO SHOOTINGS),DISTURBANCE - FIGHT,W2
2026-08-02 10:59:51,2,DISTURBANCE - DV - NO ASLT,"DV - ARGUMENTS, DISTURBANCE (NO ARREST)",N2
2026-08-02 10:43:37,2,DISTURBANCE,SUSPICIOUS CIRCUM. - SUSPICIOUS PERSON,K3
2026-08-02 10:43:37,2,DISTURBANCE,SUSPICIOUS CIRCUM. - SUSPICIOUS PERSON,K3
2026-08-02 10:30:04,3,NUISANCE,DISTURBANCE - OTHER,B1
2026-08-02 10:28:48,2,DISTURBANCE,DISTURBANCE - OTHER,E1
2026-08-02 10:05:16,1,DISTURBANCE - DV CRITICAL,DISTURBANCE - OTHER,N2
2026-08-02 10:05:16,1,DISTURBANCE - DV CRITICAL,DISTURBANCE - OTHER,N2
2026-08-02 09:59:54,2,DISTURBANCE,DISTURBANCE - OTHER,L1
2026-08-02 09:51:46,2,DISTURBANCE,DISTURBANCE - OTHER,D3
2026-08-02 09:51:46,2,DISTURBANCE,DISTURBANCE - OTHER,D3
2026-08-02 09:35:21,2,DISTURBANCE,"DV - ARGUMENTS, DISTURBANCE (NO ARREST)",N3
2026-08-02 09:08:15,3,CUSTODIAL INTERFERENCE - DV,"DV - ARGUMENTS, DISTURBANCE (NO ARREST)",W3
2026-08-02 09:05:14,2,DISTURBANCE,ASSIST PUBLIC - OTHER (NON-SPECIFIED),C2
2026-08-02 08:57:13,3,FOLLOW UP,DISTURBANCE - OTHER,N3
2026-08-02 08:50:37,1,ASLT - DV CRITICAL,"DV - ARGUMENTS, DISTURBANCE (NO ARREST)",F2
2026-08-02 08:50:37,1,ASLT - DV CRITICAL,"DV - ARGUMENTS, DISTURBANCE (NO ARREST)",F2
2026-08-02 08:34:27,3,MVC - HIT AND RUN,DISTURBANCE - OTHER,C1
2026-08-02 08:33:21,3,DISTURBANCE,DISTURBANCE - NOISE,U3
2026-08-02 08:22:06,3,DISTURBANCE,DISTURBANCE - OTHER,D2
2026-08-02 08:22:06,3,DISTURBANCE,DISTURBANCE - OTHER,D2
2026-08-02 07:54:59,2,DISTURBANCE,DISTURBANCE - OTHER,D2
2026-08-02 07:54:59,2,DISTURBANCE,DISTURBANCE - OTHER,D2
2026-08-02 07:46:51,4,NOISE - GENERAL,DISTURBANCE - NOISE,W1
2026-08-02 07:46:51,4,NOISE - GENERAL,DISTURBANCE - NOISE,W1
2026-08-02 07:31:28,1,FIGHT - CRITICAL WITH WEAPONS,DISTURBANCE - FIGHT,B1
2026-08-02 07:31:28,1,FIGHT - CRITICAL WITH WEAPONS,DISTURBANCE - FIGHT,B1
2026-08-02 07:31:28,1,FIGHT - CRITICAL WITH WEAPONS,DISTURBANCE - FIGHT,B1
2026-08-02 07:31:28,1,FIGHT - CRITICAL WITH WEAPONS,DISTURBANCE - FIGHT,B1
2026-08-02 07:31:28,1,FIGHT - CRITICAL WITH WEAPONS,DISTURBANCE - FIGHT,B1
2026-08-02 07:28:16,4,NOISE - GENERAL,DISTURBANCE - NOISE,U3
2026-08-02 06:59:45,2,DISTURBANCE,DISTURBANCE - OTHER,W1
2026-08-02 06:59:45,2,DISTURBANCE,DISTURBANCE - OTHER,W1
2026-08-02 06:59:45,2,DISTURBANCE,DISTURBANCE - OTHER,W1
2026-08-02 06:46:14,2,DISTURBANCE,"ASSAULTS - HARASSMENT, THREATS",E1
2026-08-02 06:46:14,2,DISTURBANCE,"ASSAULTS - HARASSMENT, THREATS",E1
2026-08-02 06:46:14,2,DISTURBANCE,"ASSAULTS - HARASSMENT, THREATS",E1
2026-08-02 05:33:08,2,ASLT - DV,DISTURBANCE - OTHER,G3
2026-08-02 05:33:08,2,ASLT - DV,DISTURBANCE - OTHER,G3
2026-08-02 05:27:25,4,INFORMATIONAL BROADCASTS,"ANIMAL COMPLAINT - NOISE,STRAY,BITE",B1
2026-08-02 05:27:17,1,ASLT - DV CRITICAL,"DV - ARGUMENTS, DISTURBANCE (NO ARREST)",J1
2026-08-02 05:27:17,1,ASLT - DV CRITICAL,"DV - ARGUMENTS, DISTURBANCE (NO ARREST)",J1
2026-08-02 05:27:17,1,ASLT - DV CRITICAL,"DV - ARGUMENTS, DISTURBANCE (NO ARREST)",J1
2026-08-02 05:27:17,1,ASLT - DV CRITICAL,"DV - ARGUMENTS, DISTURBANCE (NO ARREST)",J1
2026-08-02 05:26:12,3,DISTURBANCE,DISTURBANCE - OTHER,S3
2026-08-02 05:05:56,3,DISTURBANCE,DISTURBANCE - OTHER,J2
2026-08-02 04:55:09,1,SHOTS HEARD - IN PROGRESS,DISTURBANCE - OTHER,L2
2026-08-02 04:55:09,1,SHOTS HEARD - IN PROGRESS,DISTURBANCE - OTHER,L2
2026-08-02 04:53:13,2,DISTURBANCE,DISTURBANCE - OTHER,N3
2026-08-02 04:45:19,2,ASLT - WITH OR W/O WPNS (NO SHOOTINGS),DISTURBANCE - OTHER,K2
2026-08-02 04:45:19,2,ASLT - WITH OR W/O WPNS (NO SHOOTINGS),DISTURBANCE - OTHER,K2
2026-08-02 04:44:08,3,DISTURBANCE,DISTURBANCE - NOISE,N3
2026-08-02 04:44:08,3,DISTURBANCE,DISTURBANCE - NOISE,N3
2026-08-02 04:44:08,3,DISTURBANCE,DISTURBANCE - NOISE,N3
2026-08-02 04:41:54,3,"SUSPICIOUS PERSON, VEHICLE, OR INCIDENT",DISTURBANCE - NOISE,G2
2026-08-02 04:30:12,1,UNKNOWN - ANI/ALI - WRLS PHNS (INCL OPEN LINE),DISTURBANCE - NOISE,B3
2026-08-02 04:18:30,2,DISTURBANCE,SUSPICIOUS CIRCUM. - SUSPICIOUS PERSON,Q2
2026-08-02 04:18:30,2,DISTURBANCE,SUSPICIOUS CIRCUM. - SUSPICIOUS PERSON,Q2
2026-08-02 03:47:00,2,LIQUOR VIOLATIONS - MINOR,DISTURBANCE - OTHER,Q1
2026-08-02 03:45:03,2,DISTURBANCE,DISTURBANCE - OTHER,Q2
2026-08-02 03:37:32,4,NOISE - GENERAL,DISTURBANCE - NOISE,W1
2026-08-02 03:35:41,4,NOISE - GENERAL,DISTURBANCE - NOISE,W1
2026-08-02 03:31:45,1,SHOTS HEARD - IN PROGRESS,DISTURBANCE - NOISE,N3
2026-08-02 03:31:45,1,SHOTS HEARD - IN PROGRESS,DISTURBANCE - NOISE,N3
2026-08-02 03:31:22,4,NOISE - GENERAL,DISTURBANCE - NOISE RESIDENTIAL,R3
2026-08-02 03:28:55,4,NOISE - GENERAL,DISTURBANCE - NOISE,W2
2026-08-02 03:18:32,1,ASLT - DV CRITICAL,DISTURBANCE - OTHER,R2
2026-08-02 03:18:32,1,ASLT - DV CRITICAL,DISTURBANCE - OTHER,R2
2026-08-02 03:18:32,1,ASLT - DV CRITICAL,DISTURBANCE - OTHER,R2
2026-08-02 03:18:32,1,ASLT - DV CRITICAL,DISTURBANCE - OTHER,R2
2026-08-02 03:15:45,2,FIGHT - PHYSICAL (NO WEAPONS),DISTURBANCE - OTHER,W1
2026-08-02 03:01:51,2,"SUSPICIOUS PERSON, VEHICLE, OR INCIDENT",DISTURBANCE - OTHER,N3
2026-08-02 03:01:51,2,"SUSPICIOUS PERSON, VEHICLE, OR INCIDENT",DISTURBANCE - OTHER,N3
2026-08-02 03:01:51,2,"SUSPICIOUS PERSON, VEHICLE, OR INCIDENT",DISTURBANCE - OTHER,N3
2026-08-02 03:01:51,2,"SUSPICIOUS PERSON, VEHICLE, OR INCIDENT",DISTURBANCE - OTHER,N3
2026-08-02 02:55:11,3,SERVICE - WELFARE CHECK,DISTURBANCE - NOISE RESIDENTIAL,N1
2026-08-02 02:29:28,2,DISTURBANCE,DISTURBANCE - OTHER,E1
2026-08-02 02:29:28,2,DISTURBANCE,DISTURBANCE - OTHER,E1
2026-08-02 02:18:58,4,NOISE - GENERAL,DISTURBANCE - NOISE,Q1
2026-08-02 02:16:18,2,HAZ - POTENTIAL THRT TO PHYS SAFETY,DISTURBANCE - OTHER,Q3
2026-08-02 02:13:12,2,DISTURBANCE,THEFT - ALL OTHER,F1
2026-08-02 02:12:15,1,UNKNOWN - COMPLAINT OF UNKNOWN NATURE,DISTURBANCE - OTHER,G3
2026-08-02 02:12:15,1,UNKNOWN - COMPLAINT OF UNKNOWN NATURE,DISTURBANCE - OTHER,G3
2026-08-02 02:09:20,1,SHOTS HEARD - IN PROGRESS,DISTURBANCE - OTHER,B2
2026-08-02 02:05:49,4,FIREWORKS (NO HAZARD),DISTURBANCE - NOISE,R3
2026-08-02 02:05:41,2,HAZ - POTENTIAL THRT TO PHYS SAFETY,DISTURBANCE - OTHER,E2
2026-08-02 01:58:14,4,NOISE - GENERAL,DISTURBANCE - NOISE,E2
2026-08-02 01:54:02,4,NOISE - GENERAL,MISCHIEF OR NUISANCE - GENERAL,Q3
2026-08-02 01:53:28,4,NOISE - GENERAL,DISTURBANCE - NOISE,E3
2026-08-02 01:51:08,4,FIREWORKS (NO HAZARD),DISTURBANCE - NOISE,Q1
2026-08-02 01:48:27,2,DISTURBANCE,PROWLER - TRESPASS,D2
2026-08-02 01:48:26,2,DISTURBANCE,SUSPICIOUS CIRCUM. - SUSPICIOUS PERSON,M1
2026-08-02 01:47:08,4,NOISE - GENERAL,DISTURBANCE - NOISE,E2
2026-08-02 01:46:32,4,NOISE - GENERAL,DISTURBANCE - NOISE,E2
2026-08-02 01:46:25,4,NOISE - GENERAL,DISTURBANCE - NOISE,E2
2026-08-02 01:41:33,2,DISTURBANCE - DV - NO ASLT,DISTURBANCE - OTHER,F1
2026-08-02 01:41:22,1,DISTURBANCE - DV CRITICAL,"DV - ARGUMENTS, DISTURBANCE (NO ARREST)",S3
2026-08-02 01:41:22,1,DISTURBANCE - DV CRITICAL,"DV - ARGUMENTS, DISTURBANCE (NO ARREST)",S3
2026-08-02 01:40:19,1,THREATS - DV - NO ASSAULT,DISTURBANCE - OTHER,D2
2026-08-02 01:32:11,4,NOISE - GENERAL,DISTURBANCE - NOISE,Q2
2026-08-02 01:26:07,4,NOISE - GENERAL,DISTURBANCE - NOISE,B2
2026-08-02 01:24:54,1,ASLT - DV CRITICAL,"DV - ARGUMENTS, DISTURBANCE (NO ARREST)",F3
2026-08-02 01:24:54,1,ASLT - DV CRITICAL,"DV - ARGUMENTS, DISTURBANCE (NO ARREST)",F3
2026-08-02 01:15:00,2,DISTURBANCE - DV - NO ASLT,DV - DOMESTIC VIOL/ASLT (ARREST MANDATORY),N2
2026-08-02 01:15:00,2,DISTURBANCE - DV - NO ASLT,DV - DOMESTIC VIOL/ASLT (ARREST MANDATORY),N2
2026-08-02 01:15:00,2,DISTURBANCE - DV - NO ASLT,DV - DOMESTIC VIOL/ASLT (ARREST MANDATORY),N2
2026-08-02 01:14:39,2,DISTURBANCE,DISTURBANCE - OTHER,E3
2026-08-02 01:13:23,2,DISTURBANCE,ASSIST PUBLIC - OTHER (NON-SPECIFIED),E2
2026-08-02 01:13:23,2,DISTURBANCE,ASSIST PUBLIC - OTHER (NON-SPECIFIED),E2
2026-08-02 01:09:41,2,TRESPASS,DISTURBANCE - OTHER,K2
2026-08-02 01:08:54,2,DISTURBANCE,PROWLER - TRESPASS,Q3
2026-08-02 00:55:04,2,"SUSPICIOUS PERSON, VEHICLE, OR INCIDENT",DISTURBANCE - OTHER,K3
2026-08-02 00:51:49,4,NOISE - GENERAL,DISTURBANCE - NOISE RESIDENTIAL,S3
2026-08-02 00:51:15,3,DISTURBANCE,PREMISE CHECKS - CRIME PREVENTION,E2
2026-08-02 00:51:15,3,DISTURBANCE,PREMISE CHECKS - CRIME PREVENTION,E2
2026-08-02 00:47:03,2,DISTURBANCE,DISTURBANCE - OTHER,S2
2026-08-02 00:47:03,2,DISTURBANCE,DISTURBANCE - OTHER,S2
2026-08-02 00:43:13,4,NOISE - GENERAL,DISTURBANCE - NOISE,E3
2026-08-02 00:40:37,4,NOISE - GENERAL,DISTURBANCE - NOISE,D1
2026-08-02 00:40:14,2,DOWN - CHECK FOR DOWN PERSON,DISTURBANCE - OTHER,Q3
2026-08-02 00:39:12,2,DISTURBANCE - DV - NO ASLT,DISTURBANCE - OTHER,G2
2026-08-02 00:39:12,2,DISTURBANCE - DV - NO ASLT,DISTURBANCE - OTHER,G2
2026-08-02 00:38:54,4,FIREWORKS (NO HAZARD),DISTURBANCE - NOISE,W3
2026-08-02 00:26:08,1,"SUSPICIOUS PERSON, VEHICLE, OR INCIDENT",DISTURBANCE - NOISE RESIDENTIAL,S2
2026-08-02 00:26:08,1,"SUSPICIOUS PERSON, VEHICLE, OR INCIDENT",DISTURBANCE - NOISE RESIDENTIAL,S2
2026-08-02 00:20:13,2,DISTURBANCE,DISTURBANCE,S2
2026-08-02 00:20:13,2,DISTURBANCE,DISTURBANCE,S2
2026-08-02 00:19:58,4,NOISE - GENERAL,DISTURBANCE - NOISE,E3
2026-08-02 00:17:17,4,NOISE - GENERAL,DISTURBANCE - NOISE,Q3
2026-08-02 00:17:11,2,DISTURBANCE,DISTURBANCE,G1
2026-08-02 00:07:21,2,ASLT - WITH OR W/O WPNS (NO SHOOTINGS),DISTURBANCE - OTHER,D1
2026-08-02 00:07:21,2,ASLT - WITH OR W/O WPNS (NO SHOOTINGS),DISTURBANCE - OTHER,D1
2026-08-02 00:05:38,1,BURG - OCCUPIED RESD,DISTURBANCE - OTHER,U3
2026-08-02 00:05:38,1,BURG - OCCUPIED RESD,DISTURBANCE - OTHER,U3
2026-08-02 00:04:56,2,SERVICE - WELFARE CHECK,DISTURBANCE - OTHER,O3
2026-08-02 00:04:56,2,SERVICE - WELFARE CHECK,DISTURBANCE - OTHER,O3
2026-08-01 23:55:00,4,NOISE - GENERAL,DISTURBANCE - NOISE,E1
2026-08-01 23:38:29,4,NOISE - GENERAL,DISTURBANCE - NOISE,U1
2026-08-01 23:35:08,4,NOISE - GENERAL,DISTURBANCE - NOISE,B3
2026-08-01 23:34:42,1,UNKNOWN - ANI/ALI - WRLS PHNS (INCL OPEN LINE),DISTURBANCE - OTHER,R3
2026-08-01 23:34:42,1,UNKNOWN - ANI/ALI - WRLS PHNS (INCL OPEN LINE),DISTURBANCE - OTHER,R3
2026-08-01 23:27:54,2,ASLT - DV,DISTURBANCE - OTHER,D2
2026-08-01 23:27:30,3,"CHILD - ABAND, ABUSE, MOLEST, NEGLECT",DISTURBANCE - OTHER,N3
2026-08-01 23:25:56,3,"ANIMAL - INJURED, DEAD HAZARD, OTHER","ANIMAL COMPLAINT - NOISE,STRAY,BITE",F3
2026-08-01 23:24:16,2,ASLT - DV,DISTURBANCE - OTHER,F1
2026-08-01 23:23:41,4,NOISE - GENERAL,DISTURBANCE - NOISE,N1
2026-08-01 23:20:37,4,NOISE - GENERAL,DISTURBANCE - NOISE,E1
2026-08-01 23:20:37,4,NOISE - GENERAL,DISTURBANCE - NOISE,E1
2026-08-01 23:20:37,4,NOISE - GENERAL,DISTURBANCE - NOISE,E1
2026-08-01 23:17:41,4,FIREWORKS (NO HAZARD),DISTURBANCE - NOISE,G2
2026-08-01 23:17:41,4,FIREWORKS (NO HAZARD),DISTURBANCE - NOISE,G2
2026-08-01 23:14:21,2,SHOPLIFT - THEFT,DISTURBANCE - OTHER,B1
2026-08-01 23:11:51,4,FIREWORKS (NO HAZARD),DISTURBANCE - NOISE,R3
2026-08-01 23:07:15,4,NOISE - GENERAL,DISTURBANCE - NOISE,G2
2026-08-01 23:04:31,2,DISTURBANCE,DISTURBANCE - NOISE RESIDENTIAL,S1
2026-08-01 23:01:43,4,NOISE - GENERAL,DISTURBANCE - NOISE,W2
2026-08-01 23:01:29,4,NOISE - GENERAL,DISTURBANCE - NOISE RESIDENTIAL,Q2
2026-08-01 22:52:22,2,DISTURBANCE,ASSIST PUBLIC - OTHER (NON-SPECIFIED),B1
2026-08-01 22:38:27,4,NOISE - GENERAL,DISTURBANCE - NOISE RESIDENTIAL,F3
2026-08-01 22:36:13,1,HARBOR - WATER EMERGENCIES,DISTURBANCE - OTHER,HS
2026-08-01 22:25:40,4,NOISE - GENERAL,SUSPICIOUS CIRCUM. - SUSPICIOUS PERSON,W2
2026-08-01 22:18:29,2,DISTURBANCE,PROWLER - TRESPASS,L3
2026-08-01 22:17:53,4,NOISE - GENERAL,DISTURBANCE - NOISE,Q2
2026-08-01 22:12:47,2,DISTURBANCE - DV - NO ASLT,DISTURBANCE - NOISE RESIDENTIAL,L1
2026-08-01 22:12:47,2,DISTURBANCE - DV - NO ASLT,DISTURBANCE - NOISE RESIDENTIAL,L1
2026-08-01 22:12:47,2,DISTURBANCE - DV - NO ASLT,DISTURBANCE - NOISE RESIDENTIAL,L1
2026-08-01 22:03:43,2,HAZ - POTENTIAL THRT TO PHYS SAFETY,DISTURBANCE - OTHER,W1
2026-08-01 22:02:47,2,ORDER - VIOLATING DV COURT ORDER,DISTURBANCE - OTHER,L3
2026-08-01 22:02:47,2,ORDER - VIOLATING DV COURT ORDER,DISTURBANCE - OTHER,L3
2026-08-01 22:02:47,2,ORDER - VIOLATING DV COURT ORDER,DISTURBANCE - OTHER,L3
2026-08-01 21:59:55,2,ORDER - VIOLATING DV COURT ORDER,"DV - ARGUMENTS, DISTURBANCE (NO ARREST)",S3
2026-08-01 21:55:40,2,ASSIST OTHER AGENCY - ROUTINE SERVICE,DISTURBANCE - OTHER,U3
2026-08-01 21:55:04,3,HARBOR - WATER NON-EMERGENCIES,DISTURBANCE - NOISE,NP
2026-08-01 21:51:53,2,DISTURBANCE,DISTURBANCE - OTHER,N3
2026-08-01 21:39:29,1,ASLT - DV CRITICAL,"DV - ARGUMENTS, DISTURBANCE (NO ARREST)",F1
2026-08-01 21:39:29,1,ASLT - DV CRITICAL,"DV - ARGUMENTS, DISTURBANCE (NO ARREST)",F1
2026-08-01 21:39:29,1,ASLT - DV CRITICAL,"DV - ARGUMENTS, DISTURBANCE (NO ARREST)",F1
2026-08-01 21:30:55,2,DISTURBANCE,DISTURBANCE - OTHER,E1
2026-08-01 21:30:55,2,DISTURBANCE,DISTURBANCE - OTHER,E1
2026-08-01 21:21:12,2,DISTURBANCE,DISTURBANCE - OTHER,O3
2026-08-01 21:17:19,3,NUISANCE,DISTURBANCE - OTHER,U1
2026-08-01 21:09:21,4,NOISE - GENERAL,DISTURBANCE - NOISE,E2
2026-08-01 21:08:22,1,DISTURBANCE,PROPERTY DEST (DAMG),N1
2026-08-01 21:08:22,1,DISTURBANCE,PROPERTY DEST (DAMG),N1
2026-08-01 21:08:00,2,TRESPASS,DISTURBANCE - OTHER,R2
2026-08-01 21:08:00,2,TRESPASS,DISTURBANCE - OTHER,R2
2026-08-01 21:08:00,2,TRESPASS,DISTURBANCE - OTHER,R2
2026-08-01 21:06:46,1,FIGHT - PHYSICAL (NO WEAPONS),DISTURBANCE - OTHER,B3
2026-08-01 21:06:46,1,FIGHT - PHYSICAL (NO WEAPONS),DISTURBANCE - OTHER,B3
2026-08-01 21:06:46,1,FIGHT - PHYSICAL (NO WEAPONS),DISTURBANCE - OTHER,B3
2026-08-01 21:06:36,3,LIQUOR VIOLATIONS - ADULT,DISTURBANCE - OTHER,R1
2026-08-01 20:59:53,1,UNKNOWN - COMPLAINT OF UNKNOWN NATURE,DISTURBANCE - OTHER,D1
2026-08-01 20:59:53,1,UNKNOWN - COMPLAINT OF UNKNOWN NATURE,DISTURBANCE - OTHER,D1
2026-08-01 20:58:13,2,TRESPASS,DISTURBANCE - OTHER,U2
2026-08-01 20:41:06,4,NOISE - GENERAL,DISTURBANCE - NOISE,U2
2026-08-01 20:35:14,2,DISTURBANCE,DISTURBANCE - OTHER,B1
2026-08-01 20:35:06,3,"LEWD -  (EXPOSING, FLASHING)",DISTURBANCE - OTHER,D1
2026-08-01 20:30:07,2,DISTURBANCE,SUSPICIOUS CIRCUM. - SUSPICIOUS VEHICLE,U2
2026-08-01 20:28:26,2,DISTURBANCE - DV - NO ASLT,DISTURBANCE - OTHER,S2
2026-08-01 20:28:15,3,GAMBLING,DISTURBANCE - OTHER,K3
2026-08-01 20:23:49,1,THREATS (INCLS IN-PERSON/BY PHONE/IN WRITING),DISTURBANCE - OTHER,K3
2026-08-01 20:23:49,1,THREATS (INCLS IN-PERSON/BY PHONE/IN WRITING),DISTURBANCE - OTHER,K3
2026-08-01 20:23:49,1,THREATS (INCLS IN-PERSON/BY PHONE/IN WRITING),DISTURBANCE - OTHER,K3
2026-08-01 20:21:52,3,DISTURBANCE,SUSPICIOUS CIRCUM. - SUSPICIOUS PERSON,U2
2026-08-01 20:16:59,2,DISTURBANCE,ASSIST PUBLIC - OTHER (NON-SPECIFIED),R3
2026-08-01 20:14:20,1,UNKNOWN - COMPLAINT OF UNKNOWN NATURE,DISTURBANCE - OTHER,Q1
2026-08-01 19:58:15,4,FIREWORKS (NO HAZARD),DISTURBANCE - OTHER,C1
2026-08-01 19:54:05,3,"SUSPICIOUS PERSON, VEHICLE, OR INCIDENT",DISTURBANCE - OTHER,D2
2026-08-01 19:52:13,3,LIQUOR VIOLATIONS - ADULT,DISTURBANCE - OTHER,K3
2026-08-01 19:44:07,3,DISTURBANCE,DISTURBANCE - OTHER,R2
2026-08-01 19:29:50,1,DISTURBANCE - DV CRITICAL,"DV - ARGUMENTS, DISTURBANCE (NO ARREST)",N1
2026-08-01 19:28:57,2,DISTURBANCE,SUSPICIOUS CIRCUM. - SUSPICIOUS PERSON,D3
2026-08-01 19:24:33,2,DISTURBANCE - DV - NO ASLT,DISTURBANCE - OTHER,G1
2026-08-01 19:24:33,2,DISTURBANCE - DV - NO ASLT,DISTURBANCE - OTHER,G1
2026-08-01 19:24:33,2,DISTURBANCE - DV - NO ASLT,DISTURBANCE - OTHER,G1
2026-08-01 19:13:42,2,DISTURBANCE,DISTURBANCE - OTHER,U1
2026-08-01 19:08:49,4,NOISE - GENERAL,DISTURBANCE - NOISE,S1
2026-08-01 19:06:33,4,NOISE - GENERAL,DISTURBANCE - NOISE RESIDENTIAL,N1
2026-08-01 19:01:57,2,ASLT - WITH OR W/O WPNS (NO SHOOTINGS),DISTURBANCE - OTHER,W1
2026-08-01 19:00:49,2,DISTURBANCE,DISTURBANCE - OTHER,O1
2026-08-01 18:54:20,1,DISTURBANCE - DV - NO ASLT,DV - DOMESTIC VIOL/ASLT (ARREST MANDATORY),O2
2026-08-01 18:54:20,1,DISTURBANCE - DV - NO ASLT,DV - DOMESTIC VIOL/ASLT (ARREST MANDATORY),O2
2026-08-01 18:54:20,1,DISTURBANCE - DV - NO ASLT,DV - DOMESTIC VIOL/ASLT (ARREST MANDATORY),O2
2026-08-01 18:54:20,1,DISTURBANCE - DV - NO ASLT,DV - DOMESTIC VIOL/ASLT (ARREST MANDATORY),O2
2026-08-01 18:54:20,1,DISTURBANCE - DV - NO ASLT,DV - DOMESTIC VIOL/ASLT (ARREST MANDATORY),O2
2026-08-01 18:54:20,1,DISTURBANCE - DV - NO ASLT,DV - DOMESTIC VIOL/ASLT (ARREST MANDATORY),O2
2026-08-01 18:54:20,1,DISTURBANCE - DV - NO ASLT,DV - DOMESTIC VIOL/ASLT (ARREST MANDATORY),O2
2026-08-01 18:54:20,1,DISTURBANCE - DV - NO ASLT,DV - DOMESTIC VIOL/ASLT (ARREST MANDATORY),O2
2026-08-01 18:54:20,1,DISTURBANCE - DV - NO ASLT,DV - DOMESTIC VIOL/ASLT (ARREST MANDATORY),O2
2026-08-01 18:54:20,1,DISTURBANCE - DV - NO ASLT,DV - DOMESTIC VIOL/ASLT (ARREST MANDATORY),O2
2026-08-01 18:54:20,1,DISTURBANCE - DV - NO ASLT,DV - DOMESTIC VIOL/ASLT (ARREST MANDATORY),O2
2026-08-01 18:47:47,1,"CHILD - ABAND, ABUSE, MOLEST, NEGLECT","DV - ARGUMENTS, DISTURBANCE (NO ARREST)",E3
2026-08-01 18:47:47,1,"CHILD - ABAND, ABUSE, MOLEST, NEGLECT","DV - ARGUMENTS, DISTURBANCE (NO ARREST)",E3
2026-08-01 18:47:47,1,"CHILD - ABAND, ABUSE, MOLEST, NEGLECT","DV - ARGUMENTS, DISTURBANCE (NO ARREST)",E3
2026-08-01 18:45:52,1,DISTURBANCE - DV CRITICAL,CCR ONLY - ASSIST THE PUBLIC,L3
2026-08-01 18:45:52,1,DISTURBANCE - DV CRITICAL,CCR ONLY - ASSIST THE PUBLIC,L3
2026-08-01 18:45:52,1,DISTURBANCE - DV CRITICAL,CCR ONLY - ASSIST THE PUBLIC,L3
2026-08-01 18:45:52,1,DISTURBANCE - DV CRITICAL,CCR ONLY - ASSIST THE PUBLIC,L3
2026-08-01 18:33:41,2,DISTURBANCE,SUSPICIOUS CIRCUM. - SUSPICIOUS PERSON,M1
2026-08-01 18:30:42,3,HARAS - NO BIAS OR THREATS,DISTURBANCE - OTHER,D2
2026-08-01 18:22:46,3,DEMONSTRATIONS,DISTURBANCE - NOISE,M1
2026-08-01 18:16:12,5,TRU - DISTURBANCE,DISTURBANCE - OTHER,G1
2026-08-01 17:58:31,1,DISTURBANCE - DV - NO ASLT,DV - DOMESTIC VIOL/ASLT (ARREST MANDATORY),N2
2026-08-01 17:58:31,1,DISTURBANCE - DV - NO ASLT,DV - DOMESTIC VIOL/ASLT (ARREST MANDATORY),N2
2026-08-01 17:58:31,1,DISTURBANCE - DV - NO ASLT,DV - DOMESTIC VIOL/ASLT (ARREST MANDATORY),N2
2026-08-01 17:58:31,1,DISTURBANCE - DV - NO ASLT,DV - DOMESTIC VIOL/ASLT (ARREST MANDATORY),N2
2026-08-01 17:58:31,1,DISTURBANCE - DV - NO ASLT,DV - DOMESTIC VIOL/ASLT (ARREST MANDATORY),N2
2026-08-01 17:58:31,1,DISTURBANCE - DV - NO ASLT,DV - DOMESTIC VIOL/ASLT (ARREST MANDATORY),N2
2026-08-01 17:58:31,1,DISTURBANCE - DV - NO ASLT,DV - DOMESTIC VIOL/ASLT (ARREST MANDATORY),N2
2026-08-01 17:58:31,1,DISTURBANCE - DV - NO ASLT,DV - DOMESTIC VIOL/ASLT (ARREST MANDATORY),N2
2026-08-01 17:58:31,1,DISTURBANCE - DV - NO ASLT,DV - DOMESTIC VIOL/ASLT (ARREST MANDATORY),N2
2026-08-01 17:58:31,1,DISTURBANCE - DV - NO ASLT,DV - DOMESTIC VIOL/ASLT (ARREST MANDATORY),N2
2026-08-01 17:58:31,1,DISTURBANCE - DV - NO ASLT,DV - DOMESTIC VIOL/ASLT (ARREST MANDATORY),N2
2026-08-01 17:58:31,1,DISTURBANCE - DV - NO ASLT,DV - DOMESTIC VIOL/ASLT (ARREST MANDATORY),N2
2026-08-01 17:58:31,1,DISTURBANCE - DV - NO ASLT,DV - DOMESTIC VIOL/ASLT (ARREST MANDATORY),N2
2026-08-01 17:58:31,1,DISTURBANCE - DV - NO ASLT,DV - DOMESTIC VIOL/ASLT (ARREST MANDATORY),N2
2026-08-01 17:58:31,1,DISTURBANCE - DV - NO ASLT,DV - DOMESTIC VIOL/ASLT (ARREST MANDATORY),N2
2026-08-01 17:58:31,1,DISTURBANCE - DV - NO ASLT,DV - DOMESTIC VIOL/ASLT (ARREST MANDATORY),N2
2026-08-01 17:58:31,1,DISTURBANCE - DV - NO ASLT,DV - DOMESTIC VIOL/ASLT (ARREST MANDATORY),N2
2026-08-01 17:33:02,1,DISTURBANCE - DV CRITICAL,CRISIS COMPLAINT - GENERAL,L3
2026-08-01 17:33:02,1,DISTURBANCE - DV CRITICAL,CRISIS COMPLAINT - GENERAL,L3
2026-08-01 17:33:02,1,DISTURBANCE - DV CRITICAL,CRISIS COMPLAINT - GENERAL,L3
2026-08-01 17:33:02,1,DISTURBANCE - DV CRITICAL,CRISIS COMPLAINT - GENERAL,L3
2026-08-01 17:26:35,2,DISTURBANCE - DV - NO ASLT,"ASSAULTS, OTHER",R3
2026-08-01 17:26:35,2,DISTURBANCE - DV - NO ASLT,"ASSAULTS, OTHER",R3
2026-08-01 17:26:35,2,DISTURBANCE - DV - NO ASLT,"ASSAULTS, OTHER",R3
2026-08-01 17:26:35,2,DISTURBANCE - DV - NO ASLT,"ASSAULTS, OTHER",R3
2026-08-01 17:26:35,2,DISTURBANCE - DV - NO ASLT,"ASSAULTS, OTHER",R3
2026-08-01 17:26:35,2,DISTURBANCE - DV - NO ASLT,"ASSAULTS, OTHER",R3
2026-08-01 17:26:35,2,DISTURBANCE - DV - NO ASLT,"ASSAULTS, OTHER",R3
2026-08-01 17:26:35,2,DISTURBANCE - DV - NO ASLT,"ASSAULTS, OTHER",R3
2026-08-01 17:26:35,2,DISTURBANCE - DV - NO ASLT,"ASSAULTS, OTHER",R3
2026-08-01 17:16:40,3,ORDER - VIOLATING DV COURT ORDER,"DV - ARGUMENTS, DISTURBANCE (NO ARREST)",L3
2026-08-01 17:16:40,3,ORDER - VIOLATING DV COURT ORDER,"DV - ARGUMENTS, DISTURBANCE (NO ARREST)",L3
2026-08-01 17:16:40,3,ORDER - VIOLATING DV COURT ORDER,"DV - ARGUMENTS, DISTURBANCE (NO ARREST)",L3
2026-08-01 17:14:29,4,NOISE - GENERAL,ASSIST PUBLIC - OTHER (NON-SPECIFIED),F2
2026-08-01 17:14:29,4,NOISE - GENERAL,ASSIST PUBLIC - OTHER (NON-SPECIFIED),F2
2026-08-01 17:05:47,3,"SUSPICIOUS PERSON, VEHICLE, OR INCIDENT",DISTURBANCE - OTHER,U1
2026-08-01 17:00:35,2,DISTURBANCE,DISTURBANCE - OTHER,S2
2026-08-01 17:00:35,2,DISTURBANCE,DISTURBANCE - OTHER,S2
2026-08-01 17:00:35,2,DISTURBANCE,DISTURBANCE - OTHER,S2
2026-08-01 16:54:55,2,THREATS (INCLS IN-PERSON/BY PHONE/IN WRITING),DISTURBANCE - OTHER,C2
2026-08-01 16:54:55,2,THREATS (INCLS IN-PERSON/BY PHONE/IN WRITING),DISTURBANCE - OTHER,C2
2026-08-01 16:36:43,2,THREATS - DV - NO ASSAULT,DISTURBANCE,L3
2026-08-01 16:30:36,2,DISTURBANCE,DISTURBANCE - OTHER,L3
2026-08-01 16:29:48,2,DISTURBANCE,DISTURBANCE - OTHER,R3
2026-08-01 16:29:48,2,DISTURBANCE,DISTURBANCE - OTHER,R3
2026-08-01 16:29:48,2,DISTURBANCE,DISTURBANCE - OTHER,R3
2026-08-01 16:28:09,2,DISTURBANCE,SUSPICIOUS CIRCUM. - SUSPICIOUS PERSON,J3
2026-08-01 16:18:16,2,DISTURBANCE,DISTURBANCE - NOISE RESIDENTIAL,E3
2026-08-01 16:18:16,2,DISTURBANCE,DISTURBANCE - NOISE RESIDENTIAL,E3
2026-08-01 16:18:16,2,DISTURBANCE,DISTURBANCE - NOISE RESIDENTIAL,E3
2026-08-01 15:58:05,2,BURG - COMM BURGLARY,DISTURBANCE - OTHER,F2
2026-08-01 15:55:41,5,TRU - FRAUD,DISTURBANCE - OTHER,N3
2026-08-01 15:50:42,3,THEFT (DOES NOT INCLUDE SHOPLIFT OR SVCS),"DV - ARGUMENTS, DISTURBANCE (NO ARREST)",W3
2026-08-01 15:42:37,1,UNKNOWN - ANI/ALI - WRLS PHNS (INCL OPEN LINE),DISTURBANCE - OTHER,M3
2026-08-01 15:39:53,3,HARAS - NO BIAS OR THREATS,DISTURBANCE - OTHER,W2
2026-08-01 15:38:38,3,DISTURBANCE,DISTURBANCE - OTHER,G3
2026-08-01 15:38:38,3,DISTURBANCE,DISTURBANCE - OTHER,G3
2026-08-01 15:38:38,3,DISTURBANCE,DISTURBANCE - OTHER,G3
2026-08-01 15:38:38,3,DISTURBANCE,DISTURBANCE - OTHER,G3
2026-08-01 15:38:06,2,DISTURBANCE,DISTURBANCE - OTHER,E2
2026-08-01 15:27:45,2,DISTURBANCE,DISTURBANCE,C1
2026-08-01 15:27:45,2,DISTURBANCE,DISTURBANCE,C1
2026-08-01 15:27:19,2,DISTURBANCE,CRISIS COMPLAINT - GENERAL,L2
2026-08-01 15:20:58,2,DISTURBANCE - DV - NO ASLT,CRISIS COMPLAINT - GENERAL,R2
2026-08-01 15:20:58,2,DISTURBANCE - DV - NO ASLT,CRISIS COMPLAINT - GENERAL,R2
2026-08-01 15:20:58,2,DISTURBANCE - DV - NO ASLT,CRISIS COMPLAINT - GENERAL,R2
2026-08-01 15:20:58,2,DISTURBANCE - DV - NO ASLT,CRISIS COMPLAINT - GENERAL,R2
2026-08-01 15:16:35,2,DISTURBANCE - DV - NO ASLT,DISTURBANCE - OTHER,B3
2026-08-01 15:16:35,2,DISTURBANCE - DV - NO ASLT,DISTURBANCE - OTHER,B3
2026-08-01 15:16:35,2,DISTURBANCE - DV - NO ASLT,DISTURBANCE - OTHER,B3
2026-08-01 15:10:20,2,DISTURBANCE,DISTURBANCE - OTHER,Q3
2026-08-01 15:10:20,2,DISTURBANCE,DISTURBANCE - OTHER,Q3
2026-08-01 14:54:18,1,SFD - ASSIST ON FIRE OR MEDIC RESPONSE,DISTURBANCE - OTHER,N2
2026-08-01 14:54:18,1,SFD - ASSIST ON FIRE OR MEDIC RESPONSE,DISTURBANCE - OTHER,N2
2026-08-01 14:45:27,2,DISTURBANCE,DISTURBANCE - OTHER,N3
2026-08-01 14:44:56,3,HARAS - NO BIAS OR THREATS,DISTURBANCE,W3
2026-08-01 14:37:58,2,DISTURBANCE,THEFT - ALL OTHER,L1
2026-08-01 14:37:58,2,DISTURBANCE,THEFT - ALL OTHER,L1
2026-08-01 14:19:41,2,TRESPASS,DISTURBANCE - OTHER,Q2
2026-08-01 14:12:12,2,DISTURBANCE,DISTURBANCE - OTHER,B2
2026-08-01 14:10:54,2,DISTURBANCE - DV - NO ASLT,"DV - ARGUMENTS, DISTURBANCE (NO ARREST)",N2
2026-08-01 14:07:08,1,ASLT - DV CRITICAL,"DV - ARGUMENTS, DISTURBANCE (NO ARREST)",U1
2026-08-01 14:07:08,1,ASLT - DV CRITICAL,"DV - ARGUMENTS, DISTURBANCE (NO ARREST)",U1
2026-08-01 14:07:08,1,ASLT - DV CRITICAL,"DV - ARGUMENTS, DISTURBANCE (NO ARREST)",U1
2026-08-01 14:07:08,1,ASLT - DV CRITICAL,"DV - ARGUMENTS, DISTURBANCE (NO ARREST)",U1
2026-08-01 13:42:02,1,HARBOR - WATER EMERGENCIES,DISTURBANCE - OTHER,W3
2026-08-01 13:28:35,2,DISTURBANCE - DV - NO ASLT,"DV - ARGUMENTS, DISTURBANCE (NO ARREST)",K3
2026-08-01 13:28:35,2,DISTURBANCE - DV - NO ASLT,"DV - ARGUMENTS, DISTURBANCE (NO ARREST)",K3
2026-08-01 13:26:30,3,ALARM - AUDIBLE AUTOMOBILE (UNOCC/ANTI-THEFT),DISTURBANCE - OTHER,L2
2026-08-01 13:23:57,7,SUSPICIOUS STOP - OFFICER INITIATED ONVIEW,DISTURBANCE - OTHER,E2
2026-08-01 13:23:57,7,SUSPICIOUS STOP - OFFICER INITIATED ONVIEW,DISTURBANCE - OTHER,E2
2026-08-01 13:08:35,1,UNKNOWN - ANI/ALI - WRLS PHNS (INCL OPEN LINE),DISTURBANCE - OTHER,U1
2026-08-01 13:08:03,3,NUISANCE,DISTURBANCE - OTHER,M3
2026-08-01 13:06:29,3,DISTURBANCE,DISTURBANCE - NOISE,Q2
2026-08-01 12:57:08,2,DISTURBANCE,DISTURBANCE - JUVENILE,W2
2026-08-01 12:57:08,2,DISTURBANCE,DISTURBANCE - JUVENILE,W2
2026-08-01 12:56:38,1,UNKNOWN - ANI/ALI - WRLS PHNS (INCL OPEN LINE),DISTURBANCE - OTHER,J2
2026-08-01 12:56:38,1,UNKNOWN - ANI/ALI - WRLS PHNS (INCL OPEN LINE),DISTURBANCE - OTHER,J2
2026-08-01 12:55:06,2,DISTURBANCE,DISTURBANCE - OTHER,L2
2026-08-01 12:43:53,2,ASLT - WITH OR W/O WPNS (NO SHOOTINGS),DISTURBANCE - OTHER,K1
2026-08-01 12:43:53,2,ASLT - WITH OR W/O WPNS (NO SHOOTINGS),DISTURBANCE - OTHER,K1
2026-08-01 12:43:53,2,ASLT - WITH OR W/O WPNS (NO SHOOTINGS),DISTURBANCE - OTHER,K1
2026-08-01 12:40:23,2,THREATS - DV - NO ASSAULT,DISTURBANCE - OTHER,COMM
2026-08-01 12:20:04,1,UNKNOWN - ANI/ALI - WRLS PHNS (INCL OPEN LINE),DISTURBANCE - OTHER,J2
2026-08-01 12:10:26,2,FIGHT - PHYSICAL (NO WEAPONS),DISTURBANCE - FIGHT,U2
2026-08-01 12:10:26,2,FIGHT - PHYSICAL (NO WEAPONS),DISTURBANCE - FIGHT,U2
2026-08-01 12:10:26,2,FIGHT - PHYSICAL (NO WEAPONS),DISTURBANCE - FIGHT,U2
2026-08-01 11:44:01,2,DISTURBANCE,CRISIS COMPLAINT - GENERAL,N2
2026-08-01 11:44:01,2,DISTURBANCE,CRISIS COMPLAINT - GENERAL,N2
2026-08-01 11:44:01,2,DISTURBANCE,CRISIS COMPLAINT - GENERAL,N2
2026-08-01 11:44:01,2,DISTURBANCE,CRISIS COMPLAINT - GENERAL,N2
2026-08-01 11:28:38,3,DISTURBANCE,DISTURBANCE - OTHER,R3
2026-08-01 11:28:38,3,DISTURBANCE,DISTURBANCE - OTHER,R3
2026-08-01 11:18:22,1,ROBBERY - CRITICAL (INCLUDES STRONG ARM),DISTURBANCE - OTHER,O1
2026-08-01 11:18:22,1,ROBBERY - CRITICAL (INCLUDES STRONG ARM),DISTURBANCE - OTHER,O1
2026-08-01 11:18:22,1,ROBBERY - CRITICAL (INCLUDES STRONG ARM),DISTURBANCE - OTHER,O1
2026-08-01 11:18:22,1,ROBBERY - CRITICAL (INCLUDES STRONG ARM),DISTURBANCE - OTHER,O1
2026-08-01 11:18:22,1,ROBBERY - CRITICAL (INCLUDES STRONG ARM),DISTURBANCE - OTHER,O1
2026-08-01 10:31:20,1,SHOTS HEARD - IN PROGRESS,DISTURBANCE - OTHER,L2
2026-08-01 10:31:20,1,SHOTS HEARD - IN PROGRESS,DISTURBANCE - OTHER,L2
2026-08-01 10:19:38,1,UNKNOWN - COMPLAINT OF UNKNOWN NATURE,DISTURBANCE - OTHER,Q3
2026-08-01 10:19:38,1,UNKNOWN - COMPLAINT OF UNKNOWN NATURE,DISTURBANCE - OTHER,Q3
2026-08-01 09:57:45,3,CUSTODIAL INTERFERENCE - DV,"DV - ARGUMENTS, DISTURBANCE (NO ARREST)",W3
2026-08-01 09:50:34,3,DISTURBANCE,SUSPICIOUS CIRCUM. - SUSPICIOUS PERSON,N1
2026-08-01 09:45:30,4,NOISE - GENERAL,DISTURBANCE - NOISE,M1
2026-08-01 09:37:47,2,ASLT - WITH OR W/O WPNS (NO SHOOTINGS),DISTURBANCE - FIGHT,O2
2026-08-01 09:37:47,2,ASLT - WITH OR W/O WPNS (NO SHOOTINGS),DISTURBANCE - FIGHT,O2
2026-08-01 09:37:47,2,ASLT - WITH OR W/O WPNS (NO SHOOTINGS),DISTURBANCE - FIGHT,O2
2026-08-01 09:31:06,2,DISTURBANCE,DISTURBANCE - OTHER,O1
2026-08-01 09:31:06,2,DISTURBANCE,DISTURBANCE - OTHER,O1
2026-08-01 09:19:22,2,DISTURBANCE,ASSIST PUBLIC - OTHER (NON-SPECIFIED),E3
2026-08-01 09:08:25,1,ASLT - DV CRITICAL,"DV - ARGUMENTS, DISTURBANCE (NO ARREST)",E3
2026-08-01 09:08:25,1,ASLT - DV CRITICAL,"DV - ARGUMENTS, DISTURBANCE (NO ARREST)",E3
2026-08-01 09:08:25,1,ASLT - DV CRITICAL,"DV - ARGUMENTS, DISTURBANCE (NO ARREST)",E3
2026-08-01 09:08:25,1,ASLT - DV CRITICAL,"DV - ARGUMENTS, DISTURBANCE (NO ARREST)",E3
2026-08-01 09:08:25,1,ASLT - DV CRITICAL,"DV - ARGUMENTS, DISTURBANCE (NO ARREST)",E3
2026-08-01 08:53:10,2,DISTURBANCE,DISTURBANCE,D3
2026-08-01 08:48:48,1,UNKNOWN - ANI/ALI - WRLS PHNS (INCL OPEN LINE),"DV - ARGUMENTS, DISTURBANCE (NO ARREST)",N1
2026-08-01 08:44:16,2,DISTURBANCE,MISCHIEF OR NUISANCE - GENERAL,N1
2026-08-01 08:35:36,3,DISTURBANCE - DV - NO ASLT,"DV - ARGUMENTS, DISTURBANCE (NO ARREST)",U1
2026-08-01 08:20:30,3,THREATS (INCLS IN-PERSON/BY PHONE/IN WRITING),DISTURBANCE - OTHER,D1
2026-08-01 08:18:50,2,DISTURBANCE,DISTURBANCE - OTHER,L1
2026-08-01 08:18:50,2,DISTURBANCE,DISTURBANCE - OTHER,L1
2026-08-01 07:54:27,3,DISTURBANCE,DISTURBANCE - OTHER,C1
2026-08-01 07:34:52,2,ORDER - VIOLATING DV COURT ORDER,"DV - ARGUMENTS, DISTURBANCE (NO ARREST)",J1
2026-08-01 07:34:52,2,ORDER - VIOLATING DV COURT ORDER,"DV - ARGUMENTS, DISTURBANCE (NO ARREST)",J1
2026-08-01 07:31:17,2,DISTURBANCE,DISTURBANCE - OTHER,W2
2026-08-01 07:31:17,2,DISTURBANCE,DISTURBANCE - OTHER,W2
2026-08-01 07:31:17,2,DISTURBANCE,DISTURBANCE - OTHER,W2
2026-08-01 07:30:35,1,UNKNOWN - COMPLAINT OF UNKNOWN NATURE,DISTURBANCE - OTHER,N2
2026-08-01 07:30:35,1,UNKNOWN - COMPLAINT OF UNKNOWN NATURE,DISTURBANCE - OTHER,N2
2026-08-01 07:30:35,1,UNKNOWN - COMPLAINT OF UNKNOWN NATURE,DISTURBANCE - OTHER,N2
2026-08-01 07:30:35,1,UNKNOWN - COMPLAINT OF UNKNOWN NATURE,DISTURBANCE - OTHER,N2
2026-08-01 07:19:30,2,DISTURBANCE,DISTURBANCE - OTHER,B2
2026-08-01 07:04:51,2,TRAFFIC - ROAD RAGE,DISTURBANCE - OTHER,D3
2026-08-01 06:35:07,3,HARAS - NO BIAS OR THREATS,DISTURBANCE - NOISE RESIDENTIAL,W3
2026-08-01 06:35:07,3,HARAS - NO BIAS OR THREATS,DISTURBANCE - NOISE RESIDENTIAL,W3
2026-08-01 05:57:43,2,DISTURBANCE,DISTURBANCE - OTHER,E1
2026-08-01 05:42:35,1,DISTURBANCE - DV CRITICAL,"DV - ARGUMENTS, DISTURBANCE (NO ARREST)",U1
2026-08-01 05:42:35,1,DISTURBANCE - DV CRITICAL,"DV - ARGUMENTS, DISTURBANCE (NO ARREST)",U1
2026-08-01 05:42:35,1,DISTURBANCE - DV CRITICAL,"DV - ARGUMENTS, DISTURBANCE (NO ARREST)",U1
2026-08-01 05:41:58,2,DISTURBANCE,SUSPICIOUS CIRCUM. - SUSPICIOUS PERSON,U1
2026-08-01 05:08:38,2,DISTURBANCE,DISTURBANCE - NOISE RESIDENTIAL,U1
2026-08-01 05:08:38,2,DISTURBANCE,DISTURBANCE - NOISE RESIDENTIAL,U1
2026-08-01 05:08:38,2,DISTURBANCE,DISTURBANCE - NOISE RESIDENTIAL,U1
2026-08-01 05:04:52,4,NOISE - GENERAL,DISTURBANCE - NOISE,D3
2026-08-01 04:51:13,4,NOISE - GENERAL,DISTURBANCE - NOISE RESIDENTIAL,D1
2026-08-01 04:38:22,2,ASLT - WITH OR W/O WPNS (NO SHOOTINGS),DISTURBANCE - OTHER,E3
2026-08-01 04:28:02,3,PERSON IN BEHAVIORAL/EMOTIONAL CRISIS,DISTURBANCE - OTHER,E2
2026-08-01 04:28:02,3,PERSON IN BEHAVIORAL/EMOTIONAL CRISIS,DISTURBANCE - OTHER,E2
2026-08-01 04:28:02,3,PERSON IN BEHAVIORAL/EMOTIONAL CRISIS,DISTURBANCE - OTHER,E2
2026-08-01 04:27:19,4,NOISE - GENERAL,DISTURBANCE - OTHER,R1
2026-08-01 04:27:19,4,NOISE - GENERAL,DISTURBANCE - OTHER,R1
2026-08-01 03:54:21,3,DISTURBANCE,DISTURBANCE - OTHER,D3
2026-08-01 03:53:32,1,DISTURBANCE,DISTURBANCE,F3
2026-08-01 03:53:32,1,DISTURBANCE,DISTURBANCE,F3
2026-08-01 03:46:50,3,HARAS - NO BIAS OR THREATS,DISTURBANCE - NOISE RESIDENTIAL,W3
2026-08-01 03:46:50,3,HARAS - NO BIAS OR THREATS,DISTURBANCE - NOISE RESIDENTIAL,W3
2026-08-01 03:23:10,2,"SUSPICIOUS PERSON, VEHICLE, OR INCIDENT",DISTURBANCE - OTHER,K3
2026-08-01 03:23:10,2,"SUSPICIOUS PERSON, VEHICLE, OR INCIDENT",DISTURBANCE - OTHER,K3
2026-08-01 03:18:36,2,DISTURBANCE,PROPERTY DEST (DAMG),E1
2026-08-01 03:18:36,2,DISTURBANCE,PROPERTY DEST (DAMG),E1
2026-08-01 03:18:36,2,DISTURBANCE,PROPERTY DEST (DAMG),E1
2026-08-01 03:12:22,4,NOISE - GENERAL,DISTURBANCE - OTHER,R1
2026-08-01 03:12:22,4,NOISE - GENERAL,DISTURBANCE - OTHER,R1
2026-08-01 03:08:24,4,NOISE - GENERAL,DISTURBANCE - NOISE,E1
2026-08-01 02:52:03,2,DISTURBANCE,DISTURBANCE - FIGHT,Q2
2026-08-01 02:43:56,1,DISTURBANCE,DISTURBANCE - OTHER,W2
2026-08-01 02:43:56,1,DISTURBANCE,DISTURBANCE - OTHER,W2
2026-08-01 02:40:36,2,DISTURBANCE - DV - NO ASLT,"DV - ARGUMENTS, DISTURBANCE (NO ARREST)",C1
2026-08-01 02:40:36,2,DISTURBANCE - DV - NO ASLT,"DV - ARGUMENTS, DISTURBANCE (NO ARREST)",C1
2026-08-01 02:40:03,1,ASLT - CRITICAL (NO SHOOTINGS),DISTURBANCE - OTHER,F1
2026-08-01 02:40:03,1,ASLT - CRITICAL (NO SHOOTINGS),DISTURBANCE - OTHER,F1
2026-08-01 02:35:48,1,BURG - OCCUPIED RESD,DISTURBANCE - OTHER,J2
2026-08-01 02:35:48,1,BURG - OCCUPIED RESD,DISTURBANCE - OTHER,J2
2026-08-01 02:35:48,1,BURG - OCCUPIED RESD,DISTURBANCE - OTHER,J2
2026-08-01 02:35:48,1,BURG - OCCUPIED RESD,DISTURBANCE - OTHER,J2
2026-08-01 02:35:48,1,BURG - OCCUPIED RESD,DISTURBANCE - OTHER,J2
2026-08-01 02:34:36,2,DISTURBANCE,DISTURBANCE - OTHER,E1
2026-08-01 02:34:36,2,DISTURBANCE,DISTURBANCE - OTHER,E1
2026-08-01 02:34:36,2,DISTURBANCE,DISTURBANCE - OTHER,E1
2026-08-01 02:31:33,2,DISTURBANCE,DISTURBANCE - OTHER,W2
2026-08-01 02:31:33,2,DISTURBANCE,DISTURBANCE - OTHER,W2
2026-08-01 02:31:33,2,DISTURBANCE,DISTURBANCE - OTHER,W2
2026-08-01 02:30:47,4,NOISE - GENERAL,DISTURBANCE - NOISE RESIDENTIAL,D2
2026-08-01 02:13:33,3,DISTURBANCE,DISTURBANCE - OTHER,E2
2026-08-01 02:05:28,2,THREATS (INCLS IN-PERSON/BY PHONE/IN WRITING),DISTURBANCE - OTHER,B2
2026-08-01 02:05:28,2,THREATS (INCLS IN-PERSON/BY PHONE/IN WRITING),DISTURBANCE - OTHER,B2
2026-08-01 01:59:29,1,UNKNOWN - ANI/ALI - LANDLINE (INCLUDES OPEN LINE),"DV - ARGUMENTS, DISTURBANCE (NO ARREST)",N3
2026-08-01 01:59:29,1,UNKNOWN - ANI/ALI - LANDLINE (INCLUDES OPEN LINE),"DV - ARGUMENTS, DISTURBANCE (NO ARREST)",N3
2026-08-01 01:59:29,1,UNKNOWN - ANI/ALI - LANDLINE (INCLUDES OPEN LINE),"DV - ARGUMENTS, DISTURBANCE (NO ARREST)",N3
2026-08-01 01:41:23,4,NOISE - ANIMAL (INCLUDES BARKING DOGS),"ANIMAL COMPLAINT - NOISE,STRAY,BITE",B3
2026-08-01 01:35:42,3,DISTURBANCE,DISTURBANCE - NOISE RESIDENTIAL,K3
2026-08-01 01:32:24,4,NOISE - GENERAL,DISTURBANCE - NOISE,M1
2026-08-01 01:22:54,3,DISTURBANCE,SUSPICIOUS CIRCUM. - SUSPICIOUS PERSON,L1
2026-08-01 01:22:28,1,ASLT - DV CRITICAL,"DV - ARGUMENTS, DISTURBANCE (NO ARREST)",G2
2026-08-01 01:22:28,1,ASLT - DV CRITICAL,"DV - ARGUMENTS, DISTURBANCE (NO ARREST)",G2
2026-08-01 01:22:28,1,ASLT - DV CRITICAL,"DV - ARGUMENTS, DISTURBANCE (NO ARREST)",G2
2026-08-01 01:22:28,1,ASLT - DV CRITICAL,"DV - ARGUMENTS, DISTURBANCE (NO ARREST)",G2
2026-08-01 01:17:33,4,NOISE - GENERAL,MISCHIEF OR NUISANCE - GENERAL,N2
2026-08-01 01:12:05,2,THREATS (INCLS IN-PERSON/BY PHONE/IN WRITING),DISTURBANCE - OTHER,S2
2026-08-01 01:08:10,4,NOISE - GENERAL,DISTURBANCE - NOISE RESIDENTIAL,U2
2026-08-01 00:53:52,4,NOISE - GENERAL,DISTURBANCE - NOISE,W1
2026-08-01 00:46:52,4,NOISE - GENERAL,DISTURBANCE - NOISE,Q3
2026-08-01 00:41:50,2,ASLT - WITH OR W/O WPNS (NO SHOOTINGS),DISTURBANCE - OTHER,N3
2026-08-01 00:41:50,2,ASLT - WITH OR W/O WPNS (NO SHOOTINGS),DISTURBANCE - OTHER,N3
2026-08-01 00:41:50,2,ASLT - WITH OR W/O WPNS (NO SHOOTINGS),DISTURBANCE - OTHER,N3
2026-08-01 00:33:45,4,NOISE - GENERAL,DISTURBANCE - NOISE,B1
2026-08-01 00:23:37,1,THREATS (INCLS IN-PERSON/BY PHONE/IN WRITING),DISTURBANCE - OTHER,K2
2026-08-01 00:23:37,1,THREATS (INCLS IN-PERSON/BY PHONE/IN WRITING),DISTURBANCE - OTHER,K2
2026-08-01 00:23:37,1,THREATS (INCLS IN-PERSON/BY PHONE/IN WRITING),DISTURBANCE - OTHER,K2
2026-08-01 00:21:33,2,DISTURBANCE,DISTURBANCE - OTHER,N2
2026-08-01 00:19:37,4,NOISE - GENERAL,DISTURBANCE - NOISE RESIDENTIAL,U2
2026-08-01 00:14:15,1,SHOTS HEARD - IN PROGRESS,DISTURBANCE - NOISE,Q1
2026-08-01 00:14:15,1,SHOTS HEARD - IN PROGRESS,DISTURBANCE - NOISE,Q1
2026-08-01 00:14:15,1,SHOTS HEARD - IN PROGRESS,DISTURBANCE - NOISE,Q1
2026-08-01 00:13:50,4,NOISE - GENERAL,DISTURBANCE - NOISE,U1
2026-08-01 00:13:03,1,UNKNOWN - ANI/ALI - WRLS PHNS (INCL OPEN LINE),DISTURBANCE - OTHER,D3
2026-08-01 00:13:03,1,UNKNOWN - ANI/ALI - WRLS PHNS (INCL OPEN LINE),DISTURBANCE - OTHER,D3
2026-08-01 00:06:09,4,NOISE - GENERAL,DISTURBANCE - NOISE,U2
2026-07-31 23:54:00,1,SHOTS HEARD - IN PROGRESS,DISTURBANCE - OTHER,C1
2026-07-31 23:54:00,1,SHOTS HEARD - IN PROGRESS,DISTURBANCE - OTHER,C1
2026-07-31 23:54:00,1,SHOTS HEARD - IN PROGRESS,DISTURBANCE - OTHER,C1
2026-07-31 23:54:00,1,SHOTS HEARD - IN PROGRESS,DISTURBANCE - OTHER,C1
2026-07-31 23:54:00,1,SHOTS HEARD - IN PROGRESS,DISTURBANCE - OTHER,C1
2026-07-31 23:48:59,4,NOISE - GENERAL,DISTURBANCE - NOISE,E2
2026-07-31 23:48:18,2,DISTURBANCE,DISTURBANCE - OTHER,B1
2026-07-31 23:48:18,2,DISTURBANCE,DISTURBANCE - OTHER,B1
2026-07-31 23:47:44,2,DISTURBANCE - DV - NO ASLT,"DV - ARGUMENTS, DISTURBANCE (NO ARREST)",U1
2026-07-31 23:47:44,2,DISTURBANCE - DV - NO ASLT,"DV - ARGUMENTS, DISTURBANCE (NO ARREST)",U1
2026-07-31 23:41:07,4,NOISE - GENERAL,DISTURBANCE - OTHER,N3
2026-07-31 23:33:38,1,SHOTS HEARD - DELAY,DISTURBANCE - OTHER,U1
2026-07-31 23:33:38,1,SHOTS HEARD - DELAY,DISTURBANCE - OTHER,U1
2026-07-31 23:30:01,2,FIGHT - PHYSICAL (NO WEAPONS),DISTURBANCE - FIGHT,M2
2026-07-31 23:26:33,4,NOISE - GENERAL,DISTURBANCE - NOISE,S1
2026-07-31 23:18:03,4,NOISE - GENERAL,DISTURBANCE - NOISE,B2
2026-07-31 23:16:48,1,ASLT - CRITICAL (NO SHOOTINGS),DISTURBANCE - OTHER,E1
2026-07-31 23:16:48,1,ASLT - CRITICAL (NO SHOOTINGS),DISTURBANCE - OTHER,E1
2026-07-31 23:16:48,1,ASLT - CRITICAL (NO SHOOTINGS),DISTURBANCE - OTHER,E1
2026-07-31 23:15:11,2,HAZ - POTENTIAL THRT TO PHYS SAFETY,DISTURBANCE - OTHER,J2
2026-07-31 23:06:42,2,DISTURBANCE,DISTURBANCE - NOISE RESIDENTIAL,L2
2026-07-31 23:06:42,2,DISTURBANCE,DISTURBANCE - NOISE RESIDENTIAL,L2
2026-07-31 23:00:06,3,DISTURBANCE,CRISIS COMPLAINT - GENERAL,K2
2026-07-31 23:00:06,3,DISTURBANCE,CRISIS COMPLAINT - GENERAL,K2
2026-07-31 22:57:59,3,THREATS - DV - NO ASSAULT,"DV - ARGUMENTS, DISTURBANCE (NO ARREST)",U3
2026-07-31 22:42:45,1,UNKNOWN - COMPLAINT OF UNKNOWN NATURE,DISTURBANCE - OTHER,B3
2026-07-31 22:28:21,2,DISTURBANCE,DISTURBANCE - NOISE,M2
2026-07-31 22:28:21,2,DISTURBANCE,DISTURBANCE - NOISE,M2
2026-07-31 22:19:55,4,NOISE - GENERAL,DISTURBANCE - NOISE RESIDENTIAL,D3
2026-07-31 22:19:23,2,THREATS (INCLS IN-PERSON/BY PHONE/IN WRITING),DISTURBANCE - OTHER,E2
2026-07-31 22:16:49,4,NOISE - GENERAL,DISTURBANCE - NOISE,G2
2026-07-31 22:11:58,2,DISTURBANCE,DISTURBANCE,D2
2026-07-31 22:11:53,2,HAZ - POTENTIAL THRT TO PHYS SAFETY,DISTURBANCE - OTHER,K1
2026-07-31 22:11:53,2,HAZ - POTENTIAL THRT TO PHYS SAFETY,DISTURBANCE - OTHER,K1
2026-07-31 22:07:41,2,DISTURBANCE - DV - NO ASLT,DISTURBANCE - OTHER,N2
2026-07-31 22:07:41,2,DISTURBANCE - DV - NO ASLT,DISTURBANCE - OTHER,N2
2026-07-31 22:07:41,2,DISTURBANCE - DV - NO ASLT,DISTURBANCE - OTHER,N2
2026-07-31 21:48:56,4,NOISE - GENERAL,DISTURBANCE - NOISE RESIDENTIAL,C1
2026-07-31 21:48:32,4,NOISE - GENERAL,DISTURBANCE - NOISE,M1
2026-07-31 21:38:44,2,DISTURBANCE - DV - NO ASLT,"DV - ARGUMENTS, DISTURBANCE (NO ARREST)",S1
2026-07-31 21:38:09,2,DISTURBANCE,DISTURBANCE - OTHER,C3
2026-07-31 21:38:09,2,DISTURBANCE,DISTURBANCE - OTHER,C3
2026-07-31 21:24:31,2,DISTURBANCE - DV - NO ASLT,"DV - ARGUMENTS, DISTURBANCE (NO ARREST)",U1
2026-07-31 21:24:31,2,DISTURBANCE - DV - NO ASLT,"DV - ARGUMENTS, DISTURBANCE (NO ARREST)",U1
2026-07-31 21:24:31,2,DISTURBANCE - DV - NO ASLT,"DV - ARGUMENTS, DISTURBANCE (NO ARREST)",U1
2026-07-31 21:24:31,2,DISTURBANCE - DV - NO ASLT,"DV - ARGUMENTS, DISTURBANCE (NO ARREST)",U1
2026-07-31 21:24:31,2,DISTURBANCE - DV - NO ASLT,"DV - ARGUMENTS, DISTURBANCE (NO ARREST)",U1
2026-07-31 21:22:00,2,DISTURBANCE,PROWLER - TRESPASS,B2
2026-07-31 21:22:00,2,DISTURBANCE,PROWLER - TRESPASS,B2
2026-07-31 21:22:00,2,DISTURBANCE,PROWLER - TRESPASS,B2
2026-07-31 21:22:00,2,DISTURBANCE,PROWLER - TRESPASS,B2
2026-07-31 21:22:00,2,DISTURBANCE,PROWLER - TRESPASS,B2
2026-07-31 21:22:00,2,DISTURBANCE,PROWLER - TRESPASS,B2
2026-07-31 21:22:00,2,DISTURBANCE,PROWLER - TRESPASS,B2
2026-07-31 21:14:09,2,DISTURBANCE - DV - NO ASLT,"DV - ARGUMENTS, DISTURBANCE (NO ARREST)",E3
2026-07-31 21:14:09,2,DISTURBANCE - DV - NO ASLT,"DV - ARGUMENTS, DISTURBANCE (NO ARREST)",E3
2026-07-31 21:14:09,2,DISTURBANCE - DV - NO ASLT,"DV - ARGUMENTS, DISTURBANCE (NO ARREST)",E3
2026-07-31 21:14:09,2,DISTURBANCE - DV - NO ASLT,"DV - ARGUMENTS, DISTURBANCE (NO ARREST)",E3
2026-07-31 20:56:50,4,NOISE - GENERAL,DISTURBANCE - NOISE,D2
2026-07-31 20:52:24,4,NOISE - GENERAL,DISTURBANCE - NOISE,J3
2026-07-31 20:50:27,2,DISTURBANCE,CRISIS COMPLAINT - GENERAL,W3
2026-07-31 20:43:51,1,HARBOR - WATER EMERGENCIES,DISTURBANCE - OTHER,C2
2026-07-31 20:43:51,1,HARBOR - WATER EMERGENCIES,DISTURBANCE - OTHER,C2
2026-07-31 20:43:30,2,THREATS (INCLS IN-PERSON/BY PHONE/IN WRITING),DISTURBANCE - OTHER,G2
2026-07-31 20:31:19,2,DISTURBANCE,DISTURBANCE - OTHER,J3
2026-07-31 20:27:47,2,DISTURBANCE,DISTURBANCE - OTHER,E1
2026-07-31 20:27:47,2,DISTURBANCE,DISTURBANCE - OTHER,E1
2026-07-31 20:27:05,2,DISTURBANCE,MISCHIEF OR NUISANCE - GENERAL,S2
2026-07-31 20:26:09,2,DISTURBANCE,ASSIST OTHER AGENCY - COUNTY AGENCY,K3
2026-07-31 20:24:21,2,DISTURBANCE,DISTURBANCE - OTHER,Q3
2026-07-31 20:24:21,2,DISTURBANCE,DISTURBANCE - OTHER,Q3
2026-07-31 20:24:21,2,DISTURBANCE,DISTURBANCE - OTHER,Q3
2026-07-31 20:22:13,2,DISTURBANCE,DISTURBANCE - OTHER,Q1
2026-07-31 20:21:06,2,DISTURBANCE,DISTURBANCE - OTHER,N1
2026-07-31 20:20:10,2,SEX IN PUBLIC PLACE (INCL MASTURBATION),DISTURBANCE - OTHER,R2
2026-07-31 20:20:10,2,SEX IN PUBLIC PLACE (INCL MASTURBATION),DISTURBANCE - OTHER,R2
2026-07-31 20:12:12,2,FIGHT - PHYSICAL (NO WEAPONS),DISTURBANCE - FIGHT,M1
2026-07-31 20:12:12,2,FIGHT - PHYSICAL (NO WEAPONS),DISTURBANCE - FIGHT,M1
2026-07-31 20:12:12,2,FIGHT - PHYSICAL (NO WEAPONS),DISTURBANCE - FIGHT,M1
2026-07-31 20:12:12,2,FIGHT - PHYSICAL (NO WEAPONS),DISTURBANCE - FIGHT,M1
2026-07-31 20:01:11,2,THREATS (INCLS IN-PERSON/BY PHONE/IN WRITING),DISTURBANCE - OTHER,U1
2026-07-31 20:00:30,3,BIAS,DISTURBANCE - FIGHT,U1
2026-07-31 19:58:58,2,ANIMAL - DANGEROUS,"ANIMAL COMPLAINT - NOISE,STRAY,BITE",Q1
2026-07-31 19:49:11,2,"LEWD -  (EXPOSING, FLASHING)",DISTURBANCE - OTHER,M3
2026-07-31 19:48:50,3,HARAS - NO BIAS OR THREATS,DISTURBANCE - OTHER,R2
2026-07-31 19:48:50,3,HARAS - NO BIAS OR THREATS,DISTURBANCE - OTHER,R2
2026-07-31 19:45:05,2,DISTURBANCE,DISTURBANCE - OTHER,J1
2026-07-31 19:37:58,2,DISTURBANCE - DV - NO ASLT,ASSIST PUBLIC - OTHER (NON-SPECIFIED),E2
2026-07-31 19:37:58,2,DISTURBANCE - DV - NO ASLT,ASSIST PUBLIC - OTHER (NON-SPECIFIED),E2
2026-07-31 19:37:58,2,DISTURBANCE - DV - NO ASLT,ASSIST PUBLIC - OTHER (NON-SPECIFIED),E2
2026-07-31 19:17:10,3,BIAS,DISTURBANCE - OTHER,C1
2026-07-31 19:12:53,3,THEFT (DOES NOT INCLUDE SHOPLIFT OR SVCS),DISTURBANCE - OTHER,D3
2026-07-31 19:09:49,2,"LEWD -  (EXPOSING, FLASHING)",DISTURBANCE - OTHER,L2
2026-07-31 19:09:49,2,"LEWD -  (EXPOSING, FLASHING)",DISTURBANCE - OTHER,L2
2026-07-31 19:09:49,2,"LEWD -  (EXPOSING, FLASHING)",DISTURBANCE - OTHER,L2
2026-07-31 19:07:19,1,DISTURBANCE - DV CRITICAL,ASSIST PUBLIC - OTHER (NON-SPECIFIED),E3
2026-07-31 19:07:19,1,DISTURBANCE - DV CRITICAL,ASSIST PUBLIC - OTHER (NON-SPECIFIED),E3
2026-07-31 19:06:26,3,DISTURBANCE,SUSPICIOUS CIRCUM. - SUSPICIOUS PERSON,J3
2026-07-31 19:02:51,2,DISTURBANCE - DV - NO ASLT,"DV - ARGUMENTS, DISTURBANCE (NO ARREST)",S2
2026-07-31 18:48:11,3,SEX IN PUBLIC PLACE (INCL MASTURBATION),DISTURBANCE - OTHER,U1
2026-07-31 18:45:55,2,EXPLOSION,DISTURBANCE - NOISE,S2
2026-07-31 18:43:38,3,DISTURBANCE,DISTURBANCE - OTHER,D3
2026-07-31 18:41:27,1,UNKNOWN - ANI/ALI - WRLS PHNS (INCL OPEN LINE),DISTURBANCE - OTHER,S2
2026-07-31 18:41:27,1,UNKNOWN - ANI/ALI - WRLS PHNS (INCL OPEN LINE),DISTURBANCE - OTHER,S2
2026-07-31 18:26:29,3,DISTURBANCE,DISTURBANCE - OTHER,B1
2026-07-31 18:20:41,5,TRU - SUSPICIOUS CIRCUMSTANCES,DISTURBANCE - OTHER,E3
2026-07-31 18:08:21,2,FIGHT - PHYSICAL (NO WEAPONS),DISTURBANCE - OTHER,E1
2026-07-31 18:08:21,2,FIGHT - PHYSICAL (NO WEAPONS),DISTURBANCE - OTHER,E1
2026-07-31 18:08:21,2,FIGHT - PHYSICAL (NO WEAPONS),DISTURBANCE - OTHER,E1
2026-07-31 18:08:21,2,FIGHT - PHYSICAL (NO WEAPONS),DISTURBANCE - OTHER,E1
2026-07-31 18:03:04,2,"SUSPICIOUS PERSON, VEHICLE, OR INCIDENT",DISTURBANCE - OTHER,M2
2026-07-31 17:50:54,2,DISTURBANCE - DV - NO ASLT,DISTURBANCE - OTHER,N1
2026-07-31 17:50:54,2,DISTURBANCE - DV - NO ASLT,DISTURBANCE - OTHER,N1
2026-07-31 17:04:32,4,NOISE - GENERAL,DISTURBANCE - NOISE,C1
2026-07-31 17:01:23,3,DISTURBANCE,DISTURBANCE - OTHER,K2
2026-07-31 16:57:17,1,DISTURBANCE - DV CRITICAL,PROPERTY - DAMAGE,R3
2026-07-31 16:57:17,1,DISTURBANCE - DV CRITICAL,PROPERTY - DAMAGE,R3
2026-07-31 16:57:17,1,DISTURBANCE - DV CRITICAL,PROPERTY - DAMAGE,R3
2026-07-31 16:57:17,1,DISTURBANCE - DV CRITICAL,PROPERTY - DAMAGE,R3
2026-07-31 16:52:19,4,PARKING VIOLATION (EXCEPT ABANDONED CAR),DISTURBANCE - OTHER,R1
2026-07-31 16:49:19,2,DISTURBANCE - DV - NO ASLT,THEFT - ALL OTHER,G1
2026-07-31 16:49:19,2,DISTURBANCE - DV - NO ASLT,THEFT - ALL OTHER,G1
2026-07-31 16:18:07,2,DISTURBANCE,SUSPICIOUS CIRCUM. - SUSPICIOUS PERSON,D3
2026-07-31 16:18:02,2,ROBBERY (INCL STRONG ARM),DISTURBANCE - OTHER,M2
2026-07-31 16:09:35,1,OVERDOSE,DISTURBANCE - OTHER,N3
2026-07-31 16:09:35,1,OVERDOSE,DISTURBANCE - OTHER,N3
2026-07-31 15:57:08,1,ASLT - DV CRITICAL,"DV - ARGUMENTS, DISTURBANCE (NO ARREST)",F2
2026-07-31 15:57:08,1,ASLT - DV CRITICAL,"DV - ARGUMENTS, DISTURBANCE (NO ARREST)",F2
2026-07-31 15:57:08,1,ASLT - DV CRITICAL,"DV - ARGUMENTS, DISTURBANCE (NO ARREST)",F2
2026-07-31 15:55:54,1,SUICIDE - CRITICAL,"DV - ARGUMENTS, DISTURBANCE (NO ARREST)",G1
2026-07-31 15:55:54,1,SUICIDE - CRITICAL,"DV - ARGUMENTS, DISTURBANCE (NO ARREST)",G1
2026-07-31 15:55:54,1,SUICIDE - CRITICAL,"DV - ARGUMENTS, DISTURBANCE (NO ARREST)",G1
2026-07-31 15:55:54,1,SUICIDE - CRITICAL,"DV - ARGUMENTS, DISTURBANCE (NO ARREST)",G1
2026-07-31 15:55:54,1,SUICIDE - CRITICAL,"DV - ARGUMENTS, DISTURBANCE (NO ARREST)",G1
2026-07-31 15:55:54,1,SUICIDE - CRITICAL,"DV - ARGUMENTS, DISTURBANCE (NO ARREST)",G1
2026-07-31 15:52:33,2,DISTURBANCE - DV - NO ASLT,"DV - ARGUMENTS, DISTURBANCE (NO ARREST)",K3
2026-07-31 15:52:33,2,DISTURBANCE - DV - NO ASLT,"DV - ARGUMENTS, DISTURBANCE (NO ARREST)",K3
2026-07-31 15:50:01,2,DISTURBANCE,DISTURBANCE - OTHER,W2
2026-07-31 15:23:15,2,TRESPASS,DISTURBANCE - OTHER,S3
2026-07-31 15:23:15,2,TRESPASS,DISTURBANCE - OTHER,S3
2026-07-31 15:23:15,2,TRESPASS,DISTURBANCE - OTHER,S3
2026-07-31 15:23:15,2,TRESPASS,DISTURBANCE - OTHER,S3
2026-07-31 15:14:02,5,TRU - AUTO THEFT,DISTURBANCE - OTHER,F3
2026-07-31 15:13:18,1,ASLT - DV CRITICAL,DISTURBANCE - OTHER,R1
2026-07-31 15:13:18,1,ASLT - DV CRITICAL,DISTURBANCE - OTHER,R1
2026-07-31 15:13:18,1,ASLT - DV CRITICAL,DISTURBANCE - OTHER,R1
2026-07-31 15:10:53,1,UNKNOWN - ANI/ALI - WRLS PHNS (INCL OPEN LINE),DISTURBANCE - OTHER,K3
2026-07-31 15:06:27,1,ASLT - DV CRITICAL,"DV - ARGUMENTS, DISTURBANCE (NO ARREST)",K3
2026-07-31 15:06:27,1,ASLT - DV CRITICAL,"DV - ARGUMENTS, DISTURBANCE (NO ARREST)",K3
2026-07-31 15:06:27,1,ASLT - DV CRITICAL,"DV - ARGUMENTS, DISTURBANCE (NO ARREST)",K3
2026-07-31 15:00:19,2,HAZ - POTENTIAL THRT TO PHYS SAFETY,DISTURBANCE - OTHER,U3
2026-07-31 14:58:21,2,THREATS (INCLS IN-PERSON/BY PHONE/IN WRITING),DISTURBANCE - OTHER,K2
2026-07-31 14:55:18,2,DISTURBANCE - DV - NO ASLT,DISTURBANCE - OTHER,U1
2026-07-31 14:55:18,2,DISTURBANCE - DV - NO ASLT,DISTURBANCE - OTHER,U1
2026-07-31 14:55:18,2,DISTURBANCE - DV - NO ASLT,DISTURBANCE - OTHER,U1
2026-07-31 14:50:42,2,ASLT - WITH OR W/O WPNS (NO SHOOTINGS),DISTURBANCE - OTHER,C1
2026-07-31 14:50:42,2,ASLT - WITH OR W/O WPNS (NO SHOOTINGS),DISTURBANCE - OTHER,C1
2026-07-31 14:50:38,2,DISTURBANCE,CRISIS COMPLAINT - GENERAL,D2
2026-07-31 14:50:38,2,DISTURBANCE,CRISIS COMPLAINT - GENERAL,D2
2026-07-31 14:50:38,2,DISTURBANCE,CRISIS COMPLAINT - GENERAL,D2
2026-07-31 14:48:31,5,TRU - HARASSMENT,DISTURBANCE - OTHER,U1
2026-07-31 14:46:17,5,TRU - THREATS,DISTURBANCE - OTHER,F1
2026-07-31 14:45:38,3,THEFT (DOES NOT INCLUDE SHOPLIFT OR SVCS),DISTURBANCE - OTHER,G1
2026-07-31 14:44:08,2,DISTURBANCE,DISTURBANCE - OTHER,R2
2026-07-31 14:23:49,4,NOISE - GENERAL,DISTURBANCE - NOISE,J1
2026-07-31 14:21:34,4,NOISE - GENERAL,ASSIST PUBLIC - OTHER (NON-SPECIFIED),M1
2026-07-31 14:18:08,5,TRU - SUSPICIOUS CIRCUMSTANCES,DISTURBANCE - OTHER,L2
2026-07-31 14:11:19,1,UNKNOWN - ANI/ALI - WRLS PHNS (INCL OPEN LINE),DISTURBANCE - OTHER,F1
2026-07-31 14:11:19,1,UNKNOWN - ANI/ALI - WRLS PHNS (INCL OPEN LINE),DISTURBANCE - OTHER,F1
2026-07-31 14:06:32,2,DISTURBANCE,PROWLER - TRESPASS,S3
2026-07-31 14:06:32,2,DISTURBANCE,PROWLER - TRESPASS,S3
2026-07-31 13:44:23,2,DISTURBANCE,DISTURBANCE - OTHER,E3
2026-07-31 13:44:23,2,DISTURBANCE,DISTURBANCE - OTHER,E3
2026-07-31 13:24:45,3,DISTURBANCE,DISTURBANCE - OTHER,R3
2026-07-31 13:14:52,2,DISTURBANCE,DISTURBANCE - OTHER,G3
2026-07-31 13:14:52,2,DISTURBANCE,DISTURBANCE - OTHER,G3
2026-07-31 12:57:28,3,HARAS - NO BIAS OR THREATS,"DV - ARGUMENTS, DISTURBANCE (NO ARREST)",D1
2026-07-31 12:54:59,2,DISTURBANCE - DV - NO ASLT,"DV - ARGUMENTS, DISTURBANCE (NO ARREST)",U2
2026-07-31 12:54:59,2,DISTURBANCE - DV - NO ASLT,"DV - ARGUMENTS, DISTURBANCE (NO ARREST)",U2
2026-07-31 12:53:05,2,DISTURBANCE,DISTURBANCE - OTHER,S2
2026-07-31 12:53:05,2,DISTURBANCE,DISTURBANCE - OTHER,S2
2026-07-31 12:48:00,2,TRESPASS,DISTURBANCE - OTHER,R3
2026-07-31 12:48:00,2,TRESPASS,DISTURBANCE - OTHER,R3
2026-07-31 12:48:00,2,TRESPASS,DISTURBANCE - OTHER,R3
2026-07-31 12:38:36,2,DISTURBANCE,DISTURBANCE - OTHER,J1
2026-07-31 12:38:36,2,DISTURBANCE,DISTURBANCE - OTHER,J1
2026-07-31 12:34:44,1,DISTURBANCE,SUSPICIOUS CIRCUM. - SUSPICIOUS PERSON,E1
2026-07-31 12:34:44,1,DISTURBANCE,SUSPICIOUS CIRCUM. - SUSPICIOUS PERSON,E1
2026-07-31 12:34:44,1,DISTURBANCE,SUSPICIOUS CIRCUM. - SUSPICIOUS PERSON,E1
2026-07-31 12:34:44,1,DISTURBANCE,SUSPICIOUS CIRCUM. - SUSPICIOUS PERSON,E1
2026-07-31 12:30:56,2,SUICIDE - SUICIDAL PERSON AND ATTEMPTS,DISTURBANCE - OTHER,L2
2026-07-31 12:30:56,2,SUICIDE - SUICIDAL PERSON AND ATTEMPTS,DISTURBANCE - OTHER,L2
2026-07-31 12:20:19,1,DISTURBANCE,DISTURBANCE - OTHER,Q2
2026-07-31 12:20:19,1,DISTURBANCE,DISTURBANCE - OTHER,Q2
2026-07-31 12:15:50,1,UNKNOWN - ANI/ALI - WRLS PHNS (INCL OPEN LINE),DISTURBANCE - OTHER,N1
2026-07-31 12:15:50,1,UNKNOWN - ANI/ALI - WRLS PHNS (INCL OPEN LINE),DISTURBANCE - OTHER,N1
2026-07-31 11:51:25,3,HARAS - NO BIAS OR THREATS,DISTURBANCE - OTHER,R2
2026-07-31 11:44:05,2,DISTURBANCE,DISTURBANCE - OTHER,L2
2026-07-31 11:27:52,2,DISTURBANCE - DV - NO ASLT,CRISIS COMPLAINT - PICK-UP OR TRANSPORT,Q2
2026-07-31 11:27:52,2,DISTURBANCE - DV - NO ASLT,CRISIS COMPLAINT - PICK-UP OR TRANSPORT,Q2
2026-07-31 11:23:56,3,DISTURBANCE,DISTURBANCE - OTHER,W2
2026-07-31 11:17:23,1,UNKNOWN - COMPLAINT OF UNKNOWN NATURE,DISTURBANCE - OTHER,F2
2026-07-31 11:17:23,1,UNKNOWN - COMPLAINT OF UNKNOWN NATURE,DISTURBANCE - OTHER,F2
2026-07-31 11:17:23,1,UNKNOWN - COMPLAINT OF UNKNOWN NATURE,DISTURBANCE - OTHER,F2
2026-07-31 11:15:20,3,ROBBERY (INCL STRONG ARM),DISTURBANCE - OTHER,Q2
2026-07-31 10:56:10,2,DISTURBANCE,SUSPICIOUS CIRCUM. - SUSPICIOUS PERSON,W3
2026-07-31 10:56:10,2,DISTURBANCE,SUSPICIOUS CIRCUM. - SUSPICIOUS PERSON,W3
2026-07-31 10:53:20,2,DISTURBANCE - DV - NO ASLT,"DV - ARGUMENTS, DISTURBANCE (NO ARREST)",B3
2026-07-31 10:53:20,2,DISTURBANCE - DV - NO ASLT,"DV - ARGUMENTS, DISTURBANCE (NO ARREST)",B3
2026-07-31 10:43:46,3,DISTURBANCE,DISTURBANCE - OTHER,F1
2026-07-31 10:43:46,3,DISTURBANCE,DISTURBANCE - OTHER,F1
2026-07-31 10:43:46,3,DISTURBANCE,DISTURBANCE - OTHER,F1
2026-07-31 10:41:45,2,DISTURBANCE,ASSIST PUBLIC - OTHER (NON-SPECIFIED),N3
2026-07-31 10:41:45,2,DISTURBANCE,ASSIST PUBLIC - OTHER (NON-SPECIFIED),N3
2026-07-31 10:41:45,2,DISTURBANCE,ASSIST PUBLIC - OTHER (NON-SPECIFIED),N3
2026-07-31 10:41:45,2,DISTURBANCE,ASSIST PUBLIC - OTHER (NON-SPECIFIED),N3
2026-07-31 10:41:45,2,DISTURBANCE,ASSIST PUBLIC - OTHER (NON-SPECIFIED),N3
2026-07-31 10:10:39,2,DISTURBANCE,CRISIS COMPLAINT - GENERAL,W2
2026-07-31 10:10:39,2,DISTURBANCE,CRISIS COMPLAINT - GENERAL,W2
2026-07-31 10:10:39,2,DISTURBANCE,CRISIS COMPLAINT - GENERAL,W2
2026-07-31 10:08:29,2,DISTURBANCE,DISTURBANCE - OTHER,W2
2026-07-31 10:08:29,2,DISTURBANCE,DISTURBANCE - OTHER,W2
2026-07-31 10:08:29,2,DISTURBANCE,DISTURBANCE - OTHER,W2
2026-07-31 10:08:29,2,DISTURBANCE,DISTURBANCE - OTHER,W2
2026-07-31 10:08:29,2,DISTURBANCE,DISTURBANCE - OTHER,W2
2026-07-31 10:08:29,2,DISTURBANCE,DISTURBANCE - OTHER,W2
2026-07-31 10:08:03,2,DISTURBANCE,ASSIST PUBLIC - OTHER (NON-SPECIFIED),S1
2026-07-31 10:04:41,2,DISTURBANCE,DISTURBANCE - OTHER,R1
2026-07-31 09:59:35,2,DISTURBANCE,"ASSAULTS, OTHER",K2
2026-07-31 09:59:35,2,DISTURBANCE,"ASSAULTS, OTHER",K2
2026-07-31 09:51:27,1,UNKNOWN - ANI/ALI - LANDLINE (INCLUDES OPEN LINE),DISTURBANCE - OTHER,F1
2026-07-31 09:51:27,1,UNKNOWN - ANI/ALI - LANDLINE (INCLUDES OPEN LINE),DISTURBANCE - OTHER,F1
2026-07-31 09:44:40,3,DISTURBANCE,DISTURBANCE - OTHER,B1
2026-07-31 09:44:36,2,ORDER - VIOLATION OF COURT ORDER (NON DV),DISTURBANCE - NOISE RESIDENTIAL,B3
2026-07-31 09:43:41,2,HAZ - POTENTIAL THRT TO PHYS SAFETY,DISTURBANCE - OTHER,K3
2026-07-31 09:43:41,2,HAZ - POTENTIAL THRT TO PHYS SAFETY,DISTURBANCE - OTHER,K3
2026-07-31 09:30:20,2,DISTURBANCE,DISTURBANCE - OTHER,J3
2026-07-31 09:16:26,1,DISTURBANCE,SUSPICIOUS CIRCUM. - SUSPICIOUS PERSON,E1
2026-07-31 09:16:26,1,DISTURBANCE,SUSPICIOUS CIRCUM. - SUSPICIOUS PERSON,E1
2026-07-31 08:51:08,2,DISTURBANCE - DV - NO ASLT,DV - DOMESTIC VIOL/ASLT (ARREST MANDATORY),S3
2026-07-31 08:49:50,2,ASLT - WITH OR W/O WPNS (NO SHOOTINGS),DISTURBANCE - OTHER,W2
2026-07-31 08:49:50,2,ASLT - WITH OR W/O WPNS (NO SHOOTINGS),DISTURBANCE - OTHER,W2
2026-07-31 08:49:50,2,ASLT - WITH OR W/O WPNS (NO SHOOTINGS),DISTURBANCE - OTHER,W2
2026-07-31 08:49:50,2,ASLT - WITH OR W/O WPNS (NO SHOOTINGS),DISTURBANCE - OTHER,W2
2026-07-31 08:48:48,5,TRU - DISTURBANCE,DISTURBANCE - OTHER,B2
2026-07-31 08:48:43,3,NUISANCE,DISTURBANCE - OTHER,E1
2026-07-31 08:42:50,3,SERVICE - WELFARE CHECK,DISTURBANCE - OTHER,C1
2026-07-31 08:23:21,1,UNKNOWN - ANI/ALI - WRLS PHNS (INCL OPEN LINE),DISTURBANCE - OTHER,U3
2026-07-31 08:23:21,1,UNKNOWN - ANI/ALI - WRLS PHNS (INCL OPEN LINE),DISTURBANCE - OTHER,U3
2026-07-31 08:19:00,2,DISTURBANCE,DISTURBANCE - OTHER,N3
2026-07-31 08:19:00,2,DISTURBANCE,DISTURBANCE - OTHER,N3
2026-07-31 07:57:07,2,DISTURBANCE,"ASSAULTS, OTHER",R3
2026-07-31 07:57:07,2,DISTURBANCE,"ASSAULTS, OTHER",R3
2026-07-31 07:45:10,2,FIGHT - WITH WEAPONS,DISTURBANCE - OTHER,K1
2026-07-31 07:45:10,2,FIGHT - WITH WEAPONS,DISTURBANCE - OTHER,K1
2026-07-31 07:45:10,2,FIGHT - WITH WEAPONS,DISTURBANCE - OTHER,K1
2026-07-31 07:30:18,3,DISTURBANCE,DISTURBANCE - OTHER,E2
2026-07-31 07:30:18,3,DISTURBANCE,DISTURBANCE - OTHER,E2
2026-07-31 07:23:24,2,DISTURBANCE,DISTURBANCE - OTHER,E1
2026-07-31 06:41:15,2,DISTURBANCE - DV - NO ASLT,"DV - ARGUMENTS, DISTURBANCE (NO ARREST)",S3
2026-07-31 06:41:15,2,DISTURBANCE - DV - NO ASLT,"DV - ARGUMENTS, DISTURBANCE (NO ARREST)",S3
2026-07-31 06:34:59,3,HARAS - NO BIAS OR THREATS,DISTURBANCE - OTHER,L3
2026-07-31 06:21:31,2,DISTURBANCE - DV - NO ASLT,DISTURBANCE - OTHER,E3
2026-07-31 06:21:31,2,DISTURBANCE - DV - NO ASLT,DISTURBANCE - OTHER,E3
2026-07-31 06:21:31,2,DISTURBANCE - DV - NO ASLT,DISTURBANCE - OTHER,E3
2026-07-31 06:00:14,2,DISTURBANCE - DV - NO ASLT,"DV - ARGUMENTS, DISTURBANCE (NO ARREST)",N2
2026-07-31 06:00:14,2,DISTURBANCE - DV - NO ASLT,"DV - ARGUMENTS, DISTURBANCE (NO ARREST)",N2
2026-07-31 06:00:14,2,DISTURBANCE - DV - NO ASLT,"DV - ARGUMENTS, DISTURBANCE (NO ARREST)",N2
2026-07-31 05:37:04,1,DISTURBANCE - DV CRITICAL,"DV - ARGUMENTS, DISTURBANCE (NO ARREST)",D2
2026-07-31 05:37:04,1,DISTURBANCE - DV CRITICAL,"DV - ARGUMENTS, DISTURBANCE (NO ARREST)",D2
2026-07-31 05:28:27,2,DISTURBANCE - DV - NO ASLT,DISTURBANCE - OTHER,G1
2026-07-31 05:28:27,2,DISTURBANCE - DV - NO ASLT,DISTURBANCE - OTHER,G1
2026-07-31 05:28:27,2,DISTURBANCE - DV - NO ASLT,DISTURBANCE - OTHER,G1
2026-07-31 05:24:05,3,DISTURBANCE,DISTURBANCE - OTHER,M1
2026-07-31 04:49:11,1,DISTURBANCE - DV CRITICAL,"DV - ARGUMENTS, DISTURBANCE (NO ARREST)",L3
2026-07-31 04:49:11,1,DISTURBANCE - DV CRITICAL,"DV - ARGUMENTS, DISTURBANCE (NO ARREST)",L3
2026-07-31 04:32:02,1,SHOTS HEARD - IN PROGRESS,DISTURBANCE - OTHER,N2
2026-07-31 04:32:02,1,SHOTS HEARD - IN PROGRESS,DISTURBANCE - OTHER,N2
2026-07-31 04:32:02,1,SHOTS HEARD - IN PROGRESS,DISTURBANCE - OTHER,N2
2026-07-31 04:32:02,1,SHOTS HEARD - IN PROGRESS,DISTURBANCE - OTHER,N2
2026-07-31 04:30:42,4,NOISE - GENERAL,DISTURBANCE - NOISE,G2
2026-07-31 04:09:30,4,NOISE - GENERAL,DISTURBANCE - NOISE RESIDENTIAL,Q2
2026-07-31 04:07:30,1,SHOTS HEARD - IN PROGRESS,DISTURBANCE - OTHER,D3
2026-07-31 04:07:30,1,SHOTS HEARD - IN PROGRESS,DISTURBANCE - OTHER,D3
2026-07-31 03:10:01,2,DISTURBANCE - DV - NO ASLT,DV - DOMESTIC VIOLENCE (ARREST DISCRETIONARY),B3
2026-07-31 02:46:17,1,SHOTS HEARD - IN PROGRESS,DISTURBANCE - OTHER,B3
2026-07-31 02:46:17,1,SHOTS HEARD - IN PROGRESS,DISTURBANCE - OTHER,B3
2026-07-31 02:43:03,4,NOISE - GENERAL,DISTURBANCE - NOISE,K2
2026-07-31 02:28:39,2,DISTURBANCE - DV - NO ASLT,DISTURBANCE - OTHER,E2
2026-07-31 02:22:44,2,DISTURBANCE,DISTURBANCE - OTHER,C1
2026-07-31 02:20:59,2,DISTURBANCE,"WEAPON, PERSON WITH - GUN",E2
2026-07-31 02:20:59,2,DISTURBANCE,"WEAPON, PERSON WITH - GUN",E2
2026-07-31 02:20:59,2,DISTURBANCE,"WEAPON, PERSON WITH - GUN",E2
2026-07-31 02:20:59,2,DISTURBANCE,"WEAPON, PERSON WITH - GUN",E2
2026-07-31 02:20:59,2,DISTURBANCE,"WEAPON, PERSON WITH - GUN",E2
2026-07-31 02:20:59,2,DISTURBANCE,"WEAPON, PERSON WITH - GUN",E2
2026-07-31 02:20:59,2,DISTURBANCE,"WEAPON, PERSON WITH - GUN",E2
2026-07-31 02:20:59,2,DISTURBANCE,"WEAPON, PERSON WITH - GUN",E2
2026-07-31 02:20:59,2,DISTURBANCE,"WEAPON, PERSON WITH - GUN",E2
2026-07-31 01:59:44,2,EXPLOSION,DISTURBANCE - NOISE,D2
2026-07-31 01:59:44,2,EXPLOSION,DISTURBANCE - NOISE,D2
2026-07-31 01:52:27,2,"SUSPICIOUS PERSON, VEHICLE, OR INCIDENT",DISTURBANCE - OTHER,C2
2026-07-31 01:52:02,2,DISTURBANCE,DISTURBANCE - OTHER,L3
2026-07-31 01:45:53,4,NOISE - GENERAL,DISTURBANCE - NOISE,E2
2026-07-31 01:45:27,4,NOISE - GENERAL,DISTURBANCE - OTHER,U3
2026-07-31 01:42:57,1,DISTURBANCE - DV CRITICAL,CRISIS COMPLAINT - GENERAL,W2
2026-07-31 01:42:57,1,DISTURBANCE - DV CRITICAL,CRISIS COMPLAINT - GENERAL,W2
2026-07-31 01:42:57,1,DISTURBANCE - DV CRITICAL,CRISIS COMPLAINT - GENERAL,W2
2026-07-31 01:19:21,2,FIGHT - PHYSICAL (NO WEAPONS),DISTURBANCE - OTHER,E2
2026-07-31 01:19:21,2,FIGHT - PHYSICAL (NO WEAPONS),DISTURBANCE - OTHER,E2
2026-07-31 01:19:21,2,FIGHT - PHYSICAL (NO WEAPONS),DISTURBANCE - OTHER,E2
2026-07-31 01:19:21,2,FIGHT - PHYSICAL (NO WEAPONS),DISTURBANCE - OTHER,E2
2026-07-31 01:19:21,2,FIGHT - PHYSICAL (NO WEAPONS),DISTURBANCE - OTHER,E2
2026-07-31 01:09:29,2,ASLT - WITH OR W/O WPNS (NO SHOOTINGS),DISTURBANCE - OTHER,U2
2026-07-31 01:05:53,4,NOISE - GENERAL,DISTURBANCE - NOISE,G1
2026-07-31 00:57:09,2,ASLT - WITH OR W/O WPNS (NO SHOOTINGS),DISTURBANCE - OTHER,E1
2026-07-31 00:44:42,2,EXPLOSION,DISTURBANCE - NOISE,D1
2026-07-31 00:43:12,2,EXPLOSION,DISTURBANCE - OTHER,Q2
2026-07-31 00:43:12,2,EXPLOSION,DISTURBANCE - OTHER,Q2
2026-07-31 00:42:58,2,TRAFFIC - BLOCKING ROADWAY,DISTURBANCE - OTHER,K2
2026-07-31 00:26:04,1,RAPE,"DV - ARGUMENTS, DISTURBANCE (NO ARREST)",K3
2026-07-31 00:26:04,1,RAPE,"DV - ARGUMENTS, DISTURBANCE (NO ARREST)",K3
2026-07-31 00:26:04,1,RAPE,"DV - ARGUMENTS, DISTURBANCE (NO ARREST)",K3
2026-07-31 00:20:09,3,"ANIMAL - INJURED, DEAD HAZARD, OTHER","ANIMAL COMPLAINT - NOISE,STRAY,BITE",Q3
2026-07-31 00:13:40,1,UNKNOWN - ANI/ALI - WRLS PHNS (INCL OPEN LINE),DISTURBANCE - OTHER,E3
2026-07-31 00:13:40,1,UNKNOWN - ANI/ALI - WRLS PHNS (INCL OPEN LINE),DISTURBANCE - OTHER,E3
2026-07-31 00:11:31,3,"SUSPICIOUS PERSON, VEHICLE, OR INCIDENT",DISTURBANCE - OTHER,K3
2026-07-31 00:07:24,4,NOISE - GENERAL,DISTURBANCE - NOISE,Q2
2026-07-31 00:05:51,4,NOISE - GENERAL,DISTURBANCE - NOISE RESIDENTIAL,B1
2026-07-30 23:58:58,3,THREATS (INCLS IN-PERSON/BY PHONE/IN WRITING),DISTURBANCE - OTHER,G1
2026-07-30 23:49:08,4,FIREWORKS (NO HAZARD),DISTURBANCE - NOISE,E2
2026-07-30 23:49:08,2,DISTURBANCE,DISTURBANCE - OTHER,M2
2026-07-30 23:49:08,2,DISTURBANCE,DISTURBANCE - OTHER,M2
2026-07-30 23:49:08,2,DISTURBANCE,DISTURBANCE - OTHER,M2
2026-07-30 23:43:39,2,DISTURBANCE,SUSPICIOUS CIRCUM. - SUSPICIOUS PERSON,Q3
2026-07-30 23:43:39,2,DISTURBANCE,SUSPICIOUS CIRCUM. - SUSPICIOUS PERSON,Q3
2026-07-30 23:43:39,2,DISTURBANCE,SUSPICIOUS CIRCUM. - SUSPICIOUS PERSON,Q3
2026-07-30 23:43:39,2,DISTURBANCE,SUSPICIOUS CIRCUM. - SUSPICIOUS PERSON,Q3
2026-07-30 23:43:09,2,ASLT - WITH OR W/O WPNS (NO SHOOTINGS),DISTURBANCE - OTHER,E1
2026-07-30 23:43:09,2,ASLT - WITH OR W/O WPNS (NO SHOOTINGS),DISTURBANCE - OTHER,E1
2026-07-30 23:41:41,4,NOISE - GENERAL,DISTURBANCE - OTHER,E3
2026-07-30 23:40:43,1,DISTURBANCE - DV CRITICAL,"DV - ARGUMENTS, DISTURBANCE (NO ARREST)",U1
2026-07-30 23:40:43,1,DISTURBANCE - DV CRITICAL,"DV - ARGUMENTS, DISTURBANCE (NO ARREST)",U1
2026-07-30 23:40:43,1,DISTURBANCE - DV CRITICAL,"DV - ARGUMENTS, DISTURBANCE (NO ARREST)",U1
2026-07-30 23:40:43,1,DISTURBANCE - DV CRITICAL,"DV - ARGUMENTS, DISTURBANCE (NO ARREST)",U1
2026-07-30 23:40:43,1,DISTURBANCE - DV CRITICAL,"DV - ARGUMENTS, DISTURBANCE (NO ARREST)",U1
2026-07-30 23:40:43,1,DISTURBANCE - DV CRITICAL,"DV - ARGUMENTS, DISTURBANCE (NO ARREST)",U1
2026-07-30 23:40:43,1,DISTURBANCE - DV CRITICAL,"DV - ARGUMENTS, DISTURBANCE (NO ARREST)",U1
2026-07-30 23:24:48,3,DISTURBANCE,DISTURBANCE - OTHER,D3
2026-07-30 23:24:00,2,DISTURBANCE - DV - NO ASLT,DISTURBANCE - OTHER,G3
2026-07-30 23:17:36,2,DOWN - CHECK FOR DOWN PERSON,DISTURBANCE - OTHER,N3
2026-07-30 23:08:32,2,THREATS (INCLS IN-PERSON/BY PHONE/IN WRITING),DISTURBANCE - NOISE,N2
2026-07-30 23:03:54,1,UNKNOWN - COMPLAINT OF UNKNOWN NATURE,DISTURBANCE - OTHER,U1
2026-07-30 23:03:54,1,UNKNOWN - COMPLAINT OF UNKNOWN NATURE,DISTURBANCE - OTHER,U1
2026-07-30 23:03:54,1,UNKNOWN - COMPLAINT OF UNKNOWN NATURE,DISTURBANCE - OTHER,U1
2026-07-30 23:00:53,2,HARAS - NO BIAS OR THREATS,DISTURBANCE - NOISE RESIDENTIAL,B3
2026-07-30 22:50:56,2,ASLT - WITH OR W/O WPNS (NO SHOOTINGS),DISTURBANCE - OTHER,B1
2026-07-30 22:50:56,2,ASLT - WITH OR W/O WPNS (NO SHOOTINGS),DISTURBANCE - OTHER,B1
2026-07-30 22:50:56,2,ASLT - WITH OR W/O WPNS (NO SHOOTINGS),DISTURBANCE - OTHER,B1
2026-07-30 22:39:48,4,NOISE - GENERAL,DISTURBANCE - NOISE,L1
2026-07-30 21:44:50,4,NOISE - GENERAL,DISTURBANCE - NOISE,B2
2026-07-30 21:37:14,1,SHOTS HEARD - IN PROGRESS,DISTURBANCE - OTHER,G3
2026-07-30 21:37:14,1,SHOTS HEARD - IN PROGRESS,DISTURBANCE - OTHER,G3
2026-07-30 21:37:14,1,SHOTS HEARD - IN PROGRESS,DISTURBANCE - OTHER,G3
2026-07-30 21:35:29,2,DISTURBANCE - DV - NO ASLT,"DV - ARGUMENTS, DISTURBANCE (NO ARREST)",G1
2026-07-30 21:35:29,2,DISTURBANCE - DV - NO ASLT,"DV - ARGUMENTS, DISTURBANCE (NO ARREST)",G1
2026-07-30 21:35:29,2,DISTURBANCE - DV - NO ASLT,"DV - ARGUMENTS, DISTURBANCE (NO ARREST)",G1
2026-07-30 21:35:29,2,DISTURBANCE - DV - NO ASLT,"DV - ARGUMENTS, DISTURBANCE (NO ARREST)",G1
2026-07-30 21:35:10,2,ASLT - WITH OR W/O WPNS (NO SHOOTINGS),DISTURBANCE - JUVENILE,M3
2026-07-30 21:35:10,2,ASLT - WITH OR W/O WPNS (NO SHOOTINGS),DISTURBANCE - JUVENILE,M3
2026-07-30 21:15:22,2,ASLT - DV,DISTURBANCE - OTHER,N1
2026-07-30 21:15:22,2,ASLT - DV,DISTURBANCE - OTHER,N1
2026-07-30 21:15:22,2,ASLT - DV,DISTURBANCE - OTHER,N1
2026-07-30 20:56:57,2,DISTURBANCE,DISTURBANCE - OTHER,C1
2026-07-30 20:56:57,2,DISTURBANCE,DISTURBANCE - OTHER,C1
2026-07-30 20:54:48,3,HARAS - NO BIAS OR THREATS,DISTURBANCE - OTHER,R2
2026-07-30 20:54:48,3,HARAS - NO BIAS OR THREATS,DISTURBANCE - OTHER,R2
2026-07-30 20:45:22,3,DISTURBANCE - DV - NO ASLT,"DV - ARGUMENTS, DISTURBANCE (NO ARREST)",D1
2026-07-30 20:41:43,4,NOISE - GENERAL,DISTURBANCE - NOISE,N2
2026-07-30 20:40:57,2,DISTURBANCE - DV - NO ASLT,"DV - ARGUMENTS, DISTURBANCE (NO ARREST)",M2
2026-07-30 20:40:57,2,DISTURBANCE - DV - NO ASLT,"DV - ARGUMENTS, DISTURBANCE (NO ARREST)",M2
2026-07-30 20:31:18,3,DISTURBANCE,DISTURBANCE - NOISE,Q3
2026-07-30 20:24:52,1,ORDER - CRITICAL VIOLATION OF DV COURT ORDER,DISTURBANCE - OTHER,E2
2026-07-30 20:24:52,1,ORDER - CRITICAL VIOLATION OF DV COURT ORDER,DISTURBANCE - OTHER,E2
2026-07-30 20:24:13,1,DISTURBANCE,DISTURBANCE - OTHER,K1
2026-07-30 20:24:13,1,DISTURBANCE,DISTURBANCE - OTHER,K1
2026-07-30 20:24:13,1,DISTURBANCE,DISTURBANCE - OTHER,K1
2026-07-30 20:23:22,1,DISTURBANCE - DV CRITICAL,"DV - ARGUMENTS, DISTURBANCE (NO ARREST)",N1
2026-07-30 20:23:22,1,DISTURBANCE - DV CRITICAL,"DV - ARGUMENTS, DISTURBANCE (NO ARREST)",N1
2026-07-30 20:23:22,1,DISTURBANCE - DV CRITICAL,"DV - ARGUMENTS, DISTURBANCE (NO ARREST)",N1
2026-07-30 20:22:16,3,DISTURBANCE,SUSPICIOUS CIRCUM. - SUSPICIOUS VEHICLE,B2
2026-07-30 20:20:25,1,ORDER - CRITICAL VIOLATION OF DV COURT ORDER,"DV - ARGUMENTS, DISTURBANCE (NO ARREST)",O3
2026-07-30 20:20:25,1,ORDER - CRITICAL VIOLATION OF DV COURT ORDER,"DV - ARGUMENTS, DISTURBANCE (NO ARREST)",O3
2026-07-30 20:14:27,3,ASSIST PUBLIC - NO WELFARE CHK OR DV ORDER SERVICE,DISTURBANCE - OTHER,E2
2026-07-30 20:13:40,2,DISTURBANCE - DV - NO ASLT,"DV - ARGUMENTS, DISTURBANCE (NO ARREST)",J1
2026-07-30 20:13:40,2,DISTURBANCE - DV - NO ASLT,"DV - ARGUMENTS, DISTURBANCE (NO ARREST)",J1
2026-07-30 20:05:06,3,"SUSPICIOUS PERSON, VEHICLE, OR INCIDENT",DISTURBANCE - OTHER,D3
2026-07-30 20:05:06,3,"SUSPICIOUS PERSON, VEHICLE, OR INCIDENT",DISTURBANCE - OTHER,D3
2026-07-30 19:52:10,2,THREATS - DV - NO ASSAULT,DISTURBANCE - OTHER,U3
2026-07-30 19:52:10,2,THREATS - DV - NO ASSAULT,DISTURBANCE - OTHER,U3
2026-07-30 19:49:16,2,DISTURBANCE,DISTURBANCE,F3
2026-07-30 19:49:16,2,DISTURBANCE,DISTURBANCE,F3
2026-07-30 19:06:12,2,THEFT OF SERVICES,DISTURBANCE - OTHER,S3
2026-07-30 19:01:03,4,NOISE - GENERAL,DISTURBANCE - NOISE,M1
2026-07-30 18:55:16,1,SHOTS HEARD - IN PROGRESS,DISTURBANCE - OTHER,F2
2026-07-30 18:40:14,2,DISTURBANCE,PROWLER - TRESPASS,M1
2026-07-30 18:40:14,2,DISTURBANCE,PROWLER - TRESPASS,M1
2026-07-30 18:37:15,2,DISTURBANCE,DISTURBANCE - OTHER,Q2
2026-07-30 18:25:30,2,THREATS (INCLS IN-PERSON/BY PHONE/IN WRITING),DISTURBANCE - OTHER,J1
2026-07-30 18:05:29,3,DISTURBANCE,DISTURBANCE - OTHER,B2
2026-07-30 18:02:32,3,THREATS (INCLS IN-PERSON/BY PHONE/IN WRITING),DISTURBANCE - OTHER,S3
2026-07-30 18:02:32,3,THREATS (INCLS IN-PERSON/BY PHONE/IN WRITING),DISTURBANCE - OTHER,S3
2026-07-30 18:01:34,1,BURG - OCCUPIED RESD,DISTURBANCE - OTHER,U1
2026-07-30 18:01:34,1,BURG - OCCUPIED RESD,DISTURBANCE - OTHER,U1
2026-07-30 18:01:34,1,BURG - OCCUPIED RESD,DISTURBANCE - OTHER,U1
2026-07-30 17:20:47,2,THREATS (INCLS IN-PERSON/BY PHONE/IN WRITING),DISTURBANCE - OTHER,M3
2026-07-30 17:20:47,2,THREATS (INCLS IN-PERSON/BY PHONE/IN WRITING),DISTURBANCE - OTHER,M3
2026-07-30 17:04:00,2,DISTURBANCE,SUSPICIOUS CIRCUM. - SUSPICIOUS PERSON,Q1
2026-07-30 17:04:00,2,DISTURBANCE,SUSPICIOUS CIRCUM. - SUSPICIOUS PERSON,Q1
2026-07-30 17:03:22,2,ASLT - WITH OR W/O WPNS (NO SHOOTINGS),DISTURBANCE - OTHER,L2
2026-07-30 16:38:44,2,THREATS (INCLS IN-PERSON/BY PHONE/IN WRITING),DISTURBANCE - OTHER,E3
2026-07-30 16:22:38,2,DISTURBANCE - DV - NO ASLT,"DV - ARGUMENTS, DISTURBANCE (NO ARREST)",B1
2026-07-30 16:22:38,2,DISTURBANCE - DV - NO ASLT,"DV - ARGUMENTS, DISTURBANCE (NO ARREST)",B1
2026-07-30 16:20:24,1,ASLT - DV CRITICAL,"DV - ARGUMENTS, DISTURBANCE (NO ARREST)",S2
2026-07-30 16:20:24,1,ASLT - DV CRITICAL,"DV - ARGUMENTS, DISTURBANCE (NO ARREST)",S2
2026-07-30 16:20:24,1,ASLT - DV CRITICAL,"DV - ARGUMENTS, DISTURBANCE (NO ARREST)",S2
2026-07-30 16:08:49,3,DISTURBANCE,DISTURBANCE - OTHER,E1
2026-07-30 16:08:49,3,DISTURBANCE,DISTURBANCE - OTHER,E1
2026-07-30 16:00:21,2,DISTURBANCE,ASSIST OTHER AGENCY - CITY AGENCY,M1
2026-07-30 16:00:21,2,DISTURBANCE,ASSIST OTHER AGENCY - CITY AGENCY,M1
2026-07-30 16:00:21,2,DISTURBANCE,ASSIST OTHER AGENCY - CITY AGENCY,M1
2026-07-30 15:55:56,2,THREATS (INCLS IN-PERSON/BY PHONE/IN WRITING),DISTURBANCE - OTHER,C2
2026-07-30 15:55:56,2,THREATS (INCLS IN-PERSON/BY PHONE/IN WRITING),DISTURBANCE - OTHER,C2
2026-07-30 15:35:32,2,"SUSPICIOUS PERSON, VEHICLE, OR INCIDENT",DISTURBANCE - OTHER,C3
2026-07-30 15:35:32,2,"SUSPICIOUS PERSON, VEHICLE, OR INCIDENT",DISTURBANCE - OTHER,C3
2026-07-30 15:25:27,1,UNKNOWN - COMPLAINT OF UNKNOWN NATURE,"DV - ARGUMENTS, DISTURBANCE (NO ARREST)",F1
2026-07-30 15:25:27,1,UNKNOWN - COMPLAINT OF UNKNOWN NATURE,"DV - ARGUMENTS, DISTURBANCE (NO ARREST)",F1
2026-07-30 15:20:51,2,DISTURBANCE,DISTURBANCE - OTHER,D1
2026-07-30 15:02:35,4,NOISE - GENERAL,CRISIS COMPLAINT - GENERAL,G2
2026-07-30 15:00:41,2,"SUSPICIOUS PERSON, VEHICLE, OR INCIDENT",DISTURBANCE - OTHER,Q1
2026-07-30 14:59:14,2,DISTURBANCE,DISTURBANCE - OTHER,W1
2026-07-30 14:59:14,2,DISTURBANCE,DISTURBANCE - OTHER,W1
2026-07-30 14:54:56,3,NUISANCE,DISTURBANCE - OTHER,B2
2026-07-30 14:22:47,2,DISTURBANCE,CRISIS COMPLAINT - GENERAL,G2
2026-07-30 14:22:47,2,DISTURBANCE,CRISIS COMPLAINT - GENERAL,G2
2026-07-30 14:22:47,2,DISTURBANCE,CRISIS COMPLAINT - GENERAL,G2
2026-07-30 14:19:59,2,DISTURBANCE,ASSIST PUBLIC - OTHER (NON-SPECIFIED),C1
2026-07-30 14:19:59,2,DISTURBANCE,ASSIST PUBLIC - OTHER (NON-SPECIFIED),C1
2026-07-30 14:19:59,2,DISTURBANCE,ASSIST PUBLIC - OTHER (NON-SPECIFIED),C1
2026-07-30 14:19:59,2,DISTURBANCE,ASSIST PUBLIC - OTHER (NON-SPECIFIED),C1
2026-07-30 14:03:59,2,DISTURBANCE,DISTURBANCE - OTHER,G3
2026-07-30 14:01:01,3,PROPERTY - DAMAGE,DISTURBANCE - OTHER,F2
2026-07-30 14:01:01,3,PROPERTY - DAMAGE,DISTURBANCE - OTHER,F2
2026-07-30 14:01:01,3,PROPERTY - DAMAGE,DISTURBANCE - OTHER,F2
2026-07-30 13:57:56,3,DISTURBANCE,DISTURBANCE - OTHER,O1
2026-07-30 13:57:56,3,DISTURBANCE,DISTURBANCE - OTHER,O1
2026-07-30 13:57:56,3,DISTURBANCE,DISTURBANCE - OTHER,O1
2026-07-30 13:57:56,3,DISTURBANCE,DISTURBANCE - OTHER,O1
2026-07-30 13:57:56,3,DISTURBANCE,DISTURBANCE - OTHER,O1
2026-07-30 13:57:56,3,DISTURBANCE,DISTURBANCE - OTHER,O1
2026-07-30 13:57:56,3,DISTURBANCE,DISTURBANCE - OTHER,O1
2026-07-30 13:57:56,3,DISTURBANCE,DISTURBANCE - OTHER,O1
2026-07-30 13:57:56,3,DISTURBANCE,DISTURBANCE - OTHER,O1
2026-07-30 13:44:49,2,DISTURBANCE,DISTURBANCE - OTHER,O1
2026-07-30 13:44:49,2,DISTURBANCE,DISTURBANCE - OTHER,O1
2026-07-30 13:43:08,3,DISTURBANCE,DISTURBANCE - OTHER,F2
2026-07-30 13:34:33,3,HARAS - NO BIAS OR THREATS,DISTURBANCE - OTHER,C2
2026-07-30 13:14:10,5,TRU - DISTURBANCE,NO ANSWER WHEN CALLED,K3
2026-07-30 13:08:26,3,DISTURBANCE - DV - NO ASLT,DV - DOMESTIC THREATS BY PHONE OR WRITING,R3
2026-07-30 13:08:26,3,DISTURBANCE - DV - NO ASLT,DV - DOMESTIC THREATS BY PHONE OR WRITING,R3
2026-07-30 13:08:26,3,DISTURBANCE - DV - NO ASLT,DV - DOMESTIC THREATS BY PHONE OR WRITING,R3
2026-07-30 12:55:07,4,NOISE - GENERAL,SUSPICIOUS CIRCUM. - SUSPICIOUS VEHICLE,G1
2026-07-30 12:50:38,2,DISTURBANCE,"DV - ARGUMENTS, DISTURBANCE (NO ARREST)",B3
2026-07-30 12:50:38,2,DISTURBANCE,"DV - ARGUMENTS, DISTURBANCE (NO ARREST)",B3
2026-07-30 12:50:38,2,DISTURBANCE,"DV - ARGUMENTS, DISTURBANCE (NO ARREST)",B3
2026-07-30 12:50:38,2,DISTURBANCE,"DV - ARGUMENTS, DISTURBANCE (NO ARREST)",B3
2026-07-30 12:50:38,2,DISTURBANCE,"DV - ARGUMENTS, DISTURBANCE (NO ARREST)",B3
2026-07-30 12:50:38,2,DISTURBANCE,"DV - ARGUMENTS, DISTURBANCE (NO ARREST)",B3
2026-07-30 12:50:38,2,DISTURBANCE,"DV - ARGUMENTS, DISTURBANCE (NO ARREST)",B3
2026-07-30 12:45:35,2,ASLT - WITH OR W/O WPNS (NO SHOOTINGS),DISTURBANCE - OTHER,B2
2026-07-30 12:45:35,2,ASLT - WITH OR W/O WPNS (NO SHOOTINGS),DISTURBANCE - OTHER,B2
2026-07-30 12:45:35,2,ASLT - WITH OR W/O WPNS (NO SHOOTINGS),DISTURBANCE - OTHER,B2
2026-07-30 12:31:38,2,DISTURBANCE,"ASSAULTS - HARASSMENT, THREATS",B1
2026-07-30 12:25:58,2,DISTURBANCE,ASSIST PUBLIC - OTHER (NON-SPECIFIED),K2
2026-07-30 12:25:58,2,DISTURBANCE,ASSIST PUBLIC - OTHER (NON-SPECIFIED),K2
2026-07-30 12:23:31,2,DISTURBANCE,CRISIS COMPLAINT - GENERAL,S3
2026-07-30 12:23:31,2,DISTURBANCE,CRISIS COMPLAINT - GENERAL,S3
2026-07-30 12:21:10,4,NOISE - GENERAL,DISTURBANCE - NOISE,M1
2026-07-30 12:08:31,2,DISTURBANCE,SUSPICIOUS CIRCUM. - SUSPICIOUS PERSON,C2
2026-07-30 12:06:48,4,NOISE - GENERAL,DISTURBANCE - NOISE,M1
2026-07-30 11:50:17,2,HARAS - NO BIAS OR THREATS,DISTURBANCE - OTHER,F1
2026-07-30 11:34:32,5,TRU - HARASSMENT,DISTURBANCE - OTHER,K3
2026-07-30 11:18:34,2,THREATS (INCLS IN-PERSON/BY PHONE/IN WRITING),DISTURBANCE - OTHER,B1
2026-07-30 11:18:34,2,THREATS (INCLS IN-PERSON/BY PHONE/IN WRITING),DISTURBANCE - OTHER,B1
2026-07-30 11:18:34,2,THREATS (INCLS IN-PERSON/BY PHONE/IN WRITING),DISTURBANCE - OTHER,B1
2026-07-30 11:12:10,2,DISTURBANCE - DV - NO ASLT,DISTURBANCE - OTHER,U1
2026-07-30 11:12:10,2,DISTURBANCE - DV - NO ASLT,DISTURBANCE - OTHER,U1
2026-07-30 11:12:10,2,DISTURBANCE - DV - NO ASLT,DISTURBANCE - OTHER,U1
2026-07-30 11:12:10,2,DISTURBANCE - DV - NO ASLT,DISTURBANCE - OTHER,U1
2026-07-30 11:12:10,2,DISTURBANCE - DV - NO ASLT,DISTURBANCE - OTHER,U1
2026-07-30 10:54:55,2,DISTURBANCE,DISTURBANCE - OTHER,D1
2026-07-30 10:49:10,1,DISTURBANCE - DV CRITICAL,DISTURBANCE - DV - NO ASLT,F1
2026-07-30 10:49:10,1,DISTURBANCE - DV CRITICAL,DISTURBANCE - DV - NO ASLT,F1
2026-07-30 09:56:23,2,THREATS - DV - NO ASSAULT,DISTURBANCE - OTHER,U2
2026-07-30 09:56:23,2,THREATS - DV - NO ASSAULT,DISTURBANCE - OTHER,U2
2026-07-30 09:56:23,2,THREATS - DV - NO ASSAULT,DISTURBANCE - OTHER,U2
2026-07-30 09:56:23,2,THREATS - DV - NO ASSAULT,DISTURBANCE - OTHER,U2
2026-07-30 09:56:23,2,THREATS - DV - NO ASSAULT,DISTURBANCE - OTHER,U2
2026-07-30 09:48:53,2,SHOTS HEARD - DELAY,DISTURBANCE - NOISE,U1
2026-07-30 09:45:26,2,DISTURBANCE,DISTURBANCE - OTHER,E1
2026-07-30 09:45:26,2,DISTURBANCE,DISTURBANCE - OTHER,E1
2026-07-30 09:45:26,2,DISTURBANCE,DISTURBANCE - OTHER,E1
2026-07-30 09:35:19,3,DISTURBANCE - DV - NO ASLT,"DV - ARGUMENTS, DISTURBANCE (NO ARREST)",F2
2026-07-30 09:35:19,3,DISTURBANCE - DV - NO ASLT,"DV - ARGUMENTS, DISTURBANCE (NO ARREST)",F2
2026-07-30 09:31:04,2,DISTURBANCE,DISTURBANCE - OTHER,O3
2026-07-30 09:31:04,2,DISTURBANCE,DISTURBANCE - OTHER,O3
2026-07-30 09:13:11,2,FIGHT - PHYSICAL (NO WEAPONS),DISTURBANCE - OTHER,F2
2026-07-30 09:13:11,2,FIGHT - PHYSICAL (NO WEAPONS),DISTURBANCE - OTHER,F2
2026-07-30 09:12:23,1,THREATS - DV - NO ASSAULT,DISTURBANCE - OTHER,L3
2026-07-30 09:12:23,1,THREATS - DV - NO ASSAULT,DISTURBANCE - OTHER,L3
2026-07-30 09:12:23,1,THREATS - DV - NO ASSAULT,DISTURBANCE - OTHER,L3
2026-07-30 08:54:57,2,"SUSPICIOUS PERSON, VEHICLE, OR INCIDENT",DISTURBANCE - OTHER,N3
2026-07-30 08:54:57,2,"SUSPICIOUS PERSON, VEHICLE, OR INCIDENT",DISTURBANCE - OTHER,N3
2026-07-30 08:02:33,3,DISTURBANCE,DISTURBANCE - OTHER,U3
2026-07-30 08:02:16,3,DEMONSTRATIONS,DISTURBANCE - NOISE,K2
2026-07-30 07:45:44,2,ASLT - WITH OR W/O WPNS (NO SHOOTINGS),DISTURBANCE - OTHER,E2
2026-07-30 07:26:11,2,DOWN - CHECK FOR DOWN PERSON,DISTURBANCE - OTHER,L1
2026-07-30 07:22:08,2,DISTURBANCE - DV - NO ASLT,DISTURBANCE - DV - NO ASLT,U1
2026-07-30 07:22:08,2,DISTURBANCE - DV - NO ASLT,DISTURBANCE - DV - NO ASLT,U1
2026-07-30 07:18:58,3,ORDER - VIOLATION OF COURT ORDER (NON DV),DISTURBANCE - OTHER,L2
2026-07-30 07:18:58,3,ORDER - VIOLATION OF COURT ORDER (NON DV),DISTURBANCE - OTHER,L2
2026-07-30 06:51:07,2,THREATS (INCLS IN-PERSON/BY PHONE/IN WRITING),DISTURBANCE - OTHER,K1
2026-07-30 06:51:07,2,THREATS (INCLS IN-PERSON/BY PHONE/IN WRITING),DISTURBANCE - OTHER,K1
2026-07-30 06:29:13,1,SUICIDE - CRITICAL,DISTURBANCE - OTHER,E3
2026-07-30 06:29:13,1,SUICIDE - CRITICAL,DISTURBANCE - OTHER,E3
2026-07-30 06:29:13,1,SUICIDE - CRITICAL,DISTURBANCE - OTHER,E3
2026-07-30 05:24:33,3,DISTURBANCE,ASSIST PUBLIC - OTHER (NON-SPECIFIED),G2
2026-07-30 05:23:31,2,DISTURBANCE,SUSPICIOUS CIRCUM. - SUSPICIOUS PERSON,B3
2026-07-30 05:23:31,2,DISTURBANCE,SUSPICIOUS CIRCUM. - SUSPICIOUS PERSON,B3
2026-07-30 05:03:16,1,DISTURBANCE,ASSIST PUBLIC - OTHER (NON-SPECIFIED),C3
2026-07-30 05:03:16,1,DISTURBANCE,ASSIST PUBLIC - OTHER (NON-SPECIFIED),C3
2026-07-30 05:03:16,1,DISTURBANCE,ASSIST PUBLIC - OTHER (NON-SPECIFIED),C3
2026-07-30 04:55:41,1,ASLT - CRITICAL (NO SHOOTINGS),DISTURBANCE - OTHER,L1
2026-07-30 04:55:41,1,ASLT - CRITICAL (NO SHOOTINGS),DISTURBANCE - OTHER,L1
2026-07-30 04:49:58,2,DISTURBANCE,DISTURBANCE - OTHER,K3
2026-07-30 04:31:37,1,DISTURBANCE,SUSPICIOUS CIRCUM. - SUSPICIOUS PERSON,S3
2026-07-30 04:31:37,1,DISTURBANCE,SUSPICIOUS CIRCUM. - SUSPICIOUS PERSON,S3
2026-07-30 04:18:57,2,"SUSPICIOUS PERSON, VEHICLE, OR INCIDENT",DISTURBANCE - OTHER,W2
2026-07-30 04:18:57,2,"SUSPICIOUS PERSON, VEHICLE, OR INCIDENT",DISTURBANCE - OTHER,W2
2026-07-30 04:18:57,2,"SUSPICIOUS PERSON, VEHICLE, OR INCIDENT",DISTURBANCE - OTHER,W2
2026-07-30 03:35:50,4,NOISE - GENERAL,DISTURBANCE - OTHER,W1
2026-07-30 03:26:19,1,UNKNOWN - COMPLAINT OF UNKNOWN NATURE,DISTURBANCE - OTHER,N2
2026-07-30 03:26:19,1,UNKNOWN - COMPLAINT OF UNKNOWN NATURE,DISTURBANCE - OTHER,N2
2026-07-30 03:25:01,1,UNKNOWN - COMPLAINT OF UNKNOWN NATURE,DISTURBANCE - OTHER,N2
2026-07-30 03:25:01,1,UNKNOWN - COMPLAINT OF UNKNOWN NATURE,DISTURBANCE - OTHER,N2
2026-07-30 03:25:01,1,UNKNOWN - COMPLAINT OF UNKNOWN NATURE,DISTURBANCE - OTHER,N2
2026-07-30 03:25:01,1,UNKNOWN - COMPLAINT OF UNKNOWN NATURE,DISTURBANCE - OTHER,N2
2026-07-30 03:25:01,1,UNKNOWN - COMPLAINT OF UNKNOWN NATURE,DISTURBANCE - OTHER,N2
2026-07-30 03:09:25,3,"SUSPICIOUS PERSON, VEHICLE, OR INCIDENT",DISTURBANCE - OTHER,E3
2026-07-30 03:05:39,1,UNKNOWN - COMPLAINT OF UNKNOWN NATURE,DISTURBANCE - OTHER,N3
2026-07-30 03:05:39,1,UNKNOWN - COMPLAINT OF UNKNOWN NATURE,DISTURBANCE - OTHER,N3
2026-07-30 03:05:39,1,UNKNOWN - COMPLAINT OF UNKNOWN NATURE,DISTURBANCE - OTHER,N3
2026-07-30 03:05:39,1,UNKNOWN - COMPLAINT OF UNKNOWN NATURE,DISTURBANCE - OTHER,N3
2026-07-30 03:05:39,1,UNKNOWN - COMPLAINT OF UNKNOWN NATURE,DISTURBANCE - OTHER,N3
2026-07-30 03:05:39,1,UNKNOWN - COMPLAINT OF UNKNOWN NATURE,DISTURBANCE - OTHER,N3
2026-07-30 02:54:37,4,NOISE - GENERAL,DISTURBANCE - NOISE,R2
2026-07-30 02:52:02,1,SHOTS HEARD - IN PROGRESS,DISTURBANCE - OTHER,U1
2026-07-30 02:52:02,1,SHOTS HEARD - IN PROGRESS,DISTURBANCE - OTHER,U1
2026-07-30 02:52:02,1,SHOTS HEARD - IN PROGRESS,DISTURBANCE - OTHER,U1
2026-07-30 02:30:19,2,DISTURBANCE,SUSPICIOUS CIRCUM. - SUSPICIOUS PERSON,O1
2026-07-30 02:30:19,2,DISTURBANCE,SUSPICIOUS CIRCUM. - SUSPICIOUS PERSON,O1
2026-07-30 02:30:12,2,DISTURBANCE,DISTURBANCE - OTHER,D1
2026-07-30 02:30:12,2,DISTURBANCE,DISTURBANCE - OTHER,D1
2026-07-30 02:01:08,1,DISTURBANCE,"DV - ARGUMENTS, DISTURBANCE (NO ARREST)",G3
2026-07-30 01:40:46,4,NOISE - GENERAL,DISTURBANCE - OTHER,G1
2026-07-30 01:13:17,2,DISTURBANCE,DISTURBANCE - OTHER,G1
2026-07-30 01:13:17,2,DISTURBANCE,DISTURBANCE - OTHER,G1
2026-07-30 00:41:18,4,NOISE - GENERAL,DISTURBANCE - OTHER,E1
2026-07-30 00:35:39,3,HARAS - NO BIAS OR THREATS,DISTURBANCE - OTHER,J1
2026-07-30 00:35:39,3,HARAS - NO BIAS OR THREATS,DISTURBANCE - OTHER,J1
2026-07-30 00:34:45,4,NOISE - GENERAL,DISTURBANCE - NOISE RESIDENTIAL,U1
2026-07-30 00:24:32,2,EXPLOSION,DISTURBANCE - NOISE,E2
2026-07-30 00:21:33,2,DISTURBANCE - DV - NO ASLT,DISTURBANCE - OTHER,M2
2026-07-30 00:03:04,4,NOISE - ANIMAL (INCLUDES BARKING DOGS),DISTURBANCE - NOISE,U1
2026-07-30 00:03:04,4,NOISE - ANIMAL (INCLUDES BARKING DOGS),DISTURBANCE - NOISE,U1
2026-07-29 23:57:32,3,"NARCOTICS - VIOLATIONS (LOITER, USE, SELL, NARS)",DISTURBANCE - OTHER,E3
2026-07-29 23:55:58,3,"SUSPICIOUS PERSON, VEHICLE, OR INCIDENT",DISTURBANCE - OTHER,E3
2026-07-29 23:55:26,2,ASLT - DV,"DV - ARGUMENTS, DISTURBANCE (NO ARREST)",D3
2026-07-29 23:55:26,2,ASLT - DV,"DV - ARGUMENTS, DISTURBANCE (NO ARREST)",D3
2026-07-29 23:54:02,1,ASLT - DV CRITICAL,"DV - ARGUMENTS, DISTURBANCE (NO ARREST)",D1
2026-07-29 23:54:02,1,ASLT - DV CRITICAL,"DV - ARGUMENTS, DISTURBANCE (NO ARREST)",D1
2026-07-29 23:46:31,2,DISTURBANCE,ASSIST PUBLIC - OTHER (NON-SPECIFIED),E2
2026-07-29 23:46:21,1,UNKNOWN - ANI/ALI - WRLS PHNS (INCL OPEN LINE),DISTURBANCE - OTHER,L1
2026-07-29 23:46:21,1,UNKNOWN - ANI/ALI - WRLS PHNS (INCL OPEN LINE),DISTURBANCE - OTHER,L1
2026-07-29 23:43:36,2,DISTURBANCE - DV - NO ASLT,"DV - ARGUMENTS, DISTURBANCE (NO ARREST)",Q1
2026-07-29 23:43:36,2,DISTURBANCE - DV - NO ASLT,"DV - ARGUMENTS, DISTURBANCE (NO ARREST)",Q1
2026-07-29 23:34:04,3,"SUSPICIOUS PERSON, VEHICLE, OR INCIDENT",DISTURBANCE - OTHER,K3
2026-07-29 23:34:04,3,"SUSPICIOUS PERSON, VEHICLE, OR INCIDENT",DISTURBANCE - OTHER,K3
2026-07-29 23:34:04,3,"SUSPICIOUS PERSON, VEHICLE, OR INCIDENT",DISTURBANCE - OTHER,K3
2026-07-29 23:29:11,3,DISTURBANCE,DISTURBANCE - FIGHT,N3
2026-07-29 23:29:11,3,DISTURBANCE,DISTURBANCE - FIGHT,N3
2026-07-29 23:29:11,3,DISTURBANCE,DISTURBANCE - FIGHT,N3
2026-07-29 23:18:05,4,NOISE - GENERAL,DISTURBANCE - NOISE,Q2
2026-07-29 23:17:53,1,UNKNOWN - COMPLAINT OF UNKNOWN NATURE,DISTURBANCE - OTHER,L2
2026-07-29 23:17:53,1,UNKNOWN - COMPLAINT OF UNKNOWN NATURE,DISTURBANCE - OTHER,L2
2026-07-29 23:17:53,1,UNKNOWN - COMPLAINT OF UNKNOWN NATURE,DISTURBANCE - OTHER,L2
2026-07-29 23:16:37,2,DISTURBANCE,PROWLER - TRESPASS,Q3
2026-07-29 23:16:37,2,DISTURBANCE,PROWLER - TRESPASS,Q3
2026-07-29 23:11:22,3,DISTURBANCE,DISTURBANCE - OTHER,B3
2026-07-29 23:11:22,3,DISTURBANCE,DISTURBANCE - OTHER,B3
2026-07-29 23:07:53,1,DISTURBANCE - DV CRITICAL,"DV - ARGUMENTS, DISTURBANCE (NO ARREST)",F3
2026-07-29 23:07:53,1,DISTURBANCE - DV CRITICAL,"DV - ARGUMENTS, DISTURBANCE (NO ARREST)",F3
2026-07-29 22:49:54,4,NOISE - ANIMAL (INCLUDES BARKING DOGS),DISTURBANCE - NOISE,N2
2026-07-29 22:48:35,4,NOISE - ANIMAL (INCLUDES BARKING DOGS),DISTURBANCE - NOISE,D2
2026-07-29 22:39:40,2,DISTURBANCE,DISTURBANCE - OTHER,K3
2026-07-29 22:39:40,2,DISTURBANCE,DISTURBANCE - OTHER,K3
2026-07-29 22:39:40,2,DISTURBANCE,DISTURBANCE - OTHER,K3
2026-07-29 22:34:19,4,NOISE - GENERAL,DISTURBANCE - NOISE RESIDENTIAL,R3
2026-07-29 21:47:53,4,NOISE - GENERAL,DISTURBANCE - OTHER,B1
2026-07-29 21:37:38,2,DISTURBANCE - DV - NO ASLT,"DV - ARGUMENTS, DISTURBANCE (NO ARREST)",L3
2026-07-29 21:37:38,2,DISTURBANCE - DV - NO ASLT,"DV - ARGUMENTS, DISTURBANCE (NO ARREST)",L3
2026-07-29 21:37:38,2,DISTURBANCE - DV - NO ASLT,"DV - ARGUMENTS, DISTURBANCE (NO ARREST)",L3
2026-07-29 21:36:23,2,"SUSPICIOUS PERSON, VEHICLE, OR INCIDENT",DISTURBANCE - OTHER,C1
2026-07-29 21:36:01,3,DISTURBANCE,SUSPICIOUS CIRCUM. - SUSPICIOUS PERSON,B2
2026-07-29 21:36:01,3,DISTURBANCE,SUSPICIOUS CIRCUM. - SUSPICIOUS PERSON,B2
2026-07-29 21:31:00,1,ASLT - PERSON SHOT OR SHOT AT,DISTURBANCE - OTHER,N3
2026-07-29 21:31:00,1,ASLT - PERSON SHOT OR SHOT AT,DISTURBANCE - OTHER,N3
2026-07-29 21:31:00,1,ASLT - PERSON SHOT OR SHOT AT,DISTURBANCE - OTHER,N3
2026-07-29 21:31:00,1,ASLT - PERSON SHOT OR SHOT AT,DISTURBANCE - OTHER,N3
2026-07-29 21:31:00,1,ASLT - PERSON SHOT OR SHOT AT,DISTURBANCE - OTHER,N3
2026-07-29 21:31:00,1,ASLT - PERSON SHOT OR SHOT AT,DISTURBANCE - OTHER,N3
2026-07-29 21:31:00,1,ASLT - PERSON SHOT OR SHOT AT,DISTURBANCE - OTHER,N3
2026-07-29 21:31:00,1,ASLT - PERSON SHOT OR SHOT AT,DISTURBANCE - OTHER,N3
2026-07-29 21:31:00,1,ASLT - PERSON SHOT OR SHOT AT,DISTURBANCE - OTHER,N3
2026-07-29 21:31:00,1,ASLT - PERSON SHOT OR SHOT AT,DISTURBANCE - OTHER,N3
2026-07-29 21:31:00,1,ASLT - PERSON SHOT OR SHOT AT,DISTURBANCE - OTHER,N3
2026-07-29 21:31:00,1,ASLT - PERSON SHOT OR SHOT AT,DISTURBANCE - OTHER,N3
2026-07-29 21:31:00,1,ASLT - PERSON SHOT OR SHOT AT,DISTURBANCE - OTHER,N3
2026-07-29 21:31:00,1,ASLT - PERSON SHOT OR SHOT AT,DISTURBANCE - OTHER,N3
2026-07-29 21:31:00,1,ASLT - PERSON SHOT OR SHOT AT,DISTURBANCE - OTHER,N3
2026-07-29 21:21:25,3,DISTURBANCE - DV - NO ASLT,MISCHIEF OR NUISANCE - GENERAL,L2
2026-07-29 21:12:56,2,DISTURBANCE,CRISIS COMPLAINT - GENERAL,L2
2026-07-29 21:12:56,2,DISTURBANCE,CRISIS COMPLAINT - GENERAL,L2
2026-07-29 21:12:56,2,DISTURBANCE,CRISIS COMPLAINT - GENERAL,L2
2026-07-29 21:11:15,3,DISTURBANCE,CRISIS COMPLAINT - GENERAL,J1
2026-07-29 21:11:15,3,DISTURBANCE,CRISIS COMPLAINT - GENERAL,J1
2026-07-29 21:08:42,2,ASLT - DV,DISTURBANCE - DV - NO ASLT,S2
2026-07-29 21:08:42,2,ASLT - DV,DISTURBANCE - DV - NO ASLT,S2
2026-07-29 21:08:42,2,ASLT - DV,DISTURBANCE - DV - NO ASLT,S2
2026-07-29 21:08:42,2,ASLT - DV,DISTURBANCE - DV - NO ASLT,S2
2026-07-29 20:57:09,2,DISTURBANCE,CRISIS COMPLAINT - GENERAL,E1
2026-07-29 20:57:09,2,DISTURBANCE,CRISIS COMPLAINT - GENERAL,E1
2026-07-29 20:52:58,2,DISTURBANCE - DV - NO ASLT,ASSIST PUBLIC - OTHER (NON-SPECIFIED),G2
2026-07-29 20:52:58,2,DISTURBANCE - DV - NO ASLT,ASSIST PUBLIC - OTHER (NON-SPECIFIED),G2
2026-07-29 20:52:58,2,DISTURBANCE - DV - NO ASLT,ASSIST PUBLIC - OTHER (NON-SPECIFIED),G2
2026-07-29 20:37:56,2,ASLT - DV,"DV - ARGUMENTS, DISTURBANCE (NO ARREST)",W2
2026-07-29 20:37:56,2,ASLT - DV,"DV - ARGUMENTS, DISTURBANCE (NO ARREST)",W2
2026-07-29 20:37:56,2,ASLT - DV,"DV - ARGUMENTS, DISTURBANCE (NO ARREST)",W2
2026-07-29 20:32:15,3,ORDER - VIOLATING DV COURT ORDER,"DV - ARGUMENTS, DISTURBANCE (NO ARREST)",Q3
2026-07-29 20:32:15,3,ORDER - VIOLATING DV COURT ORDER,"DV - ARGUMENTS, DISTURBANCE (NO ARREST)",Q3
2026-07-29 20:32:15,3,ORDER - VIOLATING DV COURT ORDER,"DV - ARGUMENTS, DISTURBANCE (NO ARREST)",Q3
2026-07-29 20:31:01,2,SERVICE - WELFARE CHECK,DISTURBANCE - OTHER,L2
2026-07-29 20:09:20,2,DISTURBANCE,PROWLER - TRESPASS,J3
2026-07-29 20:09:20,2,DISTURBANCE,PROWLER - TRESPASS,J3
2026-07-29 20:04:46,1,DISTURBANCE,DISTURBANCE - OTHER,O1
2026-07-29 20:04:46,1,DISTURBANCE,DISTURBANCE - OTHER,O1
2026-07-29 19:59:14,2,DISTURBANCE,CRISIS COMPLAINT - GENERAL,B2
2026-07-29 19:59:14,2,DISTURBANCE,CRISIS COMPLAINT - GENERAL,B2
2026-07-29 19:59:14,2,DISTURBANCE,CRISIS COMPLAINT - GENERAL,B2
2026-07-29 19:53:09,3,DISTURBANCE,SUSPICIOUS CIRCUM. - SUSPICIOUS PERSON,M2
2026-07-29 19:53:09,3,DISTURBANCE,SUSPICIOUS CIRCUM. - SUSPICIOUS PERSON,M2
2026-07-29 19:40:27,2,DISTURBANCE,"ASSAULTS - HARASSMENT, THREATS",N2
2026-07-29 19:40:27,2,DISTURBANCE,"ASSAULTS - HARASSMENT, THREATS",N2
2026-07-29 19:40:27,2,DISTURBANCE,"ASSAULTS - HARASSMENT, THREATS",N2
2026-07-29 19:29:38,2,DISTURBANCE - DV - NO ASLT,CRISIS COMPLAINT - GENERAL,Q2
2026-07-29 19:26:34,2,THREATS - DV - NO ASSAULT,"DV - ARGUMENTS, DISTURBANCE (NO ARREST)",K3
2026-07-29 19:26:34,2,THREATS - DV - NO ASSAULT,"DV - ARGUMENTS, DISTURBANCE (NO ARREST)",K3
2026-07-29 19:26:34,2,THREATS - DV - NO ASSAULT,"DV - ARGUMENTS, DISTURBANCE (NO ARREST)",K3
2026-07-29 19:11:46,4,NOISE - GENERAL,DISTURBANCE - NOISE,R2
2026-07-29 18:51:39,2,DISTURBANCE,DISTURBANCE - OTHER,B1
2026-07-29 18:42:52,3,"NARCOTICS - VIOLATIONS (LOITER, USE, SELL, NARS)",DISTURBANCE - OTHER,N3
2026-07-29 18:31:37,2,DISTURBANCE - DV - NO ASLT,"DV - ARGUMENTS, DISTURBANCE (NO ARREST)",J2
2026-07-29 18:31:37,2,DISTURBANCE - DV - NO ASLT,"DV - ARGUMENTS, DISTURBANCE (NO ARREST)",J2
2026-07-29 18:31:07,4,NOISE - GENERAL,DISTURBANCE - NOISE RESIDENTIAL,B2
2026-07-29 18:30:19,4,NOISE - GENERAL,DISTURBANCE - NOISE,M1
2026-07-29 18:19:31,2,ORDER - VIOLATING DV COURT ORDER,DISTURBANCE - OTHER,F1
2026-07-29 18:19:31,2,ORDER - VIOLATING DV COURT ORDER,DISTURBANCE - OTHER,F1
2026-07-29 18:09:44,4,NOISE - GENERAL,DISTURBANCE - NOISE,L3
2026-07-29 18:09:34,2,DISTURBANCE - DV - NO ASLT,DISTURBANCE - OTHER,U1
2026-07-29 18:04:14,2,DISTURBANCE - DV - NO ASLT,"DV - ARGUMENTS, DISTURBANCE (NO ARREST)",D2
2026-07-29 17:28:07,2,DISTURBANCE,DISTURBANCE - OTHER,K1
2026-07-29 17:27:12,2,SERVICE - WELFARE CHECK,DISTURBANCE - OTHER,U3
2026-07-29 17:27:12,2,SERVICE - WELFARE CHECK,DISTURBANCE - OTHER,U3
2026-07-29 17:27:12,2,SERVICE - WELFARE CHECK,DISTURBANCE - OTHER,U3
2026-07-29 17:26:42,2,"SUSPICIOUS PERSON, VEHICLE, OR INCIDENT",DISTURBANCE - OTHER,E2
2026-07-29 17:14:58,1,UNKNOWN - COMPLAINT OF UNKNOWN NATURE,DISTURBANCE - OTHER,S2
2026-07-29 17:14:58,1,UNKNOWN - COMPLAINT OF UNKNOWN NATURE,DISTURBANCE - OTHER,S2
2026-07-29 17:11:33,2,DISTURBANCE - DV - NO ASLT,"DV - ARGUMENTS, DISTURBANCE (NO ARREST)",Q3
2026-07-29 17:11:33,2,DISTURBANCE - DV - NO ASLT,"DV - ARGUMENTS, DISTURBANCE (NO ARREST)",Q3
2026-07-29 17:11:33,2,DISTURBANCE - DV - NO ASLT,"DV - ARGUMENTS, DISTURBANCE (NO ARREST)",Q3
2026-07-29 17:00:28,2,DISTURBANCE,ASSIST PUBLIC - OTHER (NON-SPECIFIED),D1
2026-07-29 17:00:28,2,DISTURBANCE,ASSIST PUBLIC - OTHER (NON-SPECIFIED),D1
2026-07-29 17:00:28,2,DISTURBANCE,ASSIST PUBLIC - OTHER (NON-SPECIFIED),D1
2026-07-29 17:00:28,2,DISTURBANCE,ASSIST PUBLIC - OTHER (NON-SPECIFIED),D1
2026-07-29 17:00:28,2,DISTURBANCE,ASSIST PUBLIC - OTHER (NON-SPECIFIED),D1
2026-07-29 17:00:28,2,DISTURBANCE,ASSIST PUBLIC - OTHER (NON-SPECIFIED),D1
2026-07-29 17:00:28,2,DISTURBANCE,ASSIST PUBLIC - OTHER (NON-SPECIFIED),D1
2026-07-29 16:56:17,3,"ANIMAL - INJURED, DEAD HAZARD, OTHER",DISTURBANCE - OTHER,U1
2026-07-29 16:52:43,1,DISTURBANCE,"ASSAULTS, OTHER",D1
2026-07-29 16:52:43,1,DISTURBANCE,"ASSAULTS, OTHER",D1
2026-07-29 16:52:43,1,DISTURBANCE,"ASSAULTS, OTHER",D1
2026-07-29 16:52:43,1,DISTURBANCE,"ASSAULTS, OTHER",D1
2026-07-29 16:52:43,1,DISTURBANCE,"ASSAULTS, OTHER",D1
2026-07-29 16:42:26,2,DISTURBANCE - DV - NO ASLT,DISTURBANCE - OTHER,U1
2026-07-29 16:42:26,2,DISTURBANCE - DV - NO ASLT,DISTURBANCE - OTHER,U1
2026-07-29 16:42:04,1,ASLT - DV CRITICAL,"DV - ARGUMENTS, DISTURBANCE (NO ARREST)",R2
2026-07-29 16:41:48,2,DISTURBANCE,DISTURBANCE - OTHER,U2
2026-07-29 16:34:09,2,DISTURBANCE - DV - NO ASLT,DV - SERVICE OF COURT ORDER,L2
2026-07-29 16:34:09,2,DISTURBANCE - DV - NO ASLT,DV - SERVICE OF COURT ORDER,L2
2026-07-29 16:34:09,2,DISTURBANCE - DV - NO ASLT,DV - SERVICE OF COURT ORDER,L2
2026-07-29 16:34:09,2,DISTURBANCE - DV - NO ASLT,DV - SERVICE OF COURT ORDER,L2
2026-07-29 16:34:09,2,DISTURBANCE - DV - NO ASLT,DV - SERVICE OF COURT ORDER,L2
2026-07-29 16:29:02,2,THREATS (INCLS IN-PERSON/BY PHONE/IN WRITING),DISTURBANCE - OTHER,B1
2026-07-29 16:29:02,2,THREATS (INCLS IN-PERSON/BY PHONE/IN WRITING),DISTURBANCE - OTHER,B1
2026-07-29 16:29:02,2,THREATS (INCLS IN-PERSON/BY PHONE/IN WRITING),DISTURBANCE - OTHER,B1
2026-07-29 16:17:07,1,ASLT - CRITICAL (NO SHOOTINGS),DISTURBANCE - OTHER,K3
2026-07-29 16:17:07,1,ASLT - CRITICAL (NO SHOOTINGS),DISTURBANCE - OTHER,K3
2026-07-29 16:11:43,1,SUICIDE - CRITICAL,DISTURBANCE - OTHER,Q3
2026-07-29 16:11:43,1,SUICIDE - CRITICAL,DISTURBANCE - OTHER,Q3
2026-07-29 16:11:43,1,SUICIDE - CRITICAL,DISTURBANCE - OTHER,Q3
2026-07-29 16:11:43,1,SUICIDE - CRITICAL,DISTURBANCE - OTHER,Q3
2026-07-29 16:11:43,1,SUICIDE - CRITICAL,DISTURBANCE - OTHER,Q3
2026-07-29 16:11:43,1,SUICIDE - CRITICAL,DISTURBANCE - OTHER,Q3
2026-07-29 15:49:40,2,DISTURBANCE - DV - NO ASLT,CRISIS COMPLAINT - GENERAL,K1
2026-07-29 15:44:29,3,AUTO THEFT - VEH THEFT OR THEFT AND RECOVERY,DISTURBANCE - OTHER,K3
2026-07-29 15:06:56,2,DISTURBANCE,DISTURBANCE - OTHER,G3
2026-07-29 14:55:25,2,ORDER - VIOLATING DV COURT ORDER,"DV - ARGUMENTS, DISTURBANCE (NO ARREST)",F3
2026-07-29 14:43:43,3,PROPERTY - DAMAGE,DISTURBANCE - OTHER,W2
2026-07-29 14:43:43,3,PROPERTY - DAMAGE,DISTURBANCE - OTHER,W2
2026-07-29 14:40:46,5,TRU - ROAD RAGE,DISTURBANCE - OTHER,B2
2026-07-29 14:38:31,2,DISTURBANCE,DISTURBANCE - OTHER,L2
2026-07-29 14:38:21,2,ASLT - WITH OR W/O WPNS (NO SHOOTINGS),DISTURBANCE - OTHER,U2
2026-07-29 14:35:21,2,"SUSPICIOUS PERSON, VEHICLE, OR INCIDENT",DISTURBANCE - OTHER,W2
2026-07-29 14:22:44,3,HARAS - NO BIAS OR THREATS,DISTURBANCE - OTHER,L1
2026-07-29 14:18:44,2,DISTURBANCE - DV - NO ASLT,"DV - ARGUMENTS, DISTURBANCE (NO ARREST)",Q3
2026-07-29 14:18:44,2,DISTURBANCE - DV - NO ASLT,"DV - ARGUMENTS, DISTURBANCE (NO ARREST)",Q3
2026-07-29 14:18:44,2,DISTURBANCE - DV - NO ASLT,"DV - ARGUMENTS, DISTURBANCE (NO ARREST)",Q3
2026-07-29 14:16:22,2,DISTURBANCE - DV - NO ASLT,DISTURBANCE - OTHER,B2
2026-07-29 14:16:22,2,DISTURBANCE - DV - NO ASLT,DISTURBANCE - OTHER,B2
2026-07-29 14:16:22,2,DISTURBANCE - DV - NO ASLT,DISTURBANCE - OTHER,B2
2026-07-29 14:16:22,2,DISTURBANCE - DV - NO ASLT,DISTURBANCE - OTHER,B2
2026-07-29 14:08:16,1,DISTURBANCE,"DV - ARGUMENTS, DISTURBANCE (NO ARREST)",S3
2026-07-29 14:08:16,1,DISTURBANCE,"DV - ARGUMENTS, DISTURBANCE (NO ARREST)",S3
2026-07-29 14:08:16,1,DISTURBANCE,"DV - ARGUMENTS, DISTURBANCE (NO ARREST)",S3
2026-07-29 14:08:16,1,DISTURBANCE,"DV - ARGUMENTS, DISTURBANCE (NO ARREST)",S3
2026-07-29 14:06:15,2,DISTURBANCE - DV - NO ASLT,DISTURBANCE - OTHER,B3
2026-07-29 14:06:15,2,DISTURBANCE - DV - NO ASLT,DISTURBANCE - OTHER,B3
2026-07-29 14:06:15,2,DISTURBANCE - DV - NO ASLT,DISTURBANCE - OTHER,B3
2026-07-29 14:06:15,2,DISTURBANCE - DV - NO ASLT,DISTURBANCE - OTHER,B3
2026-07-29 14:06:15,2,DISTURBANCE - DV - NO ASLT,DISTURBANCE - OTHER,B3
2026-07-29 13:59:49,2,TRAFFIC - ROAD RAGE,DISTURBANCE - OTHER,E2
2026-07-29 13:59:49,2,TRAFFIC - ROAD RAGE,DISTURBANCE - OTHER,E2
2026-07-29 13:59:49,2,TRAFFIC - ROAD RAGE,DISTURBANCE - OTHER,E2
2026-07-29 13:59:49,2,TRAFFIC - ROAD RAGE,DISTURBANCE - OTHER,E2
2026-07-29 13:59:49,2,TRAFFIC - ROAD RAGE,DISTURBANCE - OTHER,E2
2026-07-29 13:47:51,2,DISTURBANCE,SUSPICIOUS CIRCUM. - SUSPICIOUS PERSON,E1
2026-07-29 13:47:51,2,DISTURBANCE,SUSPICIOUS CIRCUM. - SUSPICIOUS PERSON,E1
2026-07-29 13:33:38,2,DISTURBANCE,"ASSAULTS - HARASSMENT, THREATS",U2
2026-07-29 13:33:38,2,DISTURBANCE,"ASSAULTS - HARASSMENT, THREATS",U2
2026-07-29 13:33:38,2,DISTURBANCE,"ASSAULTS - HARASSMENT, THREATS",U2
2026-07-29 13:33:38,2,DISTURBANCE,"ASSAULTS - HARASSMENT, THREATS",U2
2026-07-29 13:33:38,2,DISTURBANCE,"ASSAULTS - HARASSMENT, THREATS",U2
2026-07-29 13:24:11,1,DISTURBANCE - DV CRITICAL,"DV - ARGUMENTS, DISTURBANCE (NO ARREST)",S1
2026-07-29 13:23:38,2,TRESPASS,DISTURBANCE - OTHER,C3
2026-07-29 13:23:38,2,TRESPASS,DISTURBANCE - OTHER,C3
2026-07-29 13:18:10,2,DISTURBANCE,PROPERTY DEST (DAMG),U1
2026-07-29 13:18:10,2,DISTURBANCE,PROPERTY DEST (DAMG),U1
2026-07-29 13:18:10,2,DISTURBANCE,PROPERTY DEST (DAMG),U1
2026-07-29 13:18:10,2,DISTURBANCE,PROPERTY DEST (DAMG),U1
2026-07-29 13:00:11,3,SERVICE - WELFARE CHECK,DISTURBANCE - OTHER,S3
2026-07-29 13:00:11,3,SERVICE - WELFARE CHECK,DISTURBANCE - OTHER,S3
2026-07-29 13:00:11,3,SERVICE - WELFARE CHECK,DISTURBANCE - OTHER,S3
2026-07-29 13:00:11,3,SERVICE - WELFARE CHECK,DISTURBANCE - OTHER,S3
2026-07-29 13:00:11,3,SERVICE - WELFARE CHECK,DISTURBANCE - OTHER,S3
2026-07-29 13:00:11,3,SERVICE - WELFARE CHECK,DISTURBANCE - OTHER,S3
2026-07-29 13:00:11,3,SERVICE - WELFARE CHECK,DISTURBANCE - OTHER,S3
2026-07-29 13:00:11,3,SERVICE - WELFARE CHECK,DISTURBANCE - OTHER,S3
2026-07-29 12:43:06,2,FIGHT - PHYSICAL (NO WEAPONS),DISTURBANCE - OTHER,R2
2026-07-29 12:43:06,2,FIGHT - PHYSICAL (NO WEAPONS),DISTURBANCE - OTHER,R2
2026-07-29 12:43:06,2,FIGHT - PHYSICAL (NO WEAPONS),DISTURBANCE - OTHER,R2
2026-07-29 12:37:10,1,ASLT - CRITICAL (NO SHOOTINGS),DISTURBANCE - OTHER,F1
2026-07-29 12:37:10,1,ASLT - CRITICAL (NO SHOOTINGS),DISTURBANCE - OTHER,F1
2026-07-29 12:23:29,1,DISTURBANCE - DV CRITICAL,"DV - ARGUMENTS, DISTURBANCE (NO ARREST)",Q3
2026-07-29 12:23:29,1,DISTURBANCE - DV CRITICAL,"DV - ARGUMENTS, DISTURBANCE (NO ARREST)",Q3
2026-07-29 12:23:29,1,DISTURBANCE - DV CRITICAL,"DV - ARGUMENTS, DISTURBANCE (NO ARREST)",Q3
2026-07-29 12:12:18,4,NOISE - GENERAL,DISTURBANCE - OTHER,M1
2026-07-29 12:12:18,4,NOISE - GENERAL,DISTURBANCE - OTHER,M1
2026-07-29 12:08:45,3,NUISANCE,DISTURBANCE - OTHER,N3
2026-07-29 12:05:40,2,DISTURBANCE - DV - NO ASLT,"DV - ARGUMENTS, DISTURBANCE (NO ARREST)",E1
2026-07-29 11:41:38,3,"ASLT - MOLESTED ADULT (GROPED, FONDLED, ETC.)",DISTURBANCE - OTHER,M1
2026-07-29 11:32:09,3,FOLLOW UP,DISTURBANCE - OTHER,R3
2026-07-29 11:32:09,3,FOLLOW UP,DISTURBANCE - OTHER,R3
2026-07-29 11:20:46,3,DISTURBANCE,DISTURBANCE - NOISE RESIDENTIAL,K3
2026-07-29 11:16:37,1,DISTURBANCE - DV CRITICAL,DV - ENFORCE COURT ORDER (ARREST MANDATED),G1
2026-07-29 11:16:37,1,DISTURBANCE - DV CRITICAL,DV - ENFORCE COURT ORDER (ARREST MANDATED),G1
2026-07-29 10:32:09,2,DISTURBANCE,MISCHIEF OR NUISANCE - GENERAL,C1
2026-07-29 10:03:44,2,DISTURBANCE,DISTURBANCE - OTHER,D1
2026-07-29 10:03:44,2,DISTURBANCE,DISTURBANCE - OTHER,D1
2026-07-29 09:57:00,2,DISTURBANCE - DV - NO ASLT,"DV - ARGUMENTS, DISTURBANCE (NO ARREST)",S3
2026-07-29 09:57:00,2,DISTURBANCE - DV - NO ASLT,"DV - ARGUMENTS, DISTURBANCE (NO ARREST)",S3
2026-07-29 09:57:00,2,DISTURBANCE - DV - NO ASLT,"DV - ARGUMENTS, DISTURBANCE (NO ARREST)",S3
2026-07-29 09:57:00,2,DISTURBANCE - DV - NO ASLT,"DV - ARGUMENTS, DISTURBANCE (NO ARREST)",S3
2026-07-29 09:55:14,3,"NARCOTICS - VIOLATIONS (LOITER, USE, SELL, NARS)",DISTURBANCE - OTHER,W2
2026-07-29 09:55:14,3,"NARCOTICS - VIOLATIONS (LOITER, USE, SELL, NARS)",DISTURBANCE - OTHER,W2
2026-07-29 09:45:40,2,THREATS (INCLS IN-PERSON/BY PHONE/IN WRITING),DISTURBANCE - OTHER,G3
2026-07-29 09:45:40,2,THREATS (INCLS IN-PERSON/BY PHONE/IN WRITING),DISTURBANCE - OTHER,G3
2026-07-29 09:03:02,2,DISTURBANCE,DISTURBANCE - OTHER,E1
2026-07-29 08:55:52,1,UNKNOWN - COMPLAINT OF UNKNOWN NATURE,DISTURBANCE - OTHER,B2
2026-07-29 08:55:52,1,UNKNOWN - COMPLAINT OF UNKNOWN NATURE,DISTURBANCE - OTHER,B2
2026-07-29 08:55:52,1,UNKNOWN - COMPLAINT OF UNKNOWN NATURE,DISTURBANCE - OTHER,B2
2026-07-29 08:35:17,2,THREATS (INCLS IN-PERSON/BY PHONE/IN WRITING),DISTURBANCE - OTHER,E2
2026-07-29 08:30:30,2,"SUSPICIOUS PERSON, VEHICLE, OR INCIDENT",DISTURBANCE - OTHER,E1
2026-07-29 08:22:40,5,TRU - DISTURBANCE,DISTURBANCE - OTHER,S3
2026-07-29 08:11:18,2,"WEAPN - GUN,DEADLY WPN (NO THRTS/ASLT/DIST)",DISTURBANCE - OTHER,D1
2026-07-29 08:11:18,2,"WEAPN - GUN,DEADLY WPN (NO THRTS/ASLT/DIST)",DISTURBANCE - OTHER,D1
2026-07-29 08:11:18,2,"WEAPN - GUN,DEADLY WPN (NO THRTS/ASLT/DIST)",DISTURBANCE - OTHER,D1
2026-07-29 08:08:12,2,DISTURBANCE,SUSPICIOUS CIRCUM. - SUSPICIOUS VEHICLE,U3
2026-07-29 08:08:12,2,DISTURBANCE,SUSPICIOUS CIRCUM. - SUSPICIOUS VEHICLE,U3
2026-07-29 07:53:27,2,TRESPASS,DISTURBANCE - OTHER,G3
2026-07-29 07:53:27,2,TRESPASS,DISTURBANCE - OTHER,G3
2026-07-29 07:33:24,2,THREATS (INCLS IN-PERSON/BY PHONE/IN WRITING),DISTURBANCE - OTHER,E3
2026-07-29 07:23:24,2,DISTURBANCE - DV - NO ASLT,"DV - ARGUMENTS, DISTURBANCE (NO ARREST)",U1
2026-07-29 07:23:24,2,DISTURBANCE - DV - NO ASLT,"DV - ARGUMENTS, DISTURBANCE (NO ARREST)",U1
2026-07-29 07:22:13,4,NOISE - GENERAL,DISTURBANCE - NOISE,Q3
2026-07-29 07:14:14,2,DISTURBANCE,DISTURBANCE - OTHER,K2
2026-07-29 06:57:42,3,DISTURBANCE,PROWLER - TRESPASS,N3
2026-07-29 06:57:42,3,DISTURBANCE,PROWLER - TRESPASS,N3
2026-07-29 06:53:39,3,"ANIMAL - INJURED, DEAD HAZARD, OTHER","ANIMAL COMPLAINT - NOISE,STRAY,BITE",B3
2026-07-29 06:19:19,2,DISTURBANCE - DV - NO ASLT,"DV - ARGUMENTS, DISTURBANCE (NO ARREST)",K1
2026-07-29 06:19:19,2,DISTURBANCE - DV - NO ASLT,"DV - ARGUMENTS, DISTURBANCE (NO ARREST)",K1
2026-07-29 05:48:35,2,DISTURBANCE,CRISIS COMPLAINT - GENERAL,K1
2026-07-29 05:42:20,3,TRU - DISTURBANCE,DISTURBANCE - OTHER,U3
2026-07-29 05:20:32,2,DISTURBANCE,SUSPICIOUS CIRCUM. - SUSPICIOUS PERSON,L3
2026-07-29 05:20:32,2,DISTURBANCE,SUSPICIOUS CIRCUM. - SUSPICIOUS PERSON,L3
2026-07-29 04:51:24,2,THREATS - DV - NO ASSAULT,"DV - ARGUMENTS, DISTURBANCE (NO ARREST)",G2
2026-07-29 04:51:24,2,THREATS - DV - NO ASSAULT,"DV - ARGUMENTS, DISTURBANCE (NO ARREST)",G2
2026-07-29 04:51:24,2,THREATS - DV - NO ASSAULT,"DV - ARGUMENTS, DISTURBANCE (NO ARREST)",G2
2026-07-29 04:51:24,2,THREATS - DV - NO ASSAULT,"DV - ARGUMENTS, DISTURBANCE (NO ARREST)",G2
2026-07-29 04:47:09,1,ASLT - CRITICAL (NO SHOOTINGS),DISTURBANCE - FIGHT,R3
2026-07-29 04:47:09,1,ASLT - CRITICAL (NO SHOOTINGS),DISTURBANCE - FIGHT,R3
2026-07-29 04:06:55,1,DISTURBANCE,DISTURBANCE - OTHER,G1
2026-07-29 04:06:55,1,DISTURBANCE,DISTURBANCE - OTHER,G1
2026-07-29 04:06:55,1,DISTURBANCE,DISTURBANCE - OTHER,G1
2026-07-29 03:48:21,3,"SUSPICIOUS PERSON, VEHICLE, OR INCIDENT",DISTURBANCE - OTHER,E2
2026-07-29 03:47:51,1,ASLT - DV CRITICAL,"DV - ARGUMENTS, DISTURBANCE (NO ARREST)",L1
2026-07-29 03:47:51,1,ASLT - DV CRITICAL,"DV - ARGUMENTS, DISTURBANCE (NO ARREST)",L1
2026-07-29 03:47:51,1,ASLT - DV CRITICAL,"DV - ARGUMENTS, DISTURBANCE (NO ARREST)",L1
2026-07-29 03:47:51,1,ASLT - DV CRITICAL,"DV - ARGUMENTS, DISTURBANCE (NO ARREST)",L1
2026-07-29 03:33:27,2,DISTURBANCE,DISTURBANCE,S1
2026-07-29 03:33:27,2,DISTURBANCE,DISTURBANCE,S1
2026-07-29 03:33:27,2,DISTURBANCE,DISTURBANCE,S1
2026-07-29 03:32:43,2,DISTURBANCE - DV - NO ASLT,DISTURBANCE - OTHER,Q3
2026-07-29 03:32:43,2,DISTURBANCE - DV - NO ASLT,DISTURBANCE - OTHER,Q3
2026-07-29 03:17:49,1,SHOTS HEARD - IN PROGRESS,DISTURBANCE - NOISE,C3
2026-07-29 03:17:49,1,SHOTS HEARD - IN PROGRESS,DISTURBANCE - NOISE,C3
2026-07-29 03:17:49,1,SHOTS HEARD - IN PROGRESS,DISTURBANCE - NOISE,C3
2026-07-29 03:04:16,2,DISTURBANCE,DISTURBANCE - OTHER,L3
2026-07-29 03:04:16,2,DISTURBANCE,DISTURBANCE - OTHER,L3
2026-07-29 02:33:07,4,NOISE - GENERAL,DISTURBANCE - NOISE,W2
2026-07-29 02:33:07,4,NOISE - GENERAL,DISTURBANCE - NOISE,W2
2026-07-29 00:51:49,2,BIAS,DISTURBANCE - OTHER,E2
2026-07-29 00:49:32,4,NOISE - GENERAL,DISTURBANCE - NOISE,G1
2026-07-29 00:37:16,1,UNKNOWN - COMPLAINT OF UNKNOWN NATURE,DISTURBANCE - OTHER,W2
2026-07-29 00:37:16,1,UNKNOWN - COMPLAINT OF UNKNOWN NATURE,DISTURBANCE - OTHER,W2
2026-07-29 00:20:39,4,NOISE - GENERAL,DISTURBANCE - NOISE RESIDENTIAL,N3
2026-07-29 00:16:53,4,NOISE - GENERAL,DISTURBANCE - NOISE,E1
2026-07-29 00:15:36,2,DISTURBANCE - DV - NO ASLT,"DV - ARGUMENTS, DISTURBANCE (NO ARREST)",L2
2026-07-29 00:10:47,3,DISTURBANCE,DISTURBANCE - OTHER,M2
2026-07-29 00:10:47,3,DISTURBANCE,DISTURBANCE - OTHER,M2
2026-07-29 00:01:12,3,ASLT - WITH OR W/O WPNS (NO SHOOTINGS),DISTURBANCE - OTHER,E3
2026-07-28 23:44:08,2,DISTURBANCE - DV - NO ASLT,DISTURBANCE - OTHER,G1
2026-07-28 23:44:08,2,DISTURBANCE - DV - NO ASLT,DISTURBANCE - OTHER,G1
2026-07-28 23:44:08,2,DISTURBANCE - DV - NO ASLT,DISTURBANCE - OTHER,G1
2026-07-28 23:35:39,2,DISTURBANCE,ASSIST PUBLIC - OTHER (NON-SPECIFIED),E2
2026-07-28 23:25:53,2,THREATS - DV - NO ASSAULT,DISTURBANCE - OTHER,S3
2026-07-28 23:25:53,2,THREATS - DV - NO ASSAULT,DISTURBANCE - OTHER,S3
2026-07-28 23:09:28,1,ASLT - CRITICAL (NO SHOOTINGS),"DV - ARGUMENTS, DISTURBANCE (NO ARREST)",R3
2026-07-28 23:09:28,1,ASLT - CRITICAL (NO SHOOTINGS),"DV - ARGUMENTS, DISTURBANCE (NO ARREST)",R3
2026-07-28 23:09:28,1,ASLT - CRITICAL (NO SHOOTINGS),"DV - ARGUMENTS, DISTURBANCE (NO ARREST)",R3
2026-07-28 23:03:19,2,DISTURBANCE,DISTURBANCE - OTHER,K1
2026-07-28 23:03:19,2,DISTURBANCE,DISTURBANCE - OTHER,K1
2026-07-28 23:03:19,2,DISTURBANCE,DISTURBANCE - OTHER,K1
2026-07-28 22:57:21,4,FIREWORKS (NO HAZARD),DISTURBANCE - NOISE RESIDENTIAL,G2
2026-07-28 22:55:58,2,DISTURBANCE,DISTURBANCE - NOISE RESIDENTIAL,C1
2026-07-28 22:55:58,2,DISTURBANCE,DISTURBANCE - NOISE RESIDENTIAL,C1
2026-07-28 22:55:58,2,DISTURBANCE,DISTURBANCE - NOISE RESIDENTIAL,C1
2026-07-28 22:55:58,2,DISTURBANCE,DISTURBANCE - NOISE RESIDENTIAL,C1
2026-07-28 22:55:01,1,DISTURBANCE - DV CRITICAL,"DV - ARGUMENTS, DISTURBANCE (NO ARREST)",C1
2026-07-28 22:55:01,1,DISTURBANCE - DV CRITICAL,"DV - ARGUMENTS, DISTURBANCE (NO ARREST)",C1
2026-07-28 22:55:01,1,DISTURBANCE - DV CRITICAL,"DV - ARGUMENTS, DISTURBANCE (NO ARREST)",C1
2026-07-28 22:27:38,2,EXPLOSION,DISTURBANCE - OTHER,M1
2026-07-28 22:14:35,4,NOISE - GENERAL,DISTURBANCE - NOISE,G2
2026-07-28 22:07:15,3,ASLT - WITH OR W/O WPNS (NO SHOOTINGS),DISTURBANCE - FIGHT,K3
2026-07-28 22:07:15,3,ASLT - WITH OR W/O WPNS (NO SHOOTINGS),DISTURBANCE - FIGHT,K3
2026-07-28 22:07:15,3,ASLT - WITH OR W/O WPNS (NO SHOOTINGS),DISTURBANCE - FIGHT,K3
2026-07-28 22:07:15,3,ASLT - WITH OR W/O WPNS (NO SHOOTINGS),DISTURBANCE - FIGHT,K3
2026-07-28 22:07:15,3,ASLT - WITH OR W/O WPNS (NO SHOOTINGS),DISTURBANCE - FIGHT,K3
2026-07-28 22:07:15,3,ASLT - WITH OR W/O WPNS (NO SHOOTINGS),DISTURBANCE - FIGHT,K3
2026-07-28 22:07:15,3,ASLT - WITH OR W/O WPNS (NO SHOOTINGS),DISTURBANCE - FIGHT,K3
2026-07-28 22:07:15,3,ASLT - WITH OR W/O WPNS (NO SHOOTINGS),DISTURBANCE - FIGHT,K3
2026-07-28 22:07:15,3,ASLT - WITH OR W/O WPNS (NO SHOOTINGS),DISTURBANCE - FIGHT,K3
2026-07-28 22:06:31,2,DISTURBANCE,PROPERTY DEST (DAMG),F1
2026-07-28 22:06:17,4,NOISE - GENERAL,DISTURBANCE - NOISE RESIDENTIAL,S1
2026-07-28 22:04:06,4,NOISE - GENERAL,DISTURBANCE - NOISE,L2
2026-07-28 21:31:14,4,NOISE - GENERAL,DISTURBANCE - NOISE,Q1
2026-07-28 21:06:06,3,DISTURBANCE,DEMO MGMNT (CONTROL TACTICS USED),Q3
2026-07-28 21:02:28,3,THREATS (INCLS IN-PERSON/BY PHONE/IN WRITING),DISTURBANCE - OTHER,K3
2026-07-28 21:02:28,3,THREATS (INCLS IN-PERSON/BY PHONE/IN WRITING),DISTURBANCE - OTHER,K3
2026-07-28 21:00:33,1,BURG - COMM BURGLARY,DISTURBANCE - OTHER,K3
2026-07-28 21:00:33,1,BURG - COMM BURGLARY,DISTURBANCE - OTHER,K3
2026-07-28 21:00:33,1,BURG - COMM BURGLARY,DISTURBANCE - OTHER,K3
2026-07-28 21:00:33,1,BURG - COMM BURGLARY,DISTURBANCE - OTHER,K3
2026-07-28 20:59:38,2,DISTURBANCE - DV - NO ASLT,"DV - ARGUMENTS, DISTURBANCE (NO ARREST)",N1
2026-07-28 20:53:07,5,TRU - DISTURBANCE,DISTURBANCE - OTHER,K3
2026-07-28 20:53:06,5,TRU - SUSPICIOUS CIRCUMSTANCES,DISTURBANCE - OTHER,K3
2026-07-28 20:48:52,2,DISTURBANCE,DISTURBANCE - OTHER,C3
2026-07-28 20:42:51,3,PERSON IN BEHAVIORAL/EMOTIONAL CRISIS,DISTURBANCE - NOISE,N1
2026-07-28 20:42:20,1,DISTURBANCE,"ASSAULTS, OTHER",B1
2026-07-28 20:42:20,1,DISTURBANCE,"ASSAULTS, OTHER",B1
2026-07-28 20:42:20,1,DISTURBANCE,"ASSAULTS, OTHER",B1
2026-07-28 20:42:20,1,DISTURBANCE,"ASSAULTS, OTHER",B1
2026-07-28 20:35:09,1,FIGHT - PHYSICAL (NO WEAPONS),DISTURBANCE - OTHER,U2
2026-07-28 20:33:14,3,"NARCOTICS - VIOLATIONS (LOITER, USE, SELL, NARS)",DISTURBANCE - OTHER,U1
2026-07-28 20:33:09,2,DISTURBANCE,DISTURBANCE - OTHER,Q3
2026-07-28 20:31:17,1,DISTURBANCE,DISTURBANCE - OTHER,K1
2026-07-28 20:31:17,1,DISTURBANCE,DISTURBANCE - OTHER,K1
2026-07-28 20:31:17,1,DISTURBANCE,DISTURBANCE - OTHER,K1
2026-07-28 20:29:28,1,BURG - OCCUPIED RESD,DISTURBANCE - OTHER,U1
2026-07-28 20:29:28,1,BURG - OCCUPIED RESD,DISTURBANCE - OTHER,U1
2026-07-28 20:29:28,1,BURG - OCCUPIED RESD,DISTURBANCE - OTHER,U1
2026-07-28 20:23:50,1,DISTURBANCE,DISTURBANCE - OTHER,O1
2026-07-28 20:23:50,1,DISTURBANCE,DISTURBANCE - OTHER,O1
2026-07-28 20:23:49,2,ASLT - WITH OR W/O WPNS (NO SHOOTINGS),DISTURBANCE - OTHER,M2
2026-07-28 20:21:57,2,DISTURBANCE - DV - NO ASLT,"DV - ARGUMENTS, DISTURBANCE (NO ARREST)",L2
2026-07-28 20:21:57,2,DISTURBANCE - DV - NO ASLT,"DV - ARGUMENTS, DISTURBANCE (NO ARREST)",L2
2026-07-28 20:20:38,3,PERSON IN BEHAVIORAL/EMOTIONAL CRISIS,DISTURBANCE - OTHER,K1
2026-07-28 20:20:38,3,PERSON IN BEHAVIORAL/EMOTIONAL CRISIS,DISTURBANCE - OTHER,K1
2026-07-28 20:18:56,2,DISTURBANCE,DISTURBANCE - OTHER,E2
2026-07-28 20:18:56,2,DISTURBANCE,DISTURBANCE - OTHER,E2
2026-07-28 20:18:56,2,DISTURBANCE,DISTURBANCE - OTHER,E2
2026-07-28 20:10:04,1,DISTURBANCE - DV CRITICAL,"DV - ARGUMENTS, DISTURBANCE (NO ARREST)",G2
2026-07-28 20:10:04,1,DISTURBANCE - DV CRITICAL,"DV - ARGUMENTS, DISTURBANCE (NO ARREST)",G2
2026-07-28 20:10:04,1,DISTURBANCE - DV CRITICAL,"DV - ARGUMENTS, DISTURBANCE (NO ARREST)",G2
2026-07-28 20:10:04,1,DISTURBANCE - DV CRITICAL,"DV - ARGUMENTS, DISTURBANCE (NO ARREST)",G2
2026-07-28 20:09:58,2,FIGHT - PHYSICAL (NO WEAPONS),DISTURBANCE - FIGHT,E1
2026-07-28 20:04:34,1,ASLT - CRITICAL (NO SHOOTINGS),DISTURBANCE - FIGHT,M3
2026-07-28 20:04:34,1,ASLT - CRITICAL (NO SHOOTINGS),DISTURBANCE - FIGHT,M3
2026-07-28 20:04:34,1,ASLT - CRITICAL (NO SHOOTINGS),DISTURBANCE - FIGHT,M3
2026-07-28 20:04:34,1,ASLT - CRITICAL (NO SHOOTINGS),DISTURBANCE - FIGHT,M3
2026-07-28 20:04:34,1,ASLT - CRITICAL (NO SHOOTINGS),DISTURBANCE - FIGHT,M3
2026-07-28 20:01:24,2,DISTURBANCE,DISTURBANCE - OTHER,O2
2026-07-28 20:01:24,2,DISTURBANCE,DISTURBANCE - OTHER,O2
2026-07-28 19:54:23,3,ASLT - WITH OR W/O WPNS (NO SHOOTINGS),DISTURBANCE - OTHER,Q3
2026-07-28 19:54:23,3,ASLT - WITH OR W/O WPNS (NO SHOOTINGS),DISTURBANCE - OTHER,Q3
2026-07-28 19:52:51,2,DISTURBANCE,DISTURBANCE - OTHER,S3
2026-07-28 19:52:51,2,DISTURBANCE,DISTURBANCE - OTHER,S3
2026-07-28 19:51:06,1,DISTURBANCE,SUSPICIOUS CIRCUM. - SUSPICIOUS PERSON,R2
2026-07-28 19:51:06,1,DISTURBANCE,SUSPICIOUS CIRCUM. - SUSPICIOUS PERSON,R2
2026-07-28 19:51:06,1,DISTURBANCE,SUSPICIOUS CIRCUM. - SUSPICIOUS PERSON,R2
2026-07-28 19:51:06,1,DISTURBANCE,SUSPICIOUS CIRCUM. - SUSPICIOUS PERSON,R2
2026-07-28 19:50:32,1,DISTURBANCE,SUSPICIOUS CIRCUM. - SUSPICIOUS VEHICLE,G2
2026-07-28 19:50:32,1,DISTURBANCE,SUSPICIOUS CIRCUM. - SUSPICIOUS VEHICLE,G2
2026-07-28 19:48:12,2,DISTURBANCE,DISTURBANCE - OTHER,L3
2026-07-28 19:36:02,2,ASLT - WITH OR W/O WPNS (NO SHOOTINGS),DISTURBANCE - OTHER,D1
2026-07-28 19:36:02,2,ASLT - WITH OR W/O WPNS (NO SHOOTINGS),DISTURBANCE - OTHER,D1
2026-07-28 19:13:27,2,DISTURBANCE,DISTURBANCE - OTHER,E1
2026-07-28 18:56:27,1,DISTURBANCE - DV - NO ASLT,DISTURBANCE,J2
2026-07-28 18:56:27,1,DISTURBANCE - DV - NO ASLT,DISTURBANCE,J2
2026-07-28 18:48:16,1,SHOTS HEARD - IN PROGRESS,DISTURBANCE - OTHER,R2
2026-07-28 18:48:16,1,SHOTS HEARD - IN PROGRESS,DISTURBANCE - OTHER,R2
2026-07-28 18:48:16,1,SHOTS HEARD - IN PROGRESS,DISTURBANCE - OTHER,R2
2026-07-28 18:48:16,1,SHOTS HEARD - IN PROGRESS,DISTURBANCE - OTHER,R2
2026-07-28 18:48:16,1,SHOTS HEARD - IN PROGRESS,DISTURBANCE - OTHER,R2
2026-07-28 18:48:16,1,SHOTS HEARD - IN PROGRESS,DISTURBANCE - OTHER,R2
2026-07-28 18:13:30,2,DISTURBANCE,DISTURBANCE - OTHER,C3
2026-07-28 18:12:56,1,DOWN - CHECK FOR DOWN PERSON,DISTURBANCE - OTHER,L1
2026-07-28 18:12:56,1,DOWN - CHECK FOR DOWN PERSON,DISTURBANCE - OTHER,L1
2026-07-28 18:12:56,1,DOWN - CHECK FOR DOWN PERSON,DISTURBANCE - OTHER,L1
2026-07-28 18:02:11,2,DISTURBANCE,DISTURBANCE - OTHER,D1
2026-07-28 18:01:23,2,DISTURBANCE,DISTURBANCE - OTHER,D1
2026-07-28 17:55:42,2,DISTURBANCE,DISTURBANCE - OTHER,S3
2026-07-28 17:49:26,3,DISTURBANCE - DV - NO ASLT,"DV - ARGUMENTS, DISTURBANCE (NO ARREST)",W2
2026-07-28 17:33:01,2,DISTURBANCE,DISTURBANCE - OTHER,L1
2026-07-28 17:33:01,2,DISTURBANCE,DISTURBANCE - OTHER,L1
2026-07-28 17:29:06,2,"WEAPN - GUN,DEADLY WPN (NO THRTS/ASLT/DIST)",DISTURBANCE - OTHER,M1
2026-07-28 17:27:18,2,DISTURBANCE,CRISIS COMPLAINT - GENERAL,J3
2026-07-28 17:27:18,2,DISTURBANCE,CRISIS COMPLAINT - GENERAL,J3
2026-07-28 17:24:13,3,PEACE-STANDBY TO ASSURE (NO COURT ORDR SVC),DISTURBANCE - OTHER,N2
2026-07-28 17:04:42,1,ASLT - DV CRITICAL,"DV - ARGUMENTS, DISTURBANCE (NO ARREST)",U2
2026-07-28 17:04:42,1,ASLT - DV CRITICAL,"DV - ARGUMENTS, DISTURBANCE (NO ARREST)",U2
2026-07-28 17:04:42,1,ASLT - DV CRITICAL,"DV - ARGUMENTS, DISTURBANCE (NO ARREST)",U2
2026-07-28 16:59:34,1,ASLT - DV CRITICAL,"DV - ARGUMENTS, DISTURBANCE (NO ARREST)",R2
2026-07-28 16:57:52,2,"ANIMAL - INJURED, DEAD HAZARD, OTHER","ANIMAL COMPLAINT - NOISE,STRAY,BITE",M1
2026-07-28 16:44:19,2,"SUSPICIOUS PERSON, VEHICLE, OR INCIDENT",DISTURBANCE - OTHER,K3
2026-07-28 16:44:19,2,"SUSPICIOUS PERSON, VEHICLE, OR INCIDENT",DISTURBANCE - OTHER,K3
2026-07-28 16:43:40,3,DISTURBANCE,MISCHIEF OR NUISANCE - GENERAL,J3
2026-07-28 16:43:40,3,DISTURBANCE,MISCHIEF OR NUISANCE - GENERAL,J3
2026-07-28 16:37:59,2,DISTURBANCE,DISTURBANCE,W2
2026-07-28 16:37:58,1,DISTURBANCE - DV CRITICAL,DV - DOMESTIC VIOL/ASLT (ARREST MANDATORY),U2
2026-07-28 16:37:58,1,DISTURBANCE - DV CRITICAL,DV - DOMESTIC VIOL/ASLT (ARREST MANDATORY),U2
2026-07-28 16:37:58,1,DISTURBANCE - DV CRITICAL,DV - DOMESTIC VIOL/ASLT (ARREST MANDATORY),U2
2026-07-28 16:37:58,1,DISTURBANCE - DV CRITICAL,DV - DOMESTIC VIOL/ASLT (ARREST MANDATORY),U2
2026-07-28 16:30:10,3,DISTURBANCE,DISTURBANCE - OTHER,K3
2026-07-28 16:24:38,2,DISTURBANCE,DISTURBANCE,W2
2026-07-28 16:24:38,2,DISTURBANCE,DISTURBANCE,W2
2026-07-28 16:03:30,1,BURG - OCCUPIED RESD,DISTURBANCE - OTHER,L2
2026-07-28 16:03:30,1,BURG - OCCUPIED RESD,DISTURBANCE - OTHER,L2
2026-07-28 16:03:30,1,BURG - OCCUPIED RESD,DISTURBANCE - OTHER,L2
2026-07-28 16:03:30,1,BURG - OCCUPIED RESD,DISTURBANCE - OTHER,L2
2026-07-28 15:50:21,2,DISTURBANCE,DISTURBANCE - OTHER,R3
2026-07-28 15:48:08,2,DISTURBANCE,SUSPICIOUS CIRCUM. - SUSPICIOUS PERSON,S3
2026-07-28 15:48:08,2,DISTURBANCE,SUSPICIOUS CIRCUM. - SUSPICIOUS PERSON,S3
2026-07-28 15:35:33,1,DISTURBANCE - DV CRITICAL,DISTURBANCE - DV CRITICAL,L2
2026-07-28 15:35:33,1,DISTURBANCE - DV CRITICAL,DISTURBANCE - DV CRITICAL,L2
2026-07-28 15:35:33,1,DISTURBANCE - DV CRITICAL,DISTURBANCE - DV CRITICAL,L2
2026-07-28 15:34:50,2,DISTURBANCE,DISTURBANCE - OTHER,E3
2026-07-28 15:34:50,2,DISTURBANCE,DISTURBANCE - OTHER,E3
2026-07-28 15:34:50,2,DISTURBANCE,DISTURBANCE - OTHER,E3
2026-07-28 15:28:38,2,DISTURBANCE,SUSPICIOUS CIRCUM. - SUSPICIOUS PERSON,W1
2026-07-28 15:28:38,2,DISTURBANCE,SUSPICIOUS CIRCUM. - SUSPICIOUS PERSON,W1
2026-07-28 15:28:38,2,DISTURBANCE,SUSPICIOUS CIRCUM. - SUSPICIOUS PERSON,W1
2026-07-28 15:28:38,2,DISTURBANCE,SUSPICIOUS CIRCUM. - SUSPICIOUS PERSON,W1
2026-07-28 15:22:51,2,PROPERTY - DAMAGE,DISTURBANCE - OTHER,D3
2026-07-28 15:22:51,2,PROPERTY - DAMAGE,DISTURBANCE - OTHER,D3
2026-07-28 15:16:25,1,BURG - OCCUPIED RESD,DISTURBANCE - OTHER,L3
2026-07-28 15:16:25,1,BURG - OCCUPIED RESD,DISTURBANCE - OTHER,L3
2026-07-28 15:16:25,1,BURG - OCCUPIED RESD,DISTURBANCE - OTHER,L3
2026-07-28 15:16:25,1,BURG - OCCUPIED RESD,DISTURBANCE - OTHER,L3
2026-07-28 15:16:25,1,BURG - OCCUPIED RESD,DISTURBANCE - OTHER,L3
2026-07-28 15:14:17,3,"NARCOTICS - VIOLATIONS (LOITER, USE, SELL, NARS)",DISTURBANCE - OTHER,U1
2026-07-28 15:12:49,2,DISTURBANCE - DV - NO ASLT,THEFT - ALL OTHER,K3
2026-07-28 15:05:38,3,DISTURBANCE,DISTURBANCE - OTHER,L1
2026-07-28 15:00:37,1,UNKNOWN - ANI/ALI - LANDLINE (INCLUDES OPEN LINE),DISTURBANCE - OTHER,U1
2026-07-28 15:00:37,1,UNKNOWN - ANI/ALI - LANDLINE (INCLUDES OPEN LINE),DISTURBANCE - OTHER,U1
2026-07-28 14:39:36,1,DISTURBANCE,DISTURBANCE - OTHER,U2
2026-07-28 14:39:36,1,DISTURBANCE,DISTURBANCE - OTHER,U2
2026-07-28 14:39:36,1,DISTURBANCE,DISTURBANCE - OTHER,U2
2026-07-28 14:39:36,1,DISTURBANCE,DISTURBANCE - OTHER,U2
2026-07-28 14:34:01,5,TRU - DISTURBANCE,DISTURBANCE - OTHER,F1
2026-07-28 14:27:00,1,ASLT - WITH OR W/O WPNS (NO SHOOTINGS),DISTURBANCE - OTHER,K3
2026-07-28 14:27:00,1,ASLT - WITH OR W/O WPNS (NO SHOOTINGS),DISTURBANCE - OTHER,K3
2026-07-28 14:20:04,3,DISTURBANCE,DISTURBANCE - OTHER,Q2
2026-07-28 14:20:04,3,DISTURBANCE,DISTURBANCE - OTHER,Q2
2026-07-28 14:17:10,2,THREATS - DV - NO ASSAULT,"DV - ARGUMENTS, DISTURBANCE (NO ARREST)",L2
2026-07-28 14:17:10,2,THREATS - DV - NO ASSAULT,"DV - ARGUMENTS, DISTURBANCE (NO ARREST)",L2
2026-07-28 14:17:10,2,THREATS - DV - NO ASSAULT,"DV - ARGUMENTS, DISTURBANCE (NO ARREST)",L2
2026-07-28 14:13:51,3,DISTURBANCE,DISTURBANCE - OTHER,U1
2026-07-28 14:03:00,1,DISTURBANCE - DV CRITICAL,"DV - ARGUMENTS, DISTURBANCE (NO ARREST)",N3
2026-07-28 14:03:00,1,DISTURBANCE - DV CRITICAL,"DV - ARGUMENTS, DISTURBANCE (NO ARREST)",N3
2026-07-28 14:03:00,1,DISTURBANCE - DV CRITICAL,"DV - ARGUMENTS, DISTURBANCE (NO ARREST)",N3
2026-07-28 14:03:00,1,DISTURBANCE - DV CRITICAL,"DV - ARGUMENTS, DISTURBANCE (NO ARREST)",N3
2026-07-28 14:03:00,1,DISTURBANCE - DV CRITICAL,"DV - ARGUMENTS, DISTURBANCE (NO ARREST)",N3
2026-07-28 14:03:00,1,DISTURBANCE - DV CRITICAL,"DV - ARGUMENTS, DISTURBANCE (NO ARREST)",N3
2026-07-28 14:03:00,1,DISTURBANCE - DV CRITICAL,"DV - ARGUMENTS, DISTURBANCE (NO ARREST)",N3
2026-07-28 13:57:38,2,DISTURBANCE - DV - NO ASLT,DV - DOMESTIC VIOLENCE (ARREST DISCRETIONARY),G1
2026-07-28 13:57:38,2,DISTURBANCE - DV - NO ASLT,DV - DOMESTIC VIOLENCE (ARREST DISCRETIONARY),G1
2026-07-28 13:57:38,2,DISTURBANCE - DV - NO ASLT,DV - DOMESTIC VIOLENCE (ARREST DISCRETIONARY),G1
2026-07-28 13:57:38,2,DISTURBANCE - DV - NO ASLT,DV - DOMESTIC VIOLENCE (ARREST DISCRETIONARY),G1
2026-07-28 13:57:38,2,DISTURBANCE - DV - NO ASLT,DV - DOMESTIC VIOLENCE (ARREST DISCRETIONARY),G1
2026-07-28 13:40:57,2,DISTURBANCE,CRISIS COMPLAINT - GENERAL,D2
2026-07-28 13:40:57,2,DISTURBANCE,CRISIS COMPLAINT - GENERAL,D2
2026-07-28 13:40:57,2,DISTURBANCE,CRISIS COMPLAINT - GENERAL,D2
2026-07-28 13:40:57,2,DISTURBANCE,CRISIS COMPLAINT - GENERAL,D2
2026-07-28 13:32:50,1,DISTURBANCE,DISTURBANCE - OTHER,S1
2026-07-28 13:32:50,1,DISTURBANCE,DISTURBANCE - OTHER,S1
2026-07-28 13:25:46,2,DISTURBANCE,DISTURBANCE - OTHER,K2
2026-07-28 13:16:32,2,DISTURBANCE,DISTURBANCE - OTHER,U3
2026-07-28 13:12:49,4,NOISE - GENERAL,DISTURBANCE - NOISE,M1
2026-07-28 13:04:32,2,"SUSPICIOUS PERSON, VEHICLE, OR INCIDENT",DISTURBANCE - OTHER,J2
2026-07-28 12:30:18,1,DISTURBANCE - DV CRITICAL,DISTURBANCE - OTHER,S2
2026-07-28 12:30:18,1,DISTURBANCE - DV CRITICAL,DISTURBANCE - OTHER,S2
2026-07-28 12:30:18,1,DISTURBANCE - DV CRITICAL,DISTURBANCE - OTHER,S2
2026-07-28 12:30:18,1,DISTURBANCE - DV CRITICAL,DISTURBANCE - OTHER,S2
2026-07-28 12:30:18,1,DISTURBANCE - DV CRITICAL,DISTURBANCE - OTHER,S2
2026-07-28 12:30:18,1,DISTURBANCE - DV CRITICAL,DISTURBANCE - OTHER,S2
2026-07-28 12:30:18,1,DISTURBANCE - DV CRITICAL,DISTURBANCE - OTHER,S2
2026-07-28 12:30:18,1,DISTURBANCE - DV CRITICAL,DISTURBANCE - OTHER,S2
2026-07-28 12:27:24,2,TRESPASS,DISTURBANCE - OTHER,Q2
2026-07-28 11:48:06,1,UNKNOWN - ANI/ALI - WRLS PHNS (INCL OPEN LINE),DISTURBANCE - OTHER,J3
2026-07-28 11:48:06,1,UNKNOWN - ANI/ALI - WRLS PHNS (INCL OPEN LINE),DISTURBANCE - OTHER,J3
2026-07-28 11:48:06,1,UNKNOWN - ANI/ALI - WRLS PHNS (INCL OPEN LINE),DISTURBANCE - OTHER,J3
2026-07-28 11:40:46,2,THEFT (DOES NOT INCLUDE SHOPLIFT OR SVCS),DISTURBANCE - OTHER,B1
2026-07-28 11:40:46,2,THEFT (DOES NOT INCLUDE SHOPLIFT OR SVCS),DISTURBANCE - OTHER,B1
2026-07-28 11:27:42,3,DISTURBANCE,DISTURBANCE - OTHER,E2
2026-07-28 11:10:34,3,"SUSPICIOUS PERSON, VEHICLE, OR INCIDENT",DISTURBANCE - OTHER,W1
2026-07-28 11:10:34,3,"SUSPICIOUS PERSON, VEHICLE, OR INCIDENT",DISTURBANCE - OTHER,W1
2026-07-28 11:00:52,2,DISTURBANCE - DV - NO ASLT,SUSPICIOUS CIRCUM. - SUSPICIOUS PERSON,G3
2026-07-28 11:00:43,2,DISTURBANCE,DISTURBANCE - OTHER,J2
2026-07-28 11:00:43,2,DISTURBANCE,DISTURBANCE - OTHER,J2
2026-07-28 10:55:10,2,DISTURBANCE,PROWLER - TRESPASS,R2
2026-07-28 10:55:10,2,DISTURBANCE,PROWLER - TRESPASS,R2
2026-07-28 10:44:20,2,ORDER - VIOLATION OF COURT ORDER (NON DV),DISTURBANCE - OTHER,K3
2026-07-28 10:44:20,2,ORDER - VIOLATION OF COURT ORDER (NON DV),DISTURBANCE - OTHER,K3
2026-07-28 10:33:45,2,DISTURBANCE - DV - NO ASLT,"DV - ARGUMENTS, DISTURBANCE (NO ARREST)",C2
2026-07-28 10:33:45,2,DISTURBANCE - DV - NO ASLT,"DV - ARGUMENTS, DISTURBANCE (NO ARREST)",C2
2026-07-28 10:26:42,2,THREATS (INCLS IN-PERSON/BY PHONE/IN WRITING),DISTURBANCE - OTHER,L1
2026-07-28 10:14:39,3,THREATS (INCLS IN-PERSON/BY PHONE/IN WRITING),DISTURBANCE - OTHER,Q2
2026-07-28 10:10:24,1,DISTURBANCE - DV CRITICAL,"DV - ARGUMENTS, DISTURBANCE (NO ARREST)",L3
2026-07-28 10:10:24,1,DISTURBANCE - DV CRITICAL,"DV - ARGUMENTS, DISTURBANCE (NO ARREST)",L3
2026-07-28 10:10:24,1,DISTURBANCE - DV CRITICAL,"DV - ARGUMENTS, DISTURBANCE (NO ARREST)",L3
2026-07-28 10:10:24,1,DISTURBANCE - DV CRITICAL,"DV - ARGUMENTS, DISTURBANCE (NO ARREST)",L3
2026-07-28 09:35:25,2,DISTURBANCE,MISCHIEF OR NUISANCE - GENERAL,G2
2026-07-28 09:35:25,2,DISTURBANCE,MISCHIEF OR NUISANCE - GENERAL,G2
2026-07-28 09:22:28,2,DISTURBANCE - DV - NO ASLT,ASSIST PUBLIC - OTHER (NON-SPECIFIED),D2
2026-07-28 09:15:59,2,DISTURBANCE - DV - NO ASLT,DISTURBANCE - OTHER,R2
2026-07-28 09:15:59,2,DISTURBANCE - DV - NO ASLT,DISTURBANCE - OTHER,R2
2026-07-28 09:15:59,2,DISTURBANCE - DV - NO ASLT,DISTURBANCE - OTHER,R2
2026-07-28 09:00:29,1,"WEAPN - GUN,DEADLY WPN (NO THRTS/ASLT/DIST)",DISTURBANCE - OTHER,B1
2026-07-28 09:00:29,1,"WEAPN - GUN,DEADLY WPN (NO THRTS/ASLT/DIST)",DISTURBANCE - OTHER,B1
2026-07-28 09:00:29,1,"WEAPN - GUN,DEADLY WPN (NO THRTS/ASLT/DIST)",DISTURBANCE - OTHER,B1
2026-07-28 09:00:29,1,"WEAPN - GUN,DEADLY WPN (NO THRTS/ASLT/DIST)",DISTURBANCE - OTHER,B1
2026-07-28 09:00:29,1,"WEAPN - GUN,DEADLY WPN (NO THRTS/ASLT/DIST)",DISTURBANCE - OTHER,B1
2026-07-28 08:28:44,2,TRAFFIC - ROAD RAGE,DISTURBANCE - OTHER,K1
2026-07-28 08:28:43,2,THREATS (INCLS IN-PERSON/BY PHONE/IN WRITING),DISTURBANCE - OTHER,C1
2026-07-28 07:51:27,3,PROPERTY - DAMAGE,DISTURBANCE - OTHER,K1
2026-07-28 07:51:27,3,PROPERTY - DAMAGE,DISTURBANCE - OTHER,K1
2026-07-28 07:47:07,2,MVC - COLLISION (ALL),DISTURBANCE - OTHER,O2
2026-07-28 07:47:07,2,MVC - COLLISION (ALL),DISTURBANCE - OTHER,O2
2026-07-28 07:47:07,2,MVC - COLLISION (ALL),DISTURBANCE - OTHER,O2
2026-07-28 07:46:35,2,DISTURBANCE,"ASSAULTS, OTHER",W1
2026-07-28 07:46:35,2,DISTURBANCE,"ASSAULTS, OTHER",W1
2026-07-28 07:46:35,2,DISTURBANCE,"ASSAULTS, OTHER",W1
2026-07-28 07:12:56,1,UNKNOWN - ANI/ALI - WRLS PHNS (INCL OPEN LINE),DISTURBANCE - OTHER,U1
2026-07-28 06:58:59,2,DISTURBANCE,DISTURBANCE - OTHER,D2
2026-07-28 06:58:59,2,DISTURBANCE,DISTURBANCE - OTHER,D2
2026-07-28 06:11:25,1,BURG - OCCUPIED RESD,DISTURBANCE,G1
2026-07-28 06:11:14,2,DISTURBANCE,DISTURBANCE - OTHER,K1
2026-07-28 06:11:14,2,DISTURBANCE,DISTURBANCE - OTHER,K1
2026-07-28 05:11:26,1,DISTURBANCE - DV CRITICAL,PROPERTY DEST (DAMG),L2
2026-07-28 05:11:26,1,DISTURBANCE - DV CRITICAL,PROPERTY DEST (DAMG),L2
2026-07-28 05:11:26,1,DISTURBANCE - DV CRITICAL,PROPERTY DEST (DAMG),L2
2026-07-28 05:11:26,1,DISTURBANCE - DV CRITICAL,PROPERTY DEST (DAMG),L2
2026-07-28 05:04:11,1,DISTURBANCE - DV CRITICAL,DISTURBANCE - NOISE RESIDENTIAL,G1
2026-07-28 05:04:11,1,DISTURBANCE - DV CRITICAL,DISTURBANCE - NOISE RESIDENTIAL,G1
2026-07-28 05:04:11,1,DISTURBANCE - DV CRITICAL,DISTURBANCE - NOISE RESIDENTIAL,G1
2026-07-28 04:48:21,1,DISTURBANCE - DV CRITICAL,"DV - ARGUMENTS, DISTURBANCE (NO ARREST)",M2
2026-07-28 04:48:21,1,DISTURBANCE - DV CRITICAL,"DV - ARGUMENTS, DISTURBANCE (NO ARREST)",M2
2026-07-28 04:48:21,1,DISTURBANCE - DV CRITICAL,"DV - ARGUMENTS, DISTURBANCE (NO ARREST)",M2
2026-07-28 04:48:21,1,DISTURBANCE - DV CRITICAL,"DV - ARGUMENTS, DISTURBANCE (NO ARREST)",M2
2026-07-28 04:48:21,1,DISTURBANCE - DV CRITICAL,"DV - ARGUMENTS, DISTURBANCE (NO ARREST)",M2
2026-07-28 04:08:41,4,FIREWORKS (NO HAZARD),DISTURBANCE - NOISE,W3
2026-07-28 04:03:31,2,ASLT - DV,DISTURBANCE - OTHER,D2
2026-07-28 03:57:57,1,"CHILD - CRITICAL ABAND, ABUSE, MOLEST, NEGLECT",DISTURBANCE - OTHER,U3
2026-07-28 03:57:57,1,"CHILD - CRITICAL ABAND, ABUSE, MOLEST, NEGLECT",DISTURBANCE - OTHER,U3
2026-07-28 03:57:57,1,"CHILD - CRITICAL ABAND, ABUSE, MOLEST, NEGLECT",DISTURBANCE - OTHER,U3
2026-07-28 03:57:57,1,"CHILD - CRITICAL ABAND, ABUSE, MOLEST, NEGLECT",DISTURBANCE - OTHER,U3
2026-07-28 03:57:57,1,"CHILD - CRITICAL ABAND, ABUSE, MOLEST, NEGLECT",DISTURBANCE - OTHER,U3
2026-07-28 03:57:57,1,"CHILD - CRITICAL ABAND, ABUSE, MOLEST, NEGLECT",DISTURBANCE - OTHER,U3
2026-07-28 03:24:50,4,NOISE - ANIMAL (INCLUDES BARKING DOGS),DISTURBANCE - NOISE,F1
2026-07-28 03:00:56,3,"NARCOTICS - VIOLATIONS (LOITER, USE, SELL, NARS)",DISTURBANCE - OTHER,K2
2026-07-28 02:23:06,2,DISTURBANCE,DISTURBANCE - OTHER,D1
2026-07-28 02:23:06,2,DISTURBANCE,DISTURBANCE - OTHER,D1
2026-07-28 02:13:53,1,UNKNOWN - COMPLAINT OF UNKNOWN NATURE,DISTURBANCE - NOISE,E3
2026-07-28 02:13:53,1,UNKNOWN - COMPLAINT OF UNKNOWN NATURE,DISTURBANCE - NOISE,E3
2026-07-28 02:13:53,1,UNKNOWN - COMPLAINT OF UNKNOWN NATURE,DISTURBANCE - NOISE,E3
2026-07-28 02:07:23,2,DISTURBANCE,"SUSPICIOUS CIRCUM. - BUILDING (OPEN DOOR, ETC)",W2
2026-07-28 02:07:23,2,DISTURBANCE,"SUSPICIOUS CIRCUM. - BUILDING (OPEN DOOR, ETC)",W2
2026-07-28 02:07:23,2,DISTURBANCE,"SUSPICIOUS CIRCUM. - BUILDING (OPEN DOOR, ETC)",W2
2026-07-28 01:52:09,2,"ANIMAL - INJURED, DEAD HAZARD, OTHER",DISTURBANCE - OTHER,G1
2026-07-28 01:52:09,2,"ANIMAL - INJURED, DEAD HAZARD, OTHER",DISTURBANCE - OTHER,G1
2026-07-28 01:47:58,2,"SUSPICIOUS PERSON, VEHICLE, OR INCIDENT",DISTURBANCE - OTHER,W2
2026-07-28 01:46:58,3,"SUSPICIOUS PERSON, VEHICLE, OR INCIDENT",DISTURBANCE - OTHER,B2
2026-07-28 01:07:51,2,THREATS (INCLS IN-PERSON/BY PHONE/IN WRITING),DISTURBANCE - OTHER,K2
2026-07-28 01:07:51,2,THREATS (INCLS IN-PERSON/BY PHONE/IN WRITING),DISTURBANCE - OTHER,K2
2026-07-28 01:00:53,3,NUISANCE,DISTURBANCE - OTHER,U2
2026-07-28 00:59:04,3,HARAS - NO BIAS OR THREATS,DISTURBANCE - OTHER,E1
2026-07-28 00:53:31,4,NOISE - GENERAL,ASSIST PUBLIC - OTHER (NON-SPECIFIED),E3
2026-07-28 00:40:55,3,FRAUD,DISTURBANCE - OTHER,G3
2026-07-28 00:23:18,2,"SUSPICIOUS PERSON, VEHICLE, OR INCIDENT",DISTURBANCE - OTHER,J3
2026-07-28 00:16:00,4,NOISE - GENERAL,ASSIST PUBLIC - OTHER (NON-SPECIFIED),E1
2026-07-28 00:14:21,1,UNKNOWN - COMPLAINT OF UNKNOWN NATURE,DISTURBANCE - OTHER,U3
2026-07-28 00:14:21,1,UNKNOWN - COMPLAINT OF UNKNOWN NATURE,DISTURBANCE - OTHER,U3
2026-07-28 00:14:21,1,UNKNOWN - COMPLAINT OF UNKNOWN NATURE,DISTURBANCE - OTHER,U3
2026-07-28 00:14:21,1,UNKNOWN - COMPLAINT OF UNKNOWN NATURE,DISTURBANCE - OTHER,U3
2026-07-28 00:09:45,2,"SUSPICIOUS PERSON, VEHICLE, OR INCIDENT",DISTURBANCE - OTHER,W1
2026-07-28 00:07:03,4,NOISE - GENERAL,DISTURBANCE - NOISE,W2
2026-07-27 23:56:40,7,SUSPICIOUS STOP - OFFICER INITIATED ONVIEW,DISTURBANCE - OTHER,K2
2026-07-27 23:56:40,7,SUSPICIOUS STOP - OFFICER INITIATED ONVIEW,DISTURBANCE - OTHER,K2
2026-07-27 23:41:15,2,"SUSPICIOUS PERSON, VEHICLE, OR INCIDENT",DISTURBANCE - OTHER,J2
2026-07-27 23:40:41,2,DISTURBANCE - DV - NO ASLT,CRISIS COMPLAINT - GENERAL,J1
2026-07-27 23:40:41,2,DISTURBANCE - DV - NO ASLT,CRISIS COMPLAINT - GENERAL,J1
2026-07-27 23:39:02,7,SUSPICIOUS STOP - OFFICER INITIATED ONVIEW,DISTURBANCE - OTHER,N3
2026-07-27 23:30:25,4,NOISE - GENERAL,CRISIS COMPLAINT - GENERAL,G2
2026-07-27 23:29:33,3,DISTURBANCE,DISTURBANCE - OTHER,B1
2026-07-27 23:29:33,3,DISTURBANCE,DISTURBANCE - OTHER,B1
2026-07-27 23:29:33,3,DISTURBANCE,DISTURBANCE - OTHER,B1
2026-07-27 23:29:33,3,DISTURBANCE,DISTURBANCE - OTHER,B1
2026-07-27 23:20:08,4,NOISE - GENERAL,DISTURBANCE - NOISE,N1
2026-07-27 23:18:19,2,HAZ - POTENTIAL THRT TO PHYS SAFETY,DISTURBANCE - OTHER,J2
2026-07-27 23:18:19,2,HAZ - POTENTIAL THRT TO PHYS SAFETY,DISTURBANCE - OTHER,J2
2026-07-27 23:18:19,2,HAZ - POTENTIAL THRT TO PHYS SAFETY,DISTURBANCE - OTHER,J2
2026-07-27 23:07:41,2,DISTURBANCE - DV - NO ASLT,DISTURBANCE - OTHER,J2
2026-07-27 23:07:41,2,DISTURBANCE - DV - NO ASLT,DISTURBANCE - OTHER,J2
2026-07-27 23:03:21,2,JUVENILE - RUNAWAY,"DV - ARGUMENTS, DISTURBANCE (NO ARREST)",L2
2026-07-27 22:52:32,4,NOISE - GENERAL,DISTURBANCE - NOISE,L1
2026-07-27 22:52:32,4,NOISE - GENERAL,DISTURBANCE - NOISE,L1
2026-07-27 22:52:32,4,NOISE - GENERAL,DISTURBANCE - NOISE,L1
2026-07-27 22:52:32,4,NOISE - GENERAL,DISTURBANCE - NOISE,L1
2026-07-27 22:51:50,1,DISTURBANCE - DV CRITICAL,CRISIS COMPLAINT - GENERAL,R1
2026-07-27 22:51:50,1,DISTURBANCE - DV CRITICAL,CRISIS COMPLAINT - GENERAL,R1
2026-07-27 22:51:50,1,DISTURBANCE - DV CRITICAL,CRISIS COMPLAINT - GENERAL,R1
2026-07-27 22:51:50,1,DISTURBANCE - DV CRITICAL,CRISIS COMPLAINT - GENERAL,R1
2026-07-27 22:51:50,1,DISTURBANCE - DV CRITICAL,CRISIS COMPLAINT - GENERAL,R1
2026-07-27 22:51:50,1,DISTURBANCE - DV CRITICAL,CRISIS COMPLAINT - GENERAL,R1
2026-07-27 22:50:30,2,FIREWORKS (NO HAZARD),DISTURBANCE - NOISE,E2
2026-07-27 22:45:44,4,NOISE - GENERAL,DISTURBANCE - NOISE,B2
2026-07-27 22:38:56,4,NOISE - GENERAL,ASSIST PUBLIC - OTHER (NON-SPECIFIED),G2
2026-07-27 22:36:46,2,DISTURBANCE - DV - NO ASLT,"DV - ARGUMENTS, DISTURBANCE (NO ARREST)",O1
2026-07-27 22:36:46,2,DISTURBANCE - DV - NO ASLT,"DV - ARGUMENTS, DISTURBANCE (NO ARREST)",O1
2026-07-27 22:34:31,1,BURG - OCCUPIED RESD,DISTURBANCE - OTHER,U3
2026-07-27 22:34:31,1,BURG - OCCUPIED RESD,DISTURBANCE - OTHER,U3
2026-07-27 22:34:31,1,BURG - OCCUPIED RESD,DISTURBANCE - OTHER,U3
2026-07-27 22:34:31,1,BURG - OCCUPIED RESD,DISTURBANCE - OTHER,U3
2026-07-27 22:34:31,1,BURG - OCCUPIED RESD,DISTURBANCE - OTHER,U3
2026-07-27 22:34:31,1,BURG - OCCUPIED RESD,DISTURBANCE - OTHER,U3
2026-07-27 22:34:31,1,BURG - OCCUPIED RESD,DISTURBANCE - OTHER,U3
2026-07-27 22:15:04,1,SHOTS HEARD - IN PROGRESS,DISTURBANCE - NOISE,U3
2026-07-27 22:15:04,1,SHOTS HEARD - IN PROGRESS,DISTURBANCE - NOISE,U3
2026-07-27 22:07:33,2,DISTURBANCE - DV - NO ASLT,DISTURBANCE - NOISE RESIDENTIAL,U3
2026-07-27 22:07:33,2,DISTURBANCE - DV - NO ASLT,DISTURBANCE - NOISE RESIDENTIAL,U3
2026-07-27 22:07:33,2,DISTURBANCE - DV - NO ASLT,DISTURBANCE - NOISE RESIDENTIAL,U3
2026-07-27 22:06:22,1,SHOTS HEARD - IN PROGRESS,DISTURBANCE - NOISE,C2
2026-07-27 22:06:22,1,SHOTS HEARD - IN PROGRESS,DISTURBANCE - NOISE,C2
2026-07-27 22:06:22,1,SHOTS HEARD - IN PROGRESS,DISTURBANCE - NOISE,C2
2026-07-27 22:04:21,1,UNKNOWN - COMPLAINT OF UNKNOWN NATURE,DISTURBANCE - OTHER,W3
2026-07-27 22:04:21,1,UNKNOWN - COMPLAINT OF UNKNOWN NATURE,DISTURBANCE - OTHER,W3
2026-07-27 22:02:18,3,PERSON IN BEHAVIORAL/EMOTIONAL CRISIS,DISTURBANCE - OTHER,G2
2026-07-27 21:54:40,1,SHOTS HEARD - IN PROGRESS,DISTURBANCE - OTHER,D1
2026-07-27 21:54:40,1,SHOTS HEARD - IN PROGRESS,DISTURBANCE - OTHER,D1
2026-07-27 21:54:40,1,SHOTS HEARD - IN PROGRESS,DISTURBANCE - OTHER,D1
2026-07-27 21:54:40,1,SHOTS HEARD - IN PROGRESS,DISTURBANCE - OTHER,D1
2026-07-27 21:53:20,4,FIREWORKS (NO HAZARD),DISTURBANCE - NOISE,Q3
2026-07-27 21:50:07,2,DISTURBANCE,DISTURBANCE - OTHER,K3
2026-07-27 21:43:35,2,DISTURBANCE,SUSPICIOUS CIRCUM. - SUSPICIOUS PERSON,D1
2026-07-27 21:43:35,2,DISTURBANCE,SUSPICIOUS CIRCUM. - SUSPICIOUS PERSON,D1
2026-07-27 21:43:35,2,DISTURBANCE,SUSPICIOUS CIRCUM. - SUSPICIOUS PERSON,D1
2026-07-27 21:40:17,2,TRESPASS,DISTURBANCE - OTHER,U3
2026-07-27 21:40:17,2,TRESPASS,DISTURBANCE - OTHER,U3
2026-07-27 21:40:17,2,TRESPASS,DISTURBANCE - OTHER,U3
2026-07-27 21:36:08,2,DISTURBANCE,CRISIS COMPLAINT - GENERAL,C1
2026-07-27 21:34:51,4,FIREWORKS (NO HAZARD),DISTURBANCE - NOISE,K3
2026-07-27 21:22:58,4,NOISE - GENERAL,DISTURBANCE - NOISE,O3
2026-07-27 21:06:04,5,TRU - HARASSMENT,DISTURBANCE - OTHER,K2
2026-07-27 20:53:54,2,DISTURBANCE,DISTURBANCE - OTHER,G1
2026-07-27 20:53:54,2,DISTURBANCE,DISTURBANCE - OTHER,G1
2026-07-27 20:51:31,4,NOISE - GENERAL,MISCHIEF OR NUISANCE - GENERAL,S2
2026-07-27 20:35:38,4,NOISE - GENERAL,DISTURBANCE - NOISE,U1
2026-07-27 20:32:44,2,DISTURBANCE,NUISANCE,D1
2026-07-27 20:21:42,2,DISTURBANCE - DV - NO ASLT,DV - DOMESTIC VIOL/ASLT (ARREST MANDATORY),L2
2026-07-27 20:21:42,2,DISTURBANCE - DV - NO ASLT,DV - DOMESTIC VIOL/ASLT (ARREST MANDATORY),L2
2026-07-27 20:21:42,2,DISTURBANCE - DV - NO ASLT,DV - DOMESTIC VIOL/ASLT (ARREST MANDATORY),L2
2026-07-27 20:21:42,2,DISTURBANCE - DV - NO ASLT,DV - DOMESTIC VIOL/ASLT (ARREST MANDATORY),L2
2026-07-27 20:21:42,2,DISTURBANCE - DV - NO ASLT,DV - DOMESTIC VIOL/ASLT (ARREST MANDATORY),L2
2026-07-27 20:21:42,2,DISTURBANCE - DV - NO ASLT,DV - DOMESTIC VIOL/ASLT (ARREST MANDATORY),L2
2026-07-27 20:21:42,2,DISTURBANCE - DV - NO ASLT,DV - DOMESTIC VIOL/ASLT (ARREST MANDATORY),L2
2026-07-27 20:11:13,1,DISTURBANCE - DV CRITICAL,"DV - ARGUMENTS, DISTURBANCE (NO ARREST)",E1
2026-07-27 20:11:13,1,DISTURBANCE - DV CRITICAL,"DV - ARGUMENTS, DISTURBANCE (NO ARREST)",E1
2026-07-27 20:11:13,1,DISTURBANCE - DV CRITICAL,"DV - ARGUMENTS, DISTURBANCE (NO ARREST)",E1
2026-07-27 20:09:18,2,DISTURBANCE,DISTURBANCE - OTHER,E1
2026-07-27 20:06:24,4,NOISE - GENERAL,DISTURBANCE - OTHER,M1
2026-07-27 19:44:03,4,NOISE - GENERAL,DISTURBANCE - NOISE,G3
2026-07-27 19:41:11,2,HAZ - POTENTIAL THRT TO PHYS SAFETY,DISTURBANCE - OTHER,W2
2026-07-27 19:41:11,2,HAZ - POTENTIAL THRT TO PHYS SAFETY,DISTURBANCE - OTHER,W2
2026-07-27 19:41:11,2,HAZ - POTENTIAL THRT TO PHYS SAFETY,DISTURBANCE - OTHER,W2
2026-07-27 19:41:11,2,HAZ - POTENTIAL THRT TO PHYS SAFETY,DISTURBANCE - OTHER,W2
2026-07-27 19:41:11,2,HAZ - POTENTIAL THRT TO PHYS SAFETY,DISTURBANCE - OTHER,W2
2026-07-27 19:41:11,2,HAZ - POTENTIAL THRT TO PHYS SAFETY,DISTURBANCE - OTHER,W2
2026-07-27 19:34:01,1,DISTURBANCE,DISTURBANCE - OTHER,K3
2026-07-27 19:34:01,1,DISTURBANCE,DISTURBANCE - OTHER,K3
2026-07-27 19:34:01,1,DISTURBANCE,DISTURBANCE - OTHER,K3
2026-07-27 19:32:03,2,DISTURBANCE,CRISIS COMPLAINT - GENERAL,E1
2026-07-27 19:32:03,2,DISTURBANCE,CRISIS COMPLAINT - GENERAL,E1
2026-07-27 19:32:03,2,DISTURBANCE,CRISIS COMPLAINT - GENERAL,E1
2026-07-27 19:31:41,2,DISTURBANCE - DV - NO ASLT,"DV - ARGUMENTS, DISTURBANCE (NO ARREST)",N3
2026-07-27 19:31:41,2,DISTURBANCE - DV - NO ASLT,"DV - ARGUMENTS, DISTURBANCE (NO ARREST)",N3
2026-07-27 19:16:56,2,DISTURBANCE,DISTURBANCE - OTHER,R2
2026-07-27 19:16:56,2,DISTURBANCE,DISTURBANCE - OTHER,R2
2026-07-27 19:11:57,2,DISTURBANCE - DV - NO ASLT,"DV - ARGUMENTS, DISTURBANCE (NO ARREST)",N1
2026-07-27 19:11:57,2,DISTURBANCE - DV - NO ASLT,"DV - ARGUMENTS, DISTURBANCE (NO ARREST)",N1
2026-07-27 19:07:26,2,DISTURBANCE - DV - NO ASLT,"DV - ARGUMENTS, DISTURBANCE (NO ARREST)",E3
2026-07-27 19:07:26,2,DISTURBANCE - DV - NO ASLT,"DV - ARGUMENTS, DISTURBANCE (NO ARREST)",E3
2026-07-27 19:07:26,2,DISTURBANCE - DV - NO ASLT,"DV - ARGUMENTS, DISTURBANCE (NO ARREST)",E3
2026-07-27 18:59:42,3,"ANIMAL - INJURED, DEAD HAZARD, OTHER","ANIMAL COMPLAINT - NOISE,STRAY,BITE",S2
2026-07-27 18:59:42,3,"ANIMAL - INJURED, DEAD HAZARD, OTHER","ANIMAL COMPLAINT - NOISE,STRAY,BITE",S2
2026-07-27 18:59:05,2,DISTURBANCE,DISTURBANCE - OTHER,J1
2026-07-27 18:56:24,3,DISTURBANCE,DISTURBANCE - OTHER,U3
2026-07-27 18:56:24,3,DISTURBANCE,DISTURBANCE - OTHER,U3
2026-07-27 18:55:19,3,PEACE-STANDBY TO ASSURE (NO COURT ORDR SVC),DISTURBANCE - OTHER,Q3
2026-07-27 18:41:36,2,DISTURBANCE,DISTURBANCE - OTHER,K3
2026-07-27 18:35:05,1,DISTURBANCE - DV CRITICAL,"DV - ARGUMENTS, DISTURBANCE (NO ARREST)",B3
2026-07-27 18:35:05,1,DISTURBANCE - DV CRITICAL,"DV - ARGUMENTS, DISTURBANCE (NO ARREST)",B3
2026-07-27 18:35:05,1,DISTURBANCE - DV CRITICAL,"DV - ARGUMENTS, DISTURBANCE (NO ARREST)",B3
2026-07-27 18:17:27,3,DISTURBANCE - DV - NO ASLT,DV - ASSIST VICTIM BY COURT ORDER,L3
2026-07-27 18:15:33,2,DISTURBANCE,DISTURBANCE - OTHER,E2
2026-07-27 17:50:16,2,DISTURBANCE - DV - NO ASLT,"DV - ARGUMENTS, DISTURBANCE (NO ARREST)",F2
2026-07-27 17:43:38,3,DISTURBANCE,DISTURBANCE - OTHER,F3
2026-07-27 17:33:46,2,DISTURBANCE,DISTURBANCE - OTHER,U2
2026-07-27 17:22:58,2,ASLT - WITH OR W/O WPNS (NO SHOOTINGS),DISTURBANCE - OTHER,E2
2026-07-27 17:19:07,2,DISTURBANCE - DV - NO ASLT,ASSIST PUBLIC - OTHER (NON-SPECIFIED),W1
2026-07-27 17:14:56,5,TRU - THREATS,DISTURBANCE - OTHER,N2
2026-07-27 17:07:12,3,BIAS,DISTURBANCE - OTHER,N2
2026-07-27 17:07:10,3,HARAS - NO BIAS OR THREATS,DISTURBANCE - OTHER,B3
2026-07-27 17:07:10,3,HARAS - NO BIAS OR THREATS,DISTURBANCE - OTHER,B3
2026-07-27 17:07:08,2,DISTURBANCE,"ASSAULTS, OTHER",B3
2026-07-27 17:07:08,2,DISTURBANCE,"ASSAULTS, OTHER",B3
2026-07-27 17:00:21,2,DISTURBANCE,DISTURBANCE - OTHER,D2
2026-07-27 16:56:33,1,DISTURBANCE,DV - DOMESTIC VIOL/ASLT (ARREST MANDATORY),Q2
2026-07-27 16:56:33,1,DISTURBANCE,DV - DOMESTIC VIOL/ASLT (ARREST MANDATORY),Q2
2026-07-27 16:56:33,1,DISTURBANCE,DV - DOMESTIC VIOL/ASLT (ARREST MANDATORY),Q2
2026-07-27 16:56:33,1,DISTURBANCE,DV - DOMESTIC VIOL/ASLT (ARREST MANDATORY),Q2
2026-07-27 16:56:33,1,DISTURBANCE,DV - DOMESTIC VIOL/ASLT (ARREST MANDATORY),Q2
2026-07-27 16:54:45,3,THREATS (INCLS IN-PERSON/BY PHONE/IN WRITING),DISTURBANCE - OTHER,Q2
2026-07-27 16:50:58,3,DISTURBANCE,DISTURBANCE - OTHER,C3
2026-07-27 16:41:40,2,ASLT - WITH OR W/O WPNS (NO SHOOTINGS),DISTURBANCE - OTHER,G2
2026-07-27 16:40:26,4,NOISE - GENERAL,MISCHIEF OR NUISANCE - GENERAL,G2
2026-07-27 16:36:58,2,DISTURBANCE - DV - NO ASLT,DISTURBANCE - OTHER,J2
2026-07-27 16:36:58,2,DISTURBANCE - DV - NO ASLT,DISTURBANCE - OTHER,J2
2026-07-27 16:35:35,3,DISTURBANCE - DV - NO ASLT,DISTURBANCE - OTHER,L2
2026-07-27 16:35:35,3,DISTURBANCE - DV - NO ASLT,DISTURBANCE - OTHER,L2
2026-07-27 16:27:13,2,DISTURBANCE,DISTURBANCE - OTHER,N3
2026-07-27 16:21:25,2,DISTURBANCE,THEFT - CAR PROWL,L2
2026-07-27 16:21:25,2,DISTURBANCE,THEFT - CAR PROWL,L2
2026-07-27 16:02:59,1,DISTURBANCE - DV CRITICAL,DISTURBANCE - OTHER,S3
2026-07-27 16:02:59,1,DISTURBANCE - DV CRITICAL,DISTURBANCE - OTHER,S3
2026-07-27 16:02:59,1,DISTURBANCE - DV CRITICAL,DISTURBANCE - OTHER,S3
2026-07-27 16:02:59,1,DISTURBANCE - DV CRITICAL,DISTURBANCE - OTHER,S3
2026-07-27 15:43:19,2,DISTURBANCE,"ASSAULTS, OTHER",M1
2026-07-27 15:43:19,2,DISTURBANCE,"ASSAULTS, OTHER",M1
2026-07-27 15:43:19,2,DISTURBANCE,"ASSAULTS, OTHER",M1
2026-07-27 15:43:19,2,DISTURBANCE,"ASSAULTS, OTHER",M1
2026-07-27 15:38:43,2,DISTURBANCE,DISTURBANCE - OTHER,U1
2026-07-27 15:29:06,1,DISTURBANCE,DV - DOMESTIC VIOLENCE (ARREST DISCRETIONARY),C1
2026-07-27 15:29:06,1,DISTURBANCE,DV - DOMESTIC VIOLENCE (ARREST DISCRETIONARY),C1
2026-07-27 15:29:06,1,DISTURBANCE,DV - DOMESTIC VIOLENCE (ARREST DISCRETIONARY),C1
2026-07-27 15:29:06,1,DISTURBANCE,DV - DOMESTIC VIOLENCE (ARREST DISCRETIONARY),C1
2026-07-27 15:28:54,2,MVC - COLLISION (ALL),DISTURBANCE - OTHER,N1
2026-07-27 15:23:14,2,DISTURBANCE,SUSPICIOUS CIRCUM. - SUSPICIOUS PERSON,J1
2026-07-27 15:23:14,2,DISTURBANCE,SUSPICIOUS CIRCUM. - SUSPICIOUS PERSON,J1
2026-07-27 15:22:16,5,TRU - HARASSMENT,DISTURBANCE - NOISE,Q2
2026-07-27 15:17:28,2,ASLT - WITH OR W/O WPNS (NO SHOOTINGS),DISTURBANCE - OTHER,D3
2026-07-27 14:59:54,2,DISTURBANCE,DISTURBANCE - OTHER,S2
2026-07-27 14:59:54,2,DISTURBANCE,DISTURBANCE - OTHER,S2
2026-07-27 14:59:54,2,DISTURBANCE,DISTURBANCE - OTHER,S2
2026-07-27 14:48:58,2,"LEWD -  (EXPOSING, FLASHING)",DISTURBANCE - OTHER,B3
2026-07-27 14:48:12,2,DISTURBANCE,DISTURBANCE - OTHER,E3
2026-07-27 14:47:01,2,DISTURBANCE,DISTURBANCE - OTHER,M2
2026-07-27 14:47:01,2,DISTURBANCE,DISTURBANCE - OTHER,M2
2026-07-27 14:38:06,3,HARAS - NO BIAS OR THREATS,DISTURBANCE - OTHER,R2
2026-07-27 14:38:06,3,HARAS - NO BIAS OR THREATS,DISTURBANCE - OTHER,R2
2026-07-27 14:38:06,3,HARAS - NO BIAS OR THREATS,DISTURBANCE - OTHER,R2
2026-07-27 14:30:28,3,"SUSPICIOUS PERSON, VEHICLE, OR INCIDENT",DISTURBANCE - OTHER,B2
2026-07-27 14:30:18,4,NOISE - GENERAL,DISTURBANCE - NOISE,G2
2026-07-27 14:01:30,3,DISTURBANCE,SUSPICIOUS CIRCUM. - SUSPICIOUS PERSON,Q3
2026-07-27 13:57:25,2,ASLT - DV,DISTURBANCE - OTHER,E2
2026-07-27 13:47:41,3,DISTURBANCE,DISTURBANCE - OTHER,B3
2026-07-27 13:38:41,2,SUICIDE - SUICIDAL PERSON AND ATTEMPTS,DISTURBANCE - OTHER,U1
2026-07-27 13:25:38,3,NUISANCE,DISTURBANCE - OTHER,R2
2026-07-27 13:25:38,3,NUISANCE,DISTURBANCE - OTHER,R2
2026-07-27 13:22:45,2,DISTURBANCE,DISTURBANCE - OTHER,R2
2026-07-27 13:22:45,2,DISTURBANCE,DISTURBANCE - OTHER,R2
2026-07-27 13:11:03,2,DISTURBANCE,DISTURBANCE,W2
2026-07-27 13:11:03,2,DISTURBANCE,DISTURBANCE,W2
2026-07-27 13:11:03,2,DISTURBANCE,DISTURBANCE,W2
2026-07-27 13:11:03,2,DISTURBANCE,DISTURBANCE,W2
2026-07-27 13:11:03,2,DISTURBANCE,DISTURBANCE,W2
2026-07-27 13:11:03,2,DISTURBANCE,DISTURBANCE,W2
2026-07-27 13:08:32,1,DISTURBANCE - DV CRITICAL,DV - DOMESTIC VIOL/ASLT (ARREST MANDATORY),L2
2026-07-27 13:08:32,1,DISTURBANCE - DV CRITICAL,DV - DOMESTIC VIOL/ASLT (ARREST MANDATORY),L2
2026-07-27 13:08:32,1,DISTURBANCE - DV CRITICAL,DV - DOMESTIC VIOL/ASLT (ARREST MANDATORY),L2
2026-07-27 13:08:32,1,DISTURBANCE - DV CRITICAL,DV - DOMESTIC VIOL/ASLT (ARREST MANDATORY),L2
2026-07-27 13:08:32,1,DISTURBANCE - DV CRITICAL,DV - DOMESTIC VIOL/ASLT (ARREST MANDATORY),L2
2026-07-27 12:57:54,3,ASLT - WITH OR W/O WPNS (NO SHOOTINGS),DISTURBANCE - OTHER,K3
2026-07-27 12:57:54,3,ASLT - WITH OR W/O WPNS (NO SHOOTINGS),DISTURBANCE - OTHER,K3
2026-07-27 12:57:54,3,ASLT - WITH OR W/O WPNS (NO SHOOTINGS),DISTURBANCE - OTHER,K3
2026-07-27 12:24:24,2,DISTURBANCE,DISTURBANCE - OTHER,C1
2026-07-27 12:24:24,2,DISTURBANCE,DISTURBANCE - OTHER,C1
2026-07-27 12:12:58,2,DISTURBANCE - DV - NO ASLT,DISTURBANCE - OTHER,L2
2026-07-27 12:12:58,2,DISTURBANCE - DV - NO ASLT,DISTURBANCE - OTHER,L2
2026-07-27 12:05:55,1,DISTURBANCE - DV CRITICAL,"DV - ARGUMENTS, DISTURBANCE (NO ARREST)",F2
2026-07-27 11:23:54,2,DISTURBANCE,DISTURBANCE - OTHER,U1
2026-07-27 11:11:28,3,"SUSPICIOUS PERSON, VEHICLE, OR INCIDENT",DISTURBANCE - OTHER,Q3
2026-07-27 10:42:51,2,DISTURBANCE,CRISIS COMPLAINT - GENERAL,N1
2026-07-27 10:42:51,2,DISTURBANCE,CRISIS COMPLAINT - GENERAL,N1
2026-07-27 10:42:51,2,DISTURBANCE,CRISIS COMPLAINT - GENERAL,N1
2026-07-27 10:42:51,2,DISTURBANCE,CRISIS COMPLAINT - GENERAL,N1
2026-07-27 10:24:17,2,DISTURBANCE - DV - NO ASLT,CRISIS COMPLAINT - GENERAL,E3
2026-07-27 09:56:07,2,DISTURBANCE - DV - NO ASLT,CRISIS COMPLAINT - GENERAL,J2
2026-07-27 09:56:07,2,DISTURBANCE - DV - NO ASLT,CRISIS COMPLAINT - GENERAL,J2
2026-07-27 09:56:07,2,DISTURBANCE - DV - NO ASLT,CRISIS COMPLAINT - GENERAL,J2
2026-07-27 09:30:54,3,DISTURBANCE,DISTURBANCE - OTHER,E3
2026-07-27 09:29:43,2,TRAFFIC - ROAD RAGE,DISTURBANCE - OTHER,S1
2026-07-27 09:26:08,2,DISTURBANCE - DV - NO ASLT,DV - DOMESTIC THREATS BY PHONE OR WRITING,F2
2026-07-27 09:26:08,2,DISTURBANCE - DV - NO ASLT,DV - DOMESTIC THREATS BY PHONE OR WRITING,F2
2026-07-27 09:26:08,2,DISTURBANCE - DV - NO ASLT,DV - DOMESTIC THREATS BY PHONE OR WRITING,F2
2026-07-27 09:26:08,2,DISTURBANCE - DV - NO ASLT,DV - DOMESTIC THREATS BY PHONE OR WRITING,F2
2026-07-27 09:26:08,2,DISTURBANCE - DV - NO ASLT,DV - DOMESTIC THREATS BY PHONE OR WRITING,F2
2026-07-27 09:23:46,3,DISTURBANCE - DV - NO ASLT,"ASSAULTS - HARASSMENT, THREATS",L1
2026-07-27 09:11:56,3,HARAS - NO BIAS OR THREATS,DISTURBANCE - OTHER,E1
2026-07-27 09:07:56,2,DISTURBANCE - DV - NO ASLT,DV - DOMESTIC VIOLENCE (ARREST DISCRETIONARY),O1
2026-07-27 09:07:56,2,DISTURBANCE - DV - NO ASLT,DV - DOMESTIC VIOLENCE (ARREST DISCRETIONARY),O1
2026-07-27 09:07:56,2,DISTURBANCE - DV - NO ASLT,DV - DOMESTIC VIOLENCE (ARREST DISCRETIONARY),O1
2026-07-27 09:07:56,2,DISTURBANCE - DV - NO ASLT,DV - DOMESTIC VIOLENCE (ARREST DISCRETIONARY),O1
2026-07-27 09:07:56,2,DISTURBANCE - DV - NO ASLT,DV - DOMESTIC VIOLENCE (ARREST DISCRETIONARY),O1
2026-07-27 08:52:38,2,DISTURBANCE,PROWLER - TRESPASS,K3
2026-07-27 08:52:38,2,DISTURBANCE,PROWLER - TRESPASS,K3
2026-07-27 08:52:38,2,DISTURBANCE,PROWLER - TRESPASS,K3
2026-07-27 08:50:02,2,DISTURBANCE,DISTURBANCE - OTHER,G3
2026-07-27 08:42:50,2,"CHILD - ABAND, ABUSE, MOLEST, NEGLECT",DISTURBANCE - OTHER,G2
2026-07-27 08:42:50,2,"CHILD - ABAND, ABUSE, MOLEST, NEGLECT",DISTURBANCE - OTHER,G2
2026-07-27 08:40:15,2,DISTURBANCE,ROBBERY - STRONG ARM,M3
2026-07-27 08:28:10,3,DISTURBANCE,MISCHIEF OR NUISANCE - GENERAL,E2
2026-07-27 08:21:35,2,DISTURBANCE,DISTURBANCE - OTHER,N2
2026-07-27 08:18:01,3,PEACE-STANDBY TO ASSURE (NO COURT ORDR SVC),DISTURBANCE - OTHER,E2
2026-07-27 08:18:01,3,PEACE-STANDBY TO ASSURE (NO COURT ORDR SVC),DISTURBANCE - OTHER,E2
2026-07-27 08:18:01,3,PEACE-STANDBY TO ASSURE (NO COURT ORDR SVC),DISTURBANCE - OTHER,E2
2026-07-27 08:18:01,3,PEACE-STANDBY TO ASSURE (NO COURT ORDR SVC),DISTURBANCE - OTHER,E2
2026-07-27 08:00:12,2,ASLT - WITH OR W/O WPNS (NO SHOOTINGS),DISTURBANCE - OTHER,D1
2026-07-27 07:59:58,3,MISSING - ADULT,DISTURBANCE - OTHER,W2
2026-07-27 07:26:34,2,DISTURBANCE,"ASSAULTS - HARASSMENT, THREATS",J1
2026-07-27 07:26:34,2,DISTURBANCE,"ASSAULTS - HARASSMENT, THREATS",J1
2026-07-27 07:24:22,2,DISTURBANCE - DV - NO ASLT,THEFT - ALL OTHER,F3
2026-07-27 07:24:22,2,DISTURBANCE - DV - NO ASLT,THEFT - ALL OTHER,F3
2026-07-27 06:23:21,2,DISTURBANCE,SUSPICIOUS CIRCUM. - SUSPICIOUS PERSON,N2
2026-07-27 06:23:21,2,DISTURBANCE,SUSPICIOUS CIRCUM. - SUSPICIOUS PERSON,N2
2026-07-27 06:23:21,2,DISTURBANCE,SUSPICIOUS CIRCUM. - SUSPICIOUS PERSON,N2
2026-07-27 06:23:21,2,DISTURBANCE,SUSPICIOUS CIRCUM. - SUSPICIOUS PERSON,N2
2026-07-27 06:23:21,2,DISTURBANCE,SUSPICIOUS CIRCUM. - SUSPICIOUS PERSON,N2
2026-07-27 06:23:21,2,DISTURBANCE,SUSPICIOUS CIRCUM. - SUSPICIOUS PERSON,N2
2026-07-27 06:00:02,2,"SUSPICIOUS PERSON, VEHICLE, OR INCIDENT",DISTURBANCE - OTHER,K1
2026-07-27 06:00:02,2,"SUSPICIOUS PERSON, VEHICLE, OR INCIDENT",DISTURBANCE - OTHER,K1
2026-07-27 05:40:21,3,DISTURBANCE,DISTURBANCE - OTHER,L3
2026-07-27 05:40:21,3,DISTURBANCE,DISTURBANCE - OTHER,L3
2026-07-27 05:22:56,2,DISTURBANCE,"ASSAULTS - HARASSMENT, THREATS",D2
2026-07-27 05:22:56,2,DISTURBANCE,"ASSAULTS - HARASSMENT, THREATS",D2
2026-07-27 05:22:56,2,DISTURBANCE,"ASSAULTS - HARASSMENT, THREATS",D2
2026-07-27 05:22:56,2,DISTURBANCE,"ASSAULTS - HARASSMENT, THREATS",D2
2026-07-27 05:22:56,2,DISTURBANCE,"ASSAULTS - HARASSMENT, THREATS",D2
2026-07-27 05:22:39,2,THREATS (INCLS IN-PERSON/BY PHONE/IN WRITING),DISTURBANCE - OTHER,U1
2026-07-27 05:11:57,3,HARAS - NO BIAS OR THREATS,DISTURBANCE - OTHER,G2
2026-07-27 05:07:54,3,DISTURBANCE,DISTURBANCE - NOISE RESIDENTIAL,B2
2026-07-27 05:07:54,3,DISTURBANCE,DISTURBANCE - NOISE RESIDENTIAL,B2
2026-07-27 05:03:56,4,NOISE - GENERAL,DISTURBANCE - NOISE,G2
2026-07-27 04:08:03,4,FIREWORKS (NO HAZARD),DISTURBANCE - NOISE RESIDENTIAL,G3
2026-07-27 03:56:32,2,DISTURBANCE,DISTURBANCE - OTHER,Q3
2026-07-27 03:39:56,3,LIQUOR VIOLATIONS - ADULT,DISTURBANCE - NOISE,U1
2026-07-27 03:37:20,4,NOISE - GENERAL,DISTURBANCE - NOISE RESIDENTIAL,G1
2026-07-27 03:06:46,2,"SUSPICIOUS PERSON, VEHICLE, OR INCIDENT",DISTURBANCE - OTHER,B2
2026-07-27 03:06:46,2,"SUSPICIOUS PERSON, VEHICLE, OR INCIDENT",DISTURBANCE - OTHER,B2
2026-07-27 02:41:27,2,DISTURBANCE,SUSPICIOUS CIRCUM. - SUSPICIOUS PERSON,D2
2026-07-27 02:41:27,2,DISTURBANCE,SUSPICIOUS CIRCUM. - SUSPICIOUS PERSON,D2
2026-07-27 02:29:07,1,SHOTS HEARD - IN PROGRESS,DISTURBANCE - OTHER,C1
2026-07-27 02:29:07,1,SHOTS HEARD - IN PROGRESS,DISTURBANCE - OTHER,C1
2026-07-27 02:29:07,1,SHOTS HEARD - IN PROGRESS,DISTURBANCE - OTHER,C1
2026-07-27 02:29:07,1,SHOTS HEARD - IN PROGRESS,DISTURBANCE - OTHER,C1
2026-07-27 02:29:07,1,SHOTS HEARD - IN PROGRESS,DISTURBANCE - OTHER,C1
2026-07-27 02:29:07,1,SHOTS HEARD - IN PROGRESS,DISTURBANCE - OTHER,C1
2026-07-27 02:23:39,1,SUICIDE - CRITICAL,DISTURBANCE - OTHER,E1
2026-07-27 02:14:01,1,UNKNOWN - ANI/ALI - WRLS PHNS (INCL OPEN LINE),DISTURBANCE - OTHER,R2
2026-07-27 01:56:42,4,NOISE - GENERAL,DISTURBANCE - NOISE,U1
2026-07-27 01:25:24,2,DISTURBANCE,DISTURBANCE - OTHER,U1
2026-07-27 01:25:24,2,DISTURBANCE,DISTURBANCE - OTHER,U1
2026-07-27 01:25:24,2,DISTURBANCE,DISTURBANCE - OTHER,U1
2026-07-27 01:20:23,2,THREATS - DV - NO ASSAULT,DISTURBANCE - OTHER,U3
2026-07-27 01:20:23,2,THREATS - DV - NO ASSAULT,DISTURBANCE - OTHER,U3
2026-07-27 01:20:23,2,THREATS - DV - NO ASSAULT,DISTURBANCE - OTHER,U3
2026-07-27 01:08:11,2,DISTURBANCE,DISTURBANCE - OTHER,G2
2026-07-27 01:08:11,2,DISTURBANCE,DISTURBANCE - OTHER,G2
2026-07-27 01:08:11,2,DISTURBANCE,DISTURBANCE - OTHER,G2
2026-07-27 01:08:11,2,DISTURBANCE,DISTURBANCE - OTHER,G2
2026-07-27 00:57:17,4,NOISE - GENERAL,DISTURBANCE - OTHER,E1
2026-07-27 00:48:42,1,SHOTS HEARD - IN PROGRESS,DISTURBANCE - NOISE RESIDENTIAL,S3
2026-07-27 00:48:42,1,SHOTS HEARD - IN PROGRESS,DISTURBANCE - NOISE RESIDENTIAL,S3
2026-07-27 00:48:42,1,SHOTS HEARD - IN PROGRESS,DISTURBANCE - NOISE RESIDENTIAL,S3
2026-07-27 00:46:53,2,FIGHT - PHYSICAL (NO WEAPONS),DISTURBANCE - OTHER,G3
2026-07-27 00:43:06,2,DISTURBANCE,ASSIST PUBLIC - OTHER (NON-SPECIFIED),S1
2026-07-27 00:42:48,4,NOISE - GENERAL,DISTURBANCE - NOISE,J1
2026-07-27 00:32:37,2,DISTURBANCE,DISTURBANCE - OTHER,F2
2026-07-27 00:32:37,2,DISTURBANCE,DISTURBANCE - OTHER,F2
2026-07-27 00:32:37,2,DISTURBANCE,DISTURBANCE - OTHER,F2
2026-07-27 00:10:55,3,NUISANCE,DISTURBANCE - OTHER,M3
2026-07-26 23:53:49,1,UNKNOWN - ANI/ALI - WRLS PHNS (INCL OPEN LINE),"DV - ARGUMENTS, DISTURBANCE (NO ARREST)",R2
2026-07-26 23:53:49,1,UNKNOWN - ANI/ALI - WRLS PHNS (INCL OPEN LINE),"DV - ARGUMENTS, DISTURBANCE (NO ARREST)",R2
2026-07-26 23:53:49,1,UNKNOWN - ANI/ALI - WRLS PHNS (INCL OPEN LINE),"DV - ARGUMENTS, DISTURBANCE (NO ARREST)",R2
2026-07-26 23:50:36,3,DISTURBANCE,DISTURBANCE - NOISE,S2
2026-07-26 23:48:01,4,NOISE - GENERAL,DISTURBANCE - NOISE,N1
2026-07-26 23:32:27,2,DISTURBANCE,SUSPICIOUS CIRCUM. - SUSPICIOUS PERSON,R1
2026-07-26 23:27:52,1,DISTURBANCE - DV CRITICAL,DISTURBANCE - NOISE RESIDENTIAL,Q2
2026-07-26 23:27:52,1,DISTURBANCE - DV CRITICAL,DISTURBANCE - NOISE RESIDENTIAL,Q2
2026-07-26 23:26:18,2,DISTURBANCE,DISTURBANCE - OTHER,O3
2026-07-26 23:26:18,2,DISTURBANCE,DISTURBANCE - OTHER,O3
2026-07-26 23:23:15,4,NOISE - GENERAL,DISTURBANCE - NOISE RESIDENTIAL,B2
2026-07-26 23:16:37,4,NOISE - GENERAL,DISTURBANCE - NOISE,Q1
2026-07-26 23:11:20,2,EXPLOSION,DISTURBANCE - NOISE,L3
2026-07-26 23:07:03,1,SHOTS HEARD - IN PROGRESS,DISTURBANCE - OTHER,U3
2026-07-26 23:07:03,1,SHOTS HEARD - IN PROGRESS,DISTURBANCE - OTHER,U3
2026-07-26 23:07:03,1,SHOTS HEARD - IN PROGRESS,DISTURBANCE - OTHER,U3
2026-07-26 22:57:29,2,THEFT (DOES NOT INCLUDE SHOPLIFT OR SVCS),"DV - ARGUMENTS, DISTURBANCE (NO ARREST)",N1
2026-07-26 22:57:29,2,THEFT (DOES NOT INCLUDE SHOPLIFT OR SVCS),"DV - ARGUMENTS, DISTURBANCE (NO ARREST)",N1
2026-07-26 22:51:11,2,DISTURBANCE - DV - NO ASLT,"DV - ARGUMENTS, DISTURBANCE (NO ARREST)",R2
2026-07-26 22:51:11,2,DISTURBANCE - DV - NO ASLT,"DV - ARGUMENTS, DISTURBANCE (NO ARREST)",R2
2026-07-26 22:47:55,2,ASLT - DV,DISTURBANCE - FIGHT,K3
2026-07-26 22:33:57,4,NOISE - GENERAL,DISTURBANCE - NOISE,J3
2026-07-26 22:30:53,4,NOISE - GENERAL,DISTURBANCE - NOISE RESIDENTIAL,C1
2026-07-26 22:30:46,2,DISTURBANCE - DV - NO ASLT,DISTURBANCE - OTHER,D1
2026-07-26 22:30:46,2,DISTURBANCE - DV - NO ASLT,DISTURBANCE - OTHER,D1
2026-07-26 22:29:47,4,NOISE - GENERAL,ASSIST PUBLIC - OTHER (NON-SPECIFIED),S1
2026-07-26 22:20:46,2,DISTURBANCE - DV - NO ASLT,"DV - ARGUMENTS, DISTURBANCE (NO ARREST)",L2
2026-07-26 22:20:46,2,DISTURBANCE - DV - NO ASLT,"DV - ARGUMENTS, DISTURBANCE (NO ARREST)",L2
2026-07-26 22:14:05,1,SHOTS HEARD - IN PROGRESS,DISTURBANCE - NOISE,L3
2026-07-26 22:14:05,1,SHOTS HEARD - IN PROGRESS,DISTURBANCE - NOISE,L3
2026-07-26 22:10:03,2,DISTURBANCE,AUTOMOBILES - AUTO THEFT,U1
2026-07-26 22:04:27,1,SHOTS HEARD - IN PROGRESS,DISTURBANCE - OTHER,C2
2026-07-26 21:53:15,4,NOISE - GENERAL,DISTURBANCE - NOISE RESIDENTIAL,L1
2026-07-26 21:45:24,4,NOISE - GENERAL,DISTURBANCE - NOISE RESIDENTIAL,N3
2026-07-26 21:42:14,2,DISTURBANCE,DISTURBANCE - OTHER,W2
2026-07-26 21:42:14,2,DISTURBANCE,DISTURBANCE - OTHER,W2
2026-07-26 21:37:12,1,FOUND PERSON,DISTURBANCE - OTHER,U3
2026-07-26 21:37:12,1,FOUND PERSON,DISTURBANCE - OTHER,U3
2026-07-26 21:35:33,2,DISTURBANCE,DISTURBANCE - OTHER,G2
2026-07-26 21:35:33,2,DISTURBANCE,DISTURBANCE - OTHER,G2
2026-07-26 21:35:15,3,DISTURBANCE,DISTURBANCE - OTHER,C1
2026-07-26 21:23:33,2,DISTURBANCE,DISTURBANCE - OTHER,K3
2026-07-26 21:22:32,2,THREATS (INCLS IN-PERSON/BY PHONE/IN WRITING),DISTURBANCE - OTHER,W2
2026-07-26 21:09:27,1,UNKNOWN - ANI/ALI - LANDLINE (INCLUDES OPEN LINE),DISTURBANCE - OTHER,N1
2026-07-26 21:09:27,1,UNKNOWN - ANI/ALI - LANDLINE (INCLUDES OPEN LINE),DISTURBANCE - OTHER,N1
2026-07-26 21:09:02,2,ASLT - DV,DISTURBANCE - OTHER,W2
2026-07-26 20:59:18,3,DISTURBANCE,DISTURBANCE - NOISE,G2
2026-07-26 20:59:18,3,DISTURBANCE,DISTURBANCE - NOISE,G2
2026-07-26 20:59:18,3,DISTURBANCE,DISTURBANCE - NOISE,G2
2026-07-26 20:59:18,3,DISTURBANCE,DISTURBANCE - NOISE,G2
2026-07-26 20:59:18,3,DISTURBANCE,DISTURBANCE - NOISE,G2
2026-07-26 20:59:18,3,DISTURBANCE,DISTURBANCE - NOISE,G2
2026-07-26 20:59:18,3,DISTURBANCE,DISTURBANCE - NOISE,G2
2026-07-26 20:59:18,3,DISTURBANCE,DISTURBANCE - NOISE,G2
2026-07-26 20:58:34,2,DISTURBANCE,DISTURBANCE - OTHER,B1
2026-07-26 20:58:34,2,DISTURBANCE,DISTURBANCE - OTHER,B1
2026-07-26 20:42:46,3,ORDER - VIOLATION OF COURT ORDER (NON DV),DISTURBANCE - OTHER,J3
2026-07-26 20:42:46,3,ORDER - VIOLATION OF COURT ORDER (NON DV),DISTURBANCE - OTHER,J3
2026-07-26 20:40:35,2,"SUSPICIOUS PERSON, VEHICLE, OR INCIDENT",DISTURBANCE - OTHER,K2
2026-07-26 20:37:45,3,DISTURBANCE - DV - NO ASLT,DISTURBANCE - OTHER,U3
2026-07-26 20:37:45,3,DISTURBANCE - DV - NO ASLT,DISTURBANCE - OTHER,U3
2026-07-26 20:36:22,4,NOISE - GENERAL,ASSIST PUBLIC - OTHER (NON-SPECIFIED),F1
2026-07-26 20:15:28,2,SHOTS HEARD - DELAY,DISTURBANCE - OTHER,B2
2026-07-26 20:08:54,2,DISTURBANCE,DISTURBANCE - OTHER,B3
2026-07-26 20:04:08,2,DISTURBANCE - DV - NO ASLT,"DV - ARGUMENTS, DISTURBANCE (NO ARREST)",U2
2026-07-26 20:04:08,2,DISTURBANCE - DV - NO ASLT,"DV - ARGUMENTS, DISTURBANCE (NO ARREST)",U2
2026-07-26 20:04:08,2,DISTURBANCE - DV - NO ASLT,"DV - ARGUMENTS, DISTURBANCE (NO ARREST)",U2
2026-07-26 20:04:08,2,DISTURBANCE - DV - NO ASLT,"DV - ARGUMENTS, DISTURBANCE (NO ARREST)",U2
2026-07-26 19:54:53,2,THREATS (INCLS IN-PERSON/BY PHONE/IN WRITING),DISTURBANCE - OTHER,J1
2026-07-26 19:54:53,2,THREATS (INCLS IN-PERSON/BY PHONE/IN WRITING),DISTURBANCE - OTHER,J1
2026-07-26 19:48:48,1,SHOTS HEARD - IN PROGRESS,DISTURBANCE - NOISE RESIDENTIAL,L2
2026-07-26 19:48:48,1,SHOTS HEARD - IN PROGRESS,DISTURBANCE - NOISE RESIDENTIAL,L2
2026-07-26 19:48:48,1,SHOTS HEARD - IN PROGRESS,DISTURBANCE - NOISE RESIDENTIAL,L2
2026-07-26 19:48:12,4,NOISE - GENERAL,DISTURBANCE - NOISE,J1
2026-07-26 19:25:51,2,"ANIMAL - INJURED, DEAD HAZARD, OTHER",DISTURBANCE - OTHER,L3
2026-07-26 19:22:28,2,FIGHT - PHYSICAL (NO WEAPONS),DISTURBANCE - OTHER,L1
2026-07-26 19:22:28,2,FIGHT - PHYSICAL (NO WEAPONS),DISTURBANCE - OTHER,L1
2026-07-26 19:22:28,2,FIGHT - PHYSICAL (NO WEAPONS),DISTURBANCE - OTHER,L1
2026-07-26 19:22:28,2,FIGHT - PHYSICAL (NO WEAPONS),DISTURBANCE - OTHER,L1
2026-07-26 19:13:18,4,FIREWORKS (NO HAZARD),DISTURBANCE - OTHER,F1
2026-07-26 19:08:31,4,NOISE - GENERAL,DISTURBANCE - NOISE,L2
2026-07-26 19:00:28,1,DISTURBANCE - DV CRITICAL,"DV - ARGUMENTS, DISTURBANCE (NO ARREST)",F3
2026-07-26 19:00:28,1,DISTURBANCE - DV CRITICAL,"DV - ARGUMENTS, DISTURBANCE (NO ARREST)",F3
2026-07-26 19:00:28,1,DISTURBANCE - DV CRITICAL,"DV - ARGUMENTS, DISTURBANCE (NO ARREST)",F3
2026-07-26 19:00:28,1,DISTURBANCE - DV CRITICAL,"DV - ARGUMENTS, DISTURBANCE (NO ARREST)",F3
2026-07-26 18:50:57,2,DISTURBANCE - DV - NO ASLT,DISTURBANCE - OTHER,C3
2026-07-26 18:45:27,2,SERVICE - WELFARE CHECK,"DV - ARGUMENTS, DISTURBANCE (NO ARREST)",N2
2026-07-26 18:45:27,2,SERVICE - WELFARE CHECK,"DV - ARGUMENTS, DISTURBANCE (NO ARREST)",N2
2026-07-26 18:45:27,2,SERVICE - WELFARE CHECK,"DV - ARGUMENTS, DISTURBANCE (NO ARREST)",N2
2026-07-26 18:45:27,2,SERVICE - WELFARE CHECK,"DV - ARGUMENTS, DISTURBANCE (NO ARREST)",N2
2026-07-26 18:42:01,4,NOISE - GENERAL,DISTURBANCE - NOISE,W2
2026-07-26 18:41:30,4,NOISE - GENERAL,DISTURBANCE - NOISE,N3
2026-07-26 18:40:18,2,DISTURBANCE,DISTURBANCE - OTHER,D2
2026-07-26 18:16:09,1,UNKNOWN - ANI/ALI - LANDLINE (INCLUDES OPEN LINE),DISTURBANCE - OTHER,Q3
2026-07-26 18:14:48,3,TRAFFIC - MOVING VIOLATION,DISTURBANCE - OTHER,D2
2026-07-26 18:12:31,3,"ANIMAL - INJURED, DEAD HAZARD, OTHER","ANIMAL COMPLAINT - NOISE,STRAY,BITE",Q3
2026-07-26 18:11:43,2,THREATS (INCLS IN-PERSON/BY PHONE/IN WRITING),DISTURBANCE - OTHER,O2
2026-07-26 18:11:43,2,THREATS (INCLS IN-PERSON/BY PHONE/IN WRITING),DISTURBANCE - OTHER,O2
2026-07-26 18:07:41,4,NOISE - GENERAL,DISTURBANCE - NOISE,K3
2026-07-26 17:58:03,3,NUISANCE,DISTURBANCE - OTHER,C3
2026-07-26 17:50:59,1,DISTURBANCE - DV CRITICAL,DV - DOMESTIC VIOL/ASLT (ARREST MANDATORY),E3
2026-07-26 17:50:59,1,DISTURBANCE - DV CRITICAL,DV - DOMESTIC VIOL/ASLT (ARREST MANDATORY),E3
2026-07-26 17:48:11,1,DISTURBANCE,DISTURBANCE - OTHER,G2
2026-07-26 17:48:11,1,DISTURBANCE,DISTURBANCE - OTHER,G2
2026-07-26 17:43:36,4,NOISE - GENERAL,DISTURBANCE - NOISE,R3
2026-07-26 17:43:36,4,NOISE - GENERAL,DISTURBANCE - NOISE,R3
2026-07-26 17:28:16,2,ORDER - VIOLATING DV COURT ORDER,DISTURBANCE - OTHER,G1
2026-07-26 17:28:16,2,ORDER - VIOLATING DV COURT ORDER,DISTURBANCE - OTHER,G1
2026-07-26 17:27:59,2,THREATS (INCLS IN-PERSON/BY PHONE/IN WRITING),DISTURBANCE - OTHER,J1
2026-07-26 17:27:59,2,THREATS (INCLS IN-PERSON/BY PHONE/IN WRITING),DISTURBANCE - OTHER,J1
2026-07-26 16:58:57,2,TRESPASS,DISTURBANCE - OTHER,E1
2026-07-26 16:49:10,2,DISTURBANCE,WARRANT SERVICES - FELONY,C3
2026-07-26 16:49:10,2,DISTURBANCE,WARRANT SERVICES - FELONY,C3
2026-07-26 16:49:10,2,DISTURBANCE,WARRANT SERVICES - FELONY,C3
2026-07-26 16:48:06,2,DISTURBANCE,DISTURBANCE - NOISE,S1
2026-07-26 16:48:06,2,DISTURBANCE,DISTURBANCE - NOISE,S1
2026-07-26 16:43:54,1,UNKNOWN - ANI/ALI - WRLS PHNS (INCL OPEN LINE),"DV - ARGUMENTS, DISTURBANCE (NO ARREST)",L2
2026-07-26 16:43:54,1,UNKNOWN - ANI/ALI - WRLS PHNS (INCL OPEN LINE),"DV - ARGUMENTS, DISTURBANCE (NO ARREST)",L2
2026-07-26 16:43:54,1,UNKNOWN - ANI/ALI - WRLS PHNS (INCL OPEN LINE),"DV - ARGUMENTS, DISTURBANCE (NO ARREST)",L2
2026-07-26 16:43:54,1,UNKNOWN - ANI/ALI - WRLS PHNS (INCL OPEN LINE),"DV - ARGUMENTS, DISTURBANCE (NO ARREST)",L2
2026-07-26 16:39:45,3,NUISANCE,DISTURBANCE - OTHER,C1
2026-07-26 16:39:45,3,NUISANCE,DISTURBANCE - OTHER,C1
2026-07-26 16:29:56,2,DISTURBANCE,DISTURBANCE - OTHER,R2
2026-07-26 16:29:56,2,DISTURBANCE,DISTURBANCE - OTHER,R2
2026-07-26 16:29:56,2,DISTURBANCE,DISTURBANCE - OTHER,R2
2026-07-26 16:29:07,3,DISTURBANCE,DISTURBANCE - OTHER,Q3
2026-07-26 16:28:30,4,NOISE - GENERAL,DISTURBANCE - NOISE,M1
2026-07-26 16:02:57,2,"WEAPN - GUN,DEADLY WPN (NO THRTS/ASLT/DIST)",DISTURBANCE - OTHER,R1
2026-07-26 16:02:57,2,"WEAPN - GUN,DEADLY WPN (NO THRTS/ASLT/DIST)",DISTURBANCE - OTHER,R1
2026-07-26 16:02:57,2,"WEAPN - GUN,DEADLY WPN (NO THRTS/ASLT/DIST)",DISTURBANCE - OTHER,R1
2026-07-26 15:58:06,3,DISTURBANCE,SUSPICIOUS CIRCUM. - SUSPICIOUS PERSON,C2
2026-07-26 15:58:06,3,DISTURBANCE,SUSPICIOUS CIRCUM. - SUSPICIOUS PERSON,C2
2026-07-26 15:47:46,3,"SUSPICIOUS PERSON, VEHICLE, OR INCIDENT",DISTURBANCE - OTHER,G1
2026-07-26 15:34:18,3,CUSTODIAL INTERFERENCE - DV,"DV - ARGUMENTS, DISTURBANCE (NO ARREST)",W3
2026-07-26 15:27:45,2,ANIMAL - DANGEROUS,DISTURBANCE - OTHER,E3
2026-07-26 15:25:04,4,NOISE - GENERAL,DISTURBANCE - NOISE,R3
2026-07-26 15:08:58,2,DISTURBANCE,DISTURBANCE - FIGHT,J2
2026-07-26 15:08:58,2,DISTURBANCE,DISTURBANCE - FIGHT,J2
2026-07-26 14:56:40,2,DISTURBANCE,DISTURBANCE - OTHER,J3
2026-07-26 14:56:40,2,DISTURBANCE,DISTURBANCE - OTHER,J3
2026-07-26 14:56:40,2,DISTURBANCE,DISTURBANCE - OTHER,J3
2026-07-26 14:56:40,2,DISTURBANCE,DISTURBANCE - OTHER,J3
2026-07-26 14:49:54,3,DISTURBANCE,DISTURBANCE - OTHER,E1
2026-07-26 14:32:16,2,THREATS (INCLS IN-PERSON/BY PHONE/IN WRITING),DISTURBANCE - OTHER,G1
2026-07-26 14:22:55,2,DISTURBANCE,ASSIST PUBLIC - OTHER (NON-SPECIFIED),J3
2026-07-26 14:22:55,2,DISTURBANCE,ASSIST PUBLIC - OTHER (NON-SPECIFIED),J3
2026-07-26 14:21:00,2,TRESPASS,DISTURBANCE - OTHER,R3
2026-07-26 14:21:00,2,TRESPASS,DISTURBANCE - OTHER,R3
2026-07-26 14:21:00,2,TRESPASS,DISTURBANCE - OTHER,R3
2026-07-26 14:21:00,2,TRESPASS,DISTURBANCE - OTHER,R3
2026-07-26 14:18:12,3,DISTURBANCE - DV - NO ASLT,ASSIST PUBLIC - OTHER (NON-SPECIFIED),S1
2026-07-26 14:14:18,2,"LEWD -  (EXPOSING, FLASHING)",DISTURBANCE - OTHER,S2
2026-07-26 14:14:18,2,"LEWD -  (EXPOSING, FLASHING)",DISTURBANCE - OTHER,S2
2026-07-26 14:02:58,1,DISTURBANCE - DV CRITICAL,DISTURBANCE - OTHER,R2
2026-07-26 14:02:58,1,DISTURBANCE - DV CRITICAL,DISTURBANCE - OTHER,R2
2026-07-26 14:02:58,1,DISTURBANCE - DV CRITICAL,DISTURBANCE - OTHER,R2
2026-07-26 14:02:58,1,DISTURBANCE - DV CRITICAL,DISTURBANCE - OTHER,R2
2026-07-26 13:47:10,3,DISTURBANCE,DISTURBANCE - OTHER,B2
2026-07-26 13:45:27,2,"SUSPICIOUS PERSON, VEHICLE, OR INCIDENT",DISTURBANCE - OTHER,L2
2026-07-26 13:39:59,1,ORDER - CRITICAL VIOLATION OF DV COURT ORDER,"DV - ARGUMENTS, DISTURBANCE (NO ARREST)",D3
2026-07-26 13:36:37,2,DISTURBANCE - DV - NO ASLT,DISTURBANCE - OTHER,U2
2026-07-26 13:32:05,3,DISTURBANCE,PROWLER - TRESPASS,U1
2026-07-26 13:29:01,2,DISTURBANCE,DISTURBANCE - OTHER,N3
2026-07-26 13:28:52,3,DISTURBANCE,DISTURBANCE - OTHER,G2
2026-07-26 12:50:48,3,HARAS - NO BIAS OR THREATS,DISTURBANCE - OTHER,E2
2026-07-26 12:44:34,2,DISTURBANCE - DV - NO ASLT,DISTURBANCE - DV - NO ASLT,S2
2026-07-26 12:44:34,2,DISTURBANCE - DV - NO ASLT,DISTURBANCE - DV - NO ASLT,S2
2026-07-26 12:36:03,4,LICENSE INSPECTIONS (CHECK FOR),DISTURBANCE - OTHER,M1
2026-07-26 12:28:59,2,DISTURBANCE,DISTURBANCE - OTHER,Q2
2026-07-26 12:23:27,2,ASLT - DV,DISTURBANCE - OTHER,G2
2026-07-26 12:11:44,3,DISTURBANCE,CRISIS COMPLAINT - GENERAL,Q3
2026-07-26 12:11:44,3,DISTURBANCE,CRISIS COMPLAINT - GENERAL,Q3
2026-07-26 12:11:44,3,DISTURBANCE,CRISIS COMPLAINT - GENERAL,Q3
2026-07-26 11:58:01,2,DISTURBANCE,DISTURBANCE - OTHER,D2
2026-07-26 11:54:26,2,DISTURBANCE - DV - NO ASLT,DISTURBANCE - OTHER,F3
2026-07-26 11:47:14,2,DISTURBANCE,ASSIST PUBLIC - OTHER (NON-SPECIFIED),U1
2026-07-26 11:38:00,4,NOISE - GENERAL,DISTURBANCE - NOISE,S1
2026-07-26 11:38:00,4,NOISE - GENERAL,DISTURBANCE - NOISE,S1
2026-07-26 11:32:20,1,DISTURBANCE - DV CRITICAL,DISTURBANCE - OTHER,D1
2026-07-26 11:30:57,2,DISTURBANCE,SUSPICIOUS CIRCUM. - SUSPICIOUS PERSON,Q3
2026-07-26 11:24:06,2,DISTURBANCE,"DV - ARGUMENTS, DISTURBANCE (NO ARREST)",R1
2026-07-26 11:24:06,2,DISTURBANCE,"DV - ARGUMENTS, DISTURBANCE (NO ARREST)",R1
2026-07-26 10:55:21,2,DISTURBANCE - DV - NO ASLT,"DV - ARGUMENTS, DISTURBANCE (NO ARREST)",L2
2026-07-26 10:55:21,2,DISTURBANCE - DV - NO ASLT,"DV - ARGUMENTS, DISTURBANCE (NO ARREST)",L2
2026-07-26 10:49:20,2,DISTURBANCE,DISTURBANCE - OTHER,J1
2026-07-26 10:48:39,4,NOISE - GENERAL,DISTURBANCE - NOISE,S1
2026-07-26 10:25:40,1,THREATS (INCLS IN-PERSON/BY PHONE/IN WRITING),DISTURBANCE - OTHER,U1
2026-07-26 10:25:40,1,THREATS (INCLS IN-PERSON/BY PHONE/IN WRITING),DISTURBANCE - OTHER,U1
2026-07-26 10:25:40,1,THREATS (INCLS IN-PERSON/BY PHONE/IN WRITING),DISTURBANCE - OTHER,U1
2026-07-26 10:07:17,2,DISTURBANCE,DISTURBANCE - OTHER,J3
2026-07-26 10:07:17,2,DISTURBANCE,DISTURBANCE - OTHER,J3
2026-07-26 09:57:06,3,CUSTODIAL INTERFERENCE - DV,"DV - ARGUMENTS, DISTURBANCE (NO ARREST)",W3
2026-07-26 09:45:44,2,DISTURBANCE - DV - NO ASLT,DISTURBANCE - OTHER,D3
2026-07-26 09:45:44,2,DISTURBANCE - DV - NO ASLT,DISTURBANCE - OTHER,D3
2026-07-26 09:45:24,5,TRU - ROAD RAGE,DISTURBANCE - OTHER,B3
2026-07-26 09:11:57,3,DISTURBANCE,DISTURBANCE - NOISE,K2
2026-07-26 09:08:06,2,DISTURBANCE - DV - NO ASLT,DV - DOMESTIC VIOL/ASLT (ARREST MANDATORY),N2
2026-07-26 09:08:06,2,DISTURBANCE - DV - NO ASLT,DV - DOMESTIC VIOL/ASLT (ARREST MANDATORY),N2
2026-07-26 09:08:06,2,DISTURBANCE - DV - NO ASLT,DV - DOMESTIC VIOL/ASLT (ARREST MANDATORY),N2
2026-07-26 09:07:13,4,NOISE - GENERAL,DISTURBANCE - NOISE,N3
2026-07-26 08:45:55,2,DISTURBANCE - DV - NO ASLT,PROWLER - TRESPASS,D3
2026-07-26 08:45:55,2,DISTURBANCE - DV - NO ASLT,PROWLER - TRESPASS,D3
2026-07-26 08:45:55,2,DISTURBANCE - DV - NO ASLT,PROWLER - TRESPASS,D3
2026-07-26 08:37:39,2,TRESPASS,DISTURBANCE - OTHER,J3
2026-07-26 08:12:44,1,DISTURBANCE - DV - NO ASLT,DV - DOMESTIC VIOL/ASLT (ARREST MANDATORY),K3
2026-07-26 08:12:44,1,DISTURBANCE - DV - NO ASLT,DV - DOMESTIC VIOL/ASLT (ARREST MANDATORY),K3
2026-07-26 08:12:44,1,DISTURBANCE - DV - NO ASLT,DV - DOMESTIC VIOL/ASLT (ARREST MANDATORY),K3
2026-07-26 08:12:44,1,DISTURBANCE - DV - NO ASLT,DV - DOMESTIC VIOL/ASLT (ARREST MANDATORY),K3
2026-07-26 08:12:44,1,DISTURBANCE - DV - NO ASLT,DV - DOMESTIC VIOL/ASLT (ARREST MANDATORY),K3
2026-07-26 08:12:44,1,DISTURBANCE - DV - NO ASLT,DV - DOMESTIC VIOL/ASLT (ARREST MANDATORY),K3
2026-07-26 08:12:44,1,DISTURBANCE - DV - NO ASLT,DV - DOMESTIC VIOL/ASLT (ARREST MANDATORY),K3
2026-07-26 08:12:44,1,DISTURBANCE - DV - NO ASLT,DV - DOMESTIC VIOL/ASLT (ARREST MANDATORY),K3
2026-07-26 08:12:44,1,DISTURBANCE - DV - NO ASLT,DV - DOMESTIC VIOL/ASLT (ARREST MANDATORY),K3
2026-07-26 08:10:06,2,TRESPASS,DISTURBANCE - OTHER,L2
2026-07-26 08:10:06,2,TRESPASS,DISTURBANCE - OTHER,L2
2026-07-26 08:10:06,2,TRESPASS,DISTURBANCE - OTHER,L2
2026-07-26 07:39:25,2,DISTURBANCE - DV - NO ASLT,"DV - ARGUMENTS, DISTURBANCE (NO ARREST)",N2
2026-07-26 07:39:25,2,DISTURBANCE - DV - NO ASLT,"DV - ARGUMENTS, DISTURBANCE (NO ARREST)",N2
2026-07-26 07:29:29,2,FIGHT - PHYSICAL (NO WEAPONS),DISTURBANCE - OTHER,S2
2026-07-26 07:29:29,2,FIGHT - PHYSICAL (NO WEAPONS),DISTURBANCE - OTHER,S2
2026-07-26 07:29:29,2,FIGHT - PHYSICAL (NO WEAPONS),DISTURBANCE - OTHER,S2
2026-07-26 07:29:29,2,FIGHT - PHYSICAL (NO WEAPONS),DISTURBANCE - OTHER,S2
2026-07-26 07:20:18,1,DISTURBANCE - DV CRITICAL,"DV - ARGUMENTS, DISTURBANCE (NO ARREST)",J2
2026-07-26 07:20:18,1,DISTURBANCE - DV CRITICAL,"DV - ARGUMENTS, DISTURBANCE (NO ARREST)",J2
2026-07-26 07:20:18,1,DISTURBANCE - DV CRITICAL,"DV - ARGUMENTS, DISTURBANCE (NO ARREST)",J2
2026-07-26 07:20:18,1,DISTURBANCE - DV CRITICAL,"DV - ARGUMENTS, DISTURBANCE (NO ARREST)",J2
2026-07-26 07:20:18,1,DISTURBANCE - DV CRITICAL,"DV - ARGUMENTS, DISTURBANCE (NO ARREST)",J2
2026-07-26 07:19:03,2,DISTURBANCE,DISTURBANCE,M3
2026-07-26 07:19:03,2,DISTURBANCE,DISTURBANCE,M3
2026-07-26 06:31:01,1,DISTURBANCE,"ASSAULTS, OTHER",Q2
2026-07-26 06:31:01,1,DISTURBANCE,"ASSAULTS, OTHER",Q2
2026-07-26 06:31:01,1,DISTURBANCE,"ASSAULTS, OTHER",Q2
2026-07-26 06:31:01,1,DISTURBANCE,"ASSAULTS, OTHER",Q2
2026-07-26 06:31:01,1,DISTURBANCE,"ASSAULTS, OTHER",Q2
2026-07-26 06:31:01,1,DISTURBANCE,"ASSAULTS, OTHER",Q2
2026-07-26 06:31:01,1,DISTURBANCE,"ASSAULTS, OTHER",Q2
2026-07-26 06:31:01,1,DISTURBANCE,"ASSAULTS, OTHER",Q2
2026-07-26 06:30:12,2,DISTURBANCE - DV - NO ASLT,DISTURBANCE - OTHER,C2
2026-07-26 06:30:12,2,DISTURBANCE - DV - NO ASLT,DISTURBANCE - OTHER,C2
2026-07-26 06:25:54,2,DISTURBANCE - DV - NO ASLT,DISTURBANCE - DV - NO ASLT,W1
2026-07-26 06:25:54,2,DISTURBANCE - DV - NO ASLT,DISTURBANCE - DV - NO ASLT,W1
2026-07-26 06:25:54,2,DISTURBANCE - DV - NO ASLT,DISTURBANCE - DV - NO ASLT,W1
2026-07-26 06:25:54,2,DISTURBANCE - DV - NO ASLT,DISTURBANCE - DV - NO ASLT,W1
2026-07-26 05:47:45,2,"SUSPICIOUS PERSON, VEHICLE, OR INCIDENT",DISTURBANCE - OTHER,K3
2026-07-26 05:47:45,2,"SUSPICIOUS PERSON, VEHICLE, OR INCIDENT",DISTURBANCE - OTHER,K3
2026-07-26 05:47:45,2,"SUSPICIOUS PERSON, VEHICLE, OR INCIDENT",DISTURBANCE - OTHER,K3
2026-07-26 05:40:43,1,DISTURBANCE - DV CRITICAL,DV - ENFORCE COURT ORDER (ARREST MANDATED),E1
2026-07-26 05:40:43,1,DISTURBANCE - DV CRITICAL,DV - ENFORCE COURT ORDER (ARREST MANDATED),E1
2026-07-26 05:40:43,1,DISTURBANCE - DV CRITICAL,DV - ENFORCE COURT ORDER (ARREST MANDATED),E1
2026-07-26 05:37:20,2,DISTURBANCE,DISTURBANCE - NOISE RESIDENTIAL,K3
2026-07-26 05:24:33,4,NOISE - GENERAL,DISTURBANCE - NOISE,W1
2026-07-26 05:24:33,4,NOISE - GENERAL,DISTURBANCE - NOISE,W1
2026-07-26 05:23:37,1,UNKNOWN - COMPLAINT OF UNKNOWN NATURE,DISTURBANCE - OTHER,F1
2026-07-26 05:23:37,1,UNKNOWN - COMPLAINT OF UNKNOWN NATURE,DISTURBANCE - OTHER,F1
2026-07-26 05:23:37,1,UNKNOWN - COMPLAINT OF UNKNOWN NATURE,DISTURBANCE - OTHER,F1
2026-07-26 05:23:37,1,UNKNOWN - COMPLAINT OF UNKNOWN NATURE,DISTURBANCE - OTHER,F1
2026-07-26 04:47:33,2,DISTURBANCE - DV - NO ASLT,"DV - ARGUMENTS, DISTURBANCE (NO ARREST)",L3
2026-07-26 04:45:38,1,SHOTS HEARD - IN PROGRESS,DISTURBANCE - NOISE,G2
2026-07-26 04:45:38,1,SHOTS HEARD - IN PROGRESS,DISTURBANCE - NOISE,G2
2026-07-26 04:45:38,1,SHOTS HEARD - IN PROGRESS,DISTURBANCE - NOISE,G2
2026-07-26 04:45:38,1,SHOTS HEARD - IN PROGRESS,DISTURBANCE - NOISE,G2
2026-07-26 04:44:27,1,UNKNOWN - ANI/ALI - WRLS PHNS (INCL OPEN LINE),"DV - ARGUMENTS, DISTURBANCE (NO ARREST)",S1
2026-07-26 04:44:27,1,UNKNOWN - ANI/ALI - WRLS PHNS (INCL OPEN LINE),"DV - ARGUMENTS, DISTURBANCE (NO ARREST)",S1
2026-07-26 04:44:27,1,UNKNOWN - ANI/ALI - WRLS PHNS (INCL OPEN LINE),"DV - ARGUMENTS, DISTURBANCE (NO ARREST)",S1
2026-07-26 04:41:06,2,DISTURBANCE,DISTURBANCE - OTHER,R3
2026-07-26 04:41:06,2,DISTURBANCE,DISTURBANCE - OTHER,R3
2026-07-26 04:08:41,4,NOISE - GENERAL,DISTURBANCE - NOISE,B2
2026-07-26 03:57:29,2,DISTURBANCE,DISTURBANCE - OTHER,G1
2026-07-26 03:52:26,1,SHOTS HEARD - IN PROGRESS,DISTURBANCE - NOISE,G3
2026-07-26 03:52:26,1,SHOTS HEARD - IN PROGRESS,DISTURBANCE - NOISE,G3
2026-07-26 03:52:26,1,SHOTS HEARD - IN PROGRESS,DISTURBANCE - NOISE,G3
2026-07-26 03:52:26,1,SHOTS HEARD - IN PROGRESS,DISTURBANCE - NOISE,G3
2026-07-26 03:42:13,2,DISTURBANCE,DISTURBANCE - OTHER,N2
2026-07-26 03:22:31,2,"SUSPICIOUS PERSON, VEHICLE, OR INCIDENT",DISTURBANCE - OTHER,U2
2026-07-26 03:22:31,2,"SUSPICIOUS PERSON, VEHICLE, OR INCIDENT",DISTURBANCE - OTHER,U2
2026-07-26 03:22:31,2,"SUSPICIOUS PERSON, VEHICLE, OR INCIDENT",DISTURBANCE - OTHER,U2
2026-07-26 03:15:49,4,NOISE - GENERAL,DISTURBANCE - NOISE,Q3
2026-07-26 03:11:33,1,SHOTS HEARD - IN PROGRESS,DISTURBANCE - NOISE,R3
2026-07-26 03:11:33,1,SHOTS HEARD - IN PROGRESS,DISTURBANCE - NOISE,R3
2026-07-26 03:11:26,2,SERVICE - WELFARE CHECK,DISTURBANCE - OTHER,E3
2026-07-26 03:09:57,2,DISTURBANCE,DISTURBANCE - OTHER,G3
2026-07-26 03:09:51,4,NOISE - GENERAL,DISTURBANCE - OTHER,E1
2026-07-26 02:59:23,4,NOISE - GENERAL,DISTURBANCE - NOISE,U1
2026-07-26 02:55:27,1,UNKNOWN - ANI/ALI - LANDLINE (INCLUDES OPEN LINE),DISTURBANCE - OTHER,N2
2026-07-26 02:51:00,4,NOISE - GENERAL,DISTURBANCE - NOISE,B3
2026-07-26 02:43:05,4,NOISE - GENERAL,DISTURBANCE - NOISE,G1
2026-07-26 02:40:00,1,UNKNOWN - COMPLAINT OF UNKNOWN NATURE,DISTURBANCE - OTHER,F1
2026-07-26 02:40:00,1,UNKNOWN - COMPLAINT OF UNKNOWN NATURE,DISTURBANCE - OTHER,F1
2026-07-26 02:32:12,3,NUISANCE,DISTURBANCE - OTHER,C2
2026-07-26 02:29:22,2,DISTURBANCE,DISTURBANCE - OTHER,W2
2026-07-26 02:26:31,2,DISTURBANCE,DISTURBANCE - OTHER,K3
2026-07-26 02:26:31,2,DISTURBANCE,DISTURBANCE - OTHER,K3
2026-07-26 02:23:46,1,SHOTS HEARD - IN PROGRESS,DISTURBANCE - NOISE,Q3
2026-07-26 02:23:46,1,SHOTS HEARD - IN PROGRESS,DISTURBANCE - NOISE,Q3
2026-07-26 02:21:41,2,DISTURBANCE,DISTURBANCE - OTHER,D1
2026-07-26 02:20:07,2,DISTURBANCE,DISTURBANCE - OTHER,W1
2026-07-26 02:20:07,2,DISTURBANCE,DISTURBANCE - OTHER,W1
2026-07-26 02:18:09,2,FIGHT - PHYSICAL (NO WEAPONS),DISTURBANCE - FIGHT,E3
2026-07-26 02:10:42,4,NOISE - GENERAL,DISTURBANCE - NOISE,D1
2026-07-26 02:10:36,2,ASLT - WITH OR W/O WPNS (NO SHOOTINGS),DISTURBANCE - OTHER,D2
2026-07-26 02:10:36,2,ASLT - WITH OR W/O WPNS (NO SHOOTINGS),DISTURBANCE - OTHER,D2
2026-07-26 02:10:36,2,ASLT - WITH OR W/O WPNS (NO SHOOTINGS),DISTURBANCE - OTHER,D2
2026-07-26 02:10:36,2,ASLT - WITH OR W/O WPNS (NO SHOOTINGS),DISTURBANCE - OTHER,D2
2026-07-26 02:10:36,2,ASLT - WITH OR W/O WPNS (NO SHOOTINGS),DISTURBANCE - OTHER,D2
2026-07-26 02:10:04,4,NOISE - GENERAL,DISTURBANCE - NOISE,R2
2026-07-26 02:05:18,4,FIREWORKS (NO HAZARD),DISTURBANCE - NOISE,C2
2026-07-26 02:00:29,1,UNKNOWN - COMPLAINT OF UNKNOWN NATURE,"DV - ARGUMENTS, DISTURBANCE (NO ARREST)",J3
2026-07-26 01:59:56,1,ASLT - DV CRITICAL,"DV - ARGUMENTS, DISTURBANCE (NO ARREST)",C1
2026-07-26 01:59:56,1,ASLT - DV CRITICAL,"DV - ARGUMENTS, DISTURBANCE (NO ARREST)",C1
2026-07-26 01:59:56,1,ASLT - DV CRITICAL,"DV - ARGUMENTS, DISTURBANCE (NO ARREST)",C1
2026-07-26 01:44:14,1,SHOTS HEARD - IN PROGRESS,DISTURBANCE - OTHER,C3
2026-07-26 01:33:45,4,NOISE - GENERAL,DISTURBANCE - NOISE RESIDENTIAL,S2
2026-07-26 01:28:51,1,SHOTS HEARD - IN PROGRESS,DISTURBANCE - OTHER,C3
2026-07-26 01:28:35,4,FIREWORKS (NO HAZARD),DISTURBANCE - NOISE RESIDENTIAL,S2
2026-07-26 01:22:46,4,NOISE - GENERAL,DISTURBANCE - NOISE,G1
2026-07-26 01:20:15,1,DISTURBANCE - DV CRITICAL,"ASSAULTS - HARASSMENT, THREATS",R3
2026-07-26 01:20:15,1,DISTURBANCE - DV CRITICAL,"ASSAULTS - HARASSMENT, THREATS",R3
2026-07-26 01:20:15,1,DISTURBANCE - DV CRITICAL,"ASSAULTS - HARASSMENT, THREATS",R3
2026-07-26 01:20:15,1,DISTURBANCE - DV CRITICAL,"ASSAULTS - HARASSMENT, THREATS",R3
2026-07-26 01:19:55,2,DISTURBANCE,SUSPICIOUS CIRCUM. - SUSPICIOUS PERSON,R2
2026-07-26 01:16:18,3,NUISANCE,DISTURBANCE - OTHER,B2
2026-07-26 01:14:49,4,FIREWORKS (NO HAZARD),DISTURBANCE - OTHER,S3
2026-07-26 01:09:13,4,FIREWORKS (NO HAZARD),DISTURBANCE - NOISE,N1
2026-07-26 01:07:05,1,SHOTS HEARD - IN PROGRESS,DISTURBANCE - NOISE,J1
2026-07-26 01:04:29,3,NUISANCE,DISTURBANCE - OTHER,N3
2026-07-26 00:58:54,3,DISTURBANCE,MISCHIEF OR NUISANCE - GENERAL,J1
2026-07-26 00:57:41,7,SUSPICIOUS STOP - OFFICER INITIATED ONVIEW,DISTURBANCE - OTHER,E2
2026-07-26 00:57:41,7,SUSPICIOUS STOP - OFFICER INITIATED ONVIEW,DISTURBANCE - OTHER,E2
2026-07-26 00:57:41,7,SUSPICIOUS STOP - OFFICER INITIATED ONVIEW,DISTURBANCE - OTHER,E2
2026-07-26 00:57:41,7,SUSPICIOUS STOP - OFFICER INITIATED ONVIEW,DISTURBANCE - OTHER,E2
2026-07-26 00:57:41,7,SUSPICIOUS STOP - OFFICER INITIATED ONVIEW,DISTURBANCE - OTHER,E2
2026-07-26 00:57:41,7,SUSPICIOUS STOP - OFFICER INITIATED ONVIEW,DISTURBANCE - OTHER,E2
2026-07-26 00:55:11,2,LIQUOR VIOLATIONS - MINOR,DISTURBANCE - OTHER,C2
2026-07-26 00:51:31,4,NOISE - GENERAL,DISTURBANCE - NOISE,U3
2026-07-26 00:47:44,1,DISTURBANCE - DV CRITICAL,"DV - ARGUMENTS, DISTURBANCE (NO ARREST)",M3
2026-07-26 00:47:44,1,DISTURBANCE - DV CRITICAL,"DV - ARGUMENTS, DISTURBANCE (NO ARREST)",M3
2026-07-26 00:47:26,1,SHOTS HEARD - IN PROGRESS,DISTURBANCE - OTHER,R1
2026-07-26 00:47:26,1,SHOTS HEARD - IN PROGRESS,DISTURBANCE - OTHER,R1
2026-07-26 00:43:55,3,DISTURBANCE,DISTURBANCE - OTHER,N2
2026-07-26 00:39:10,3,TRAFFIC - MOVING VIOLATION,DISTURBANCE - OTHER,K2
2026-07-26 00:39:10,3,TRAFFIC - MOVING VIOLATION,DISTURBANCE - OTHER,K2
2026-07-26 00:38:55,2,BURG - RESD (INCL UNOCC STRUCTURES ON PROP),DISTURBANCE - OTHER,F2
2026-07-26 00:38:55,2,BURG - RESD (INCL UNOCC STRUCTURES ON PROP),DISTURBANCE - OTHER,F2
2026-07-26 00:38:04,1,ASLT - CRITICAL (NO SHOOTINGS),DISTURBANCE - OTHER,D1
2026-07-26 00:37:09,2,ROBBERY (INCL STRONG ARM),DISTURBANCE - OTHER,D1
2026-07-26 00:34:25,2,SERVICE - WELFARE CHECK,DISTURBANCE - OTHER,F1
2026-07-26 00:34:25,2,SERVICE - WELFARE CHECK,DISTURBANCE - OTHER,F1
2026-07-26 00:34:24,3,DISTURBANCE,ASSIST PUBLIC - OTHER (NON-SPECIFIED),E2
2026-07-26 00:34:24,3,DISTURBANCE,ASSIST PUBLIC - OTHER (NON-SPECIFIED),E2
2026-07-26 00:33:45,4,NOISE - GENERAL,DISTURBANCE - OTHER,E1
2026-07-26 00:30:53,4,NOISE - GENERAL,DISTURBANCE - NOISE,B3
2026-07-26 00:29:02,4,NOISE - GENERAL,DISTURBANCE - NOISE RESIDENTIAL,Q2
2026-07-26 00:16:25,4,NOISE - GENERAL,DISTURBANCE - NOISE,R3
2026-07-26 00:16:25,4,NOISE - GENERAL,DISTURBANCE - NOISE,R3
2026-07-26 00:13:24,4,NOISE - GENERAL,DISTURBANCE - NOISE,R3
2026-07-26 00:09:31,4,NOISE - GENERAL,DISTURBANCE - NOISE,R1
2026-07-25 23:57:13,4,NOISE - GENERAL,DISTURBANCE - NOISE,U1
2026-07-25 23:55:38,1,DISTURBANCE,CRISIS COMPLAINT - GENERAL,J1
2026-07-25 23:55:38,1,DISTURBANCE,CRISIS COMPLAINT - GENERAL,J1
2026-07-25 23:49:43,2,HAZ - POTENTIAL THRT TO PHYS SAFETY,DISTURBANCE - OTHER,B1
2026-07-25 23:47:23,2,DISTURBANCE,DISTURBANCE - OTHER,Q2
2026-07-25 23:47:23,2,DISTURBANCE,DISTURBANCE - OTHER,Q2
2026-07-25 23:47:23,2,DISTURBANCE,DISTURBANCE - OTHER,Q2
2026-07-25 23:47:13,4,NOISE - GENERAL,DISTURBANCE - NOISE,L3
2026-07-25 23:46:48,3,DISTURBANCE,SUSPICIOUS CIRCUM. - SUSPICIOUS PERSON,U1
2026-07-25 23:46:40,4,NOISE - GENERAL,SUSPICIOUS CIRCUM. - SUSPICIOUS PERSON,W1
2026-07-25 23:33:30,2,ASLT - WITH OR W/O WPNS (NO SHOOTINGS),DISTURBANCE - OTHER,D1
2026-07-25 23:33:30,2,ASLT - WITH OR W/O WPNS (NO SHOOTINGS),DISTURBANCE - OTHER,D1
2026-07-25 23:24:47,2,DISTURBANCE,DISTURBANCE - OTHER,E2
2026-07-25 23:23:36,4,NOISE - GENERAL,DISTURBANCE - NOISE,J1
2026-07-25 23:21:35,4,NOISE - GENERAL,DISTURBANCE - NOISE,B2
2026-07-25 23:21:35,4,NOISE - GENERAL,DISTURBANCE - NOISE,B2
2026-07-25 23:19:57,4,NOISE - GENERAL,DISTURBANCE - NOISE RESIDENTIAL,Q2
2026-07-25 23:14:49,3,PERSON IN BEHAVIORAL/EMOTIONAL CRISIS,DISTURBANCE - OTHER,D3
2026-07-25 23:08:43,1,DISTURBANCE,DISTURBANCE - OTHER,U2
2026-07-25 23:08:43,1,DISTURBANCE,DISTURBANCE - OTHER,U2
2026-07-25 23:08:43,1,DISTURBANCE,DISTURBANCE - OTHER,U2
2026-07-25 23:08:33,2,THREATS - DV - NO ASSAULT,DISTURBANCE - OTHER,U3
2026-07-25 23:07:21,2,DISTURBANCE,DISTURBANCE - OTHER,C2
2026-07-25 23:05:48,2,DISTURBANCE,DISTURBANCE - OTHER,L1
2026-07-25 23:00:54,4,NOISE - GENERAL,DISTURBANCE - NOISE,D2
2026-07-25 23:00:48,1,SHOTS HEARD - IN PROGRESS,DISTURBANCE - NOISE RESIDENTIAL,S3
2026-07-25 23:00:48,1,SHOTS HEARD - IN PROGRESS,DISTURBANCE - NOISE RESIDENTIAL,S3
2026-07-25 22:57:19,4,NOISE - GENERAL,DISTURBANCE - NOISE,N1
2026-07-25 22:51:54,4,NOISE - GENERAL,DISTURBANCE - OTHER,E1
2026-07-25 22:51:38,2,ALARM - RESIDENTIAL - SILENT/AUD PANIC/DURESS,DISTURBANCE - OTHER,F2
2026-07-25 22:42:37,4,NOISE - GENERAL,DISTURBANCE - NOISE,E2
2026-07-25 22:36:34,4,NOISE - GENERAL,DISTURBANCE - NOISE,U1
2026-07-25 22:29:20,4,NOISE - GENERAL,DISTURBANCE - NOISE RESIDENTIAL,L3
2026-07-25 22:27:38,4,NOISE - GENERAL,DISTURBANCE - OTHER,C3
2026-07-25 22:23:54,4,NOISE - GENERAL,MISCHIEF OR NUISANCE - GENERAL,Q1
2026-07-25 22:20:20,4,NOISE - GENERAL,DISTURBANCE - NOISE,W3
2026-07-25 22:14:55,4,NOISE - GENERAL,DISTURBANCE - NOISE,N1
2026-07-25 22:12:50,1,DISTURBANCE - DV CRITICAL,"DV - ARGUMENTS, DISTURBANCE (NO ARREST)",K3
2026-07-25 22:12:50,1,DISTURBANCE - DV CRITICAL,"DV - ARGUMENTS, DISTURBANCE (NO ARREST)",K3
2026-07-25 22:10:19,2,"SUSPICIOUS PERSON, VEHICLE, OR INCIDENT",DISTURBANCE - OTHER,C3
2026-07-25 22:04:55,2,DISTURBANCE,DISTURBANCE - OTHER,R1
2026-07-25 22:04:55,2,DISTURBANCE,DISTURBANCE - OTHER,R1
2026-07-25 21:57:00,3,DISTURBANCE,"DV - ARGUMENTS, DISTURBANCE (NO ARREST)",B3
2026-07-25 21:57:00,3,DISTURBANCE,"DV - ARGUMENTS, DISTURBANCE (NO ARREST)",B3
2026-07-25 21:56:54,1,DISTURBANCE,DV - DOMESTIC VIOL/ASLT (ARREST MANDATORY),O3
2026-07-25 21:56:54,1,DISTURBANCE,DV - DOMESTIC VIOL/ASLT (ARREST MANDATORY),O3
2026-07-25 21:44:23,1,SHOTS HEARD - IN PROGRESS,DISTURBANCE - OTHER,G2
2026-07-25 21:44:23,1,SHOTS HEARD - IN PROGRESS,DISTURBANCE - OTHER,G2
2026-07-25 21:39:36,4,NOISE - GENERAL,DISTURBANCE - NOISE,W1
2026-07-25 21:39:10,1,DISTURBANCE,DISTURBANCE - FIGHT,K2
2026-07-25 21:32:55,2,DISTURBANCE,DISTURBANCE - OTHER,R2
2026-07-25 21:31:55,4,NOISE - ANIMAL (INCLUDES BARKING DOGS),DISTURBANCE - NOISE,F2
2026-07-25 21:31:45,3,NUISANCE,DISTURBANCE - OTHER,U2
2026-07-25 21:21:35,3,NUISANCE,DISTURBANCE - OTHER,U3
2026-07-25 21:20:36,1,SHOTS HEARD - IN PROGRESS,DISTURBANCE - NOISE,R3
2026-07-25 21:17:13,1,SHOTS HEARD - IN PROGRESS,DISTURBANCE - NOISE RESIDENTIAL,S2
2026-07-25 21:14:46,3,ASSIST PUBLIC - NO WELFARE CHK OR DV ORDER SERVICE,DISTURBANCE - OTHER,M1
2026-07-25 21:14:46,3,ASSIST PUBLIC - NO WELFARE CHK OR DV ORDER SERVICE,DISTURBANCE - OTHER,M1
2026-07-25 21:11:46,1,UNKNOWN - ANI/ALI - WRLS PHNS (INCL OPEN LINE),"DV - ARGUMENTS, DISTURBANCE (NO ARREST)",N2
2026-07-25 21:11:46,1,UNKNOWN - ANI/ALI - WRLS PHNS (INCL OPEN LINE),"DV - ARGUMENTS, DISTURBANCE (NO ARREST)",N2
2026-07-25 21:09:42,2,DISTURBANCE - DV - NO ASLT,DISTURBANCE - OTHER,Q3
2026-07-25 21:09:42,2,DISTURBANCE - DV - NO ASLT,DISTURBANCE - OTHER,Q3
2026-07-25 21:08:15,4,NOISE - ANIMAL (INCLUDES BARKING DOGS),"ANIMAL COMPLAINT - NOISE,STRAY,BITE",J2
2026-07-25 21:05:51,2,ASLT - WITH OR W/O WPNS (NO SHOOTINGS),DISTURBANCE - OTHER,M1
2026-07-25 21:05:51,2,ASLT - WITH OR W/O WPNS (NO SHOOTINGS),DISTURBANCE - OTHER,M1
2026-07-25 21:04:36,3,NUISANCE,DISTURBANCE - OTHER,D2
2026-07-25 21:02:31,1,DISTURBANCE - DV CRITICAL,"DV - ARGUMENTS, DISTURBANCE (NO ARREST)",M2
2026-07-25 21:02:31,1,DISTURBANCE - DV CRITICAL,"DV - ARGUMENTS, DISTURBANCE (NO ARREST)",M2
2026-07-25 21:02:31,1,DISTURBANCE - DV CRITICAL,"DV - ARGUMENTS, DISTURBANCE (NO ARREST)",M2
2026-07-25 21:01:47,2,DISTURBANCE,DISTURBANCE - OTHER,U3
2026-07-25 21:00:23,2,DISTURBANCE,DISTURBANCE - OTHER,R2
2026-07-25 21:00:23,2,DISTURBANCE,DISTURBANCE - OTHER,R2
2026-07-25 21:00:23,2,DISTURBANCE,DISTURBANCE - OTHER,R2
2026-07-25 21:00:23,2,DISTURBANCE,DISTURBANCE - OTHER,R2
2026-07-25 21:00:23,2,DISTURBANCE,DISTURBANCE - OTHER,R2
2026-07-25 20:50:30,2,ASLT - DV,"DV - ARGUMENTS, DISTURBANCE (NO ARREST)",N2
2026-07-25 20:48:11,2,"WEAPN - GUN,DEADLY WPN (NO THRTS/ASLT/DIST)",DISTURBANCE - OTHER,M1
2026-07-25 20:48:11,2,"WEAPN - GUN,DEADLY WPN (NO THRTS/ASLT/DIST)",DISTURBANCE - OTHER,M1
2026-07-25 20:45:28,2,"SUSPICIOUS PERSON, VEHICLE, OR INCIDENT",DISTURBANCE - OTHER,K3
2026-07-25 20:35:51,2,DISTURBANCE,DISTURBANCE - OTHER,W1
2026-07-25 20:28:33,2,DISTURBANCE,DISTURBANCE - OTHER,F1
2026-07-25 20:27:21,2,DISTURBANCE - DV - NO ASLT,"DV - ARGUMENTS, DISTURBANCE (NO ARREST)",G1
2026-07-25 20:27:21,2,DISTURBANCE - DV - NO ASLT,"DV - ARGUMENTS, DISTURBANCE (NO ARREST)",G1
2026-07-25 20:26:56,2,DISTURBANCE,DISTURBANCE - OTHER,G2
2026-07-25 20:26:20,1,DISTURBANCE,DV - DOMESTIC VIOLENCE (ARREST DISCRETIONARY),E1
2026-07-25 20:26:20,1,DISTURBANCE,DV - DOMESTIC VIOLENCE (ARREST DISCRETIONARY),E1
2026-07-25 20:26:20,1,DISTURBANCE,DV - DOMESTIC VIOLENCE (ARREST DISCRETIONARY),E1
2026-07-25 20:26:20,1,DISTURBANCE,DV - DOMESTIC VIOLENCE (ARREST DISCRETIONARY),E1
2026-07-25 20:26:20,1,DISTURBANCE,DV - DOMESTIC VIOLENCE (ARREST DISCRETIONARY),E1
2026-07-25 20:26:20,1,DISTURBANCE,DV - DOMESTIC VIOLENCE (ARREST DISCRETIONARY),E1
2026-07-25 20:26:20,1,DISTURBANCE,DV - DOMESTIC VIOLENCE (ARREST DISCRETIONARY),E1
2026-07-25 20:26:20,1,DISTURBANCE,DV - DOMESTIC VIOLENCE (ARREST DISCRETIONARY),E1
2026-07-25 20:22:13,4,NOISE - GENERAL,DISTURBANCE - NOISE,D1
2026-07-25 20:21:15,3,"NARCOTICS - VIOLATIONS (LOITER, USE, SELL, NARS)",DISTURBANCE - OTHER,E3
2026-07-25 20:20:06,2,DISTURBANCE,DISTURBANCE - NOISE,L2
2026-07-25 20:18:42,2,TRESPASS,DISTURBANCE - OTHER,J3
2026-07-25 20:13:59,3,DISTURBANCE - DV - NO ASLT,DISTURBANCE - DV - NO ASLT,E1
2026-07-25 20:11:18,1,ASLT - CRITICAL (NO SHOOTINGS),DISTURBANCE - FIGHT,K1
2026-07-25 20:11:18,1,ASLT - CRITICAL (NO SHOOTINGS),DISTURBANCE - FIGHT,K1
2026-07-25 20:11:18,1,ASLT - CRITICAL (NO SHOOTINGS),DISTURBANCE - FIGHT,K1
2026-07-25 20:11:18,1,ASLT - CRITICAL (NO SHOOTINGS),DISTURBANCE - FIGHT,K1
2026-07-25 20:08:35,7,SUSPICIOUS STOP - OFFICER INITIATED ONVIEW,"DV - ARGUMENTS, DISTURBANCE (NO ARREST)",E2
2026-07-25 20:08:35,7,SUSPICIOUS STOP - OFFICER INITIATED ONVIEW,"DV - ARGUMENTS, DISTURBANCE (NO ARREST)",E2
2026-07-25 20:08:35,7,SUSPICIOUS STOP - OFFICER INITIATED ONVIEW,"DV - ARGUMENTS, DISTURBANCE (NO ARREST)",E2
2026-07-25 20:08:35,7,SUSPICIOUS STOP - OFFICER INITIATED ONVIEW,"DV - ARGUMENTS, DISTURBANCE (NO ARREST)",E2
2026-07-25 20:08:35,7,SUSPICIOUS STOP - OFFICER INITIATED ONVIEW,"DV - ARGUMENTS, DISTURBANCE (NO ARREST)",E2
2026-07-25 20:08:35,7,SUSPICIOUS STOP - OFFICER INITIATED ONVIEW,"DV - ARGUMENTS, DISTURBANCE (NO ARREST)",E2
2026-07-25 20:07:58,2,DISTURBANCE,DISTURBANCE - OTHER,M3
2026-07-25 20:07:27,2,ASLT - WITH OR W/O WPNS (NO SHOOTINGS),DISTURBANCE - FIGHT,K3
2026-07-25 20:07:27,2,ASLT - WITH OR W/O WPNS (NO SHOOTINGS),DISTURBANCE - FIGHT,K3
2026-07-25 20:07:27,2,ASLT - WITH OR W/O WPNS (NO SHOOTINGS),DISTURBANCE - FIGHT,K3
2026-07-25 20:06:01,3,FOLLOW UP,DISTURBANCE - OTHER,K1
2026-07-25 19:54:42,3,NUISANCE,DISTURBANCE - OTHER,N3
2026-07-25 19:45:53,4,NOISE - GENERAL,DISTURBANCE - NOISE,U1
2026-07-25 19:41:53,2,DISTURBANCE,DISTURBANCE - OTHER,C1
2026-07-25 19:41:53,2,DISTURBANCE,DISTURBANCE - OTHER,C1
2026-07-25 19:39:06,3,TRAFFIC - MOVING VIOLATION,DISTURBANCE - OTHER,D2
2026-07-25 19:38:45,2,DISTURBANCE,DISTURBANCE - OTHER,F3
2026-07-25 19:33:45,1,DISTURBANCE - DV CRITICAL,DISTURBANCE - OTHER,D2
2026-07-25 19:15:16,1,SHOTS HEARD - IN PROGRESS,DISTURBANCE - OTHER,K2
2026-07-25 19:15:16,1,SHOTS HEARD - IN PROGRESS,DISTURBANCE - OTHER,K2
2026-07-25 18:55:38,3,DISTURBANCE,DISTURBANCE - OTHER,Q3
2026-07-25 18:49:41,4,NOISE - GENERAL,DISTURBANCE - NOISE RESIDENTIAL,L1
2026-07-25 18:30:59,4,NOISE - GENERAL,MISCHIEF OR NUISANCE - GENERAL,N3
2026-07-25 18:28:47,1,DISTURBANCE,AUTOMOBILES - AUTO THEFT & RECOVERY,F1
2026-07-25 18:28:47,1,DISTURBANCE,AUTOMOBILES - AUTO THEFT & RECOVERY,F1
2026-07-25 18:27:08,2,ASLT - WITH OR W/O WPNS (NO SHOOTINGS),DISTURBANCE - OTHER,M3
2026-07-25 18:15:50,4,NOISE - GENERAL,DISTURBANCE - NOISE,J3
2026-07-25 18:13:33,2,DISTURBANCE,DISTURBANCE - OTHER,Q3
2026-07-25 18:00:22,2,DISTURBANCE,DISTURBANCE - OTHER,D3
2026-07-25 17:36:53,2,HARAS - NO BIAS OR THREATS,DISTURBANCE - OTHER,N3
2026-07-25 17:34:50,2,PERSON IN BEHAVIORAL/EMOTIONAL CRISIS,DISTURBANCE - OTHER,U1
2026-07-25 17:34:50,2,PERSON IN BEHAVIORAL/EMOTIONAL CRISIS,DISTURBANCE - OTHER,U1
2026-07-25 17:27:39,2,DISTURBANCE,PROWLER - TRESPASS,D3
2026-07-25 17:23:34,3,NUISANCE,DISTURBANCE - OTHER,U2
2026-07-25 17:18:19,2,"LEWD -  (EXPOSING, FLASHING)",DISTURBANCE - OTHER,U3
2026-07-25 17:15:27,2,DISTURBANCE,DISTURBANCE - OTHER,Q2
2026-07-25 17:09:15,2,DISTURBANCE,ASSIST PUBLIC - OTHER (NON-SPECIFIED),F2
2026-07-25 17:09:15,2,DISTURBANCE,ASSIST PUBLIC - OTHER (NON-SPECIFIED),F2
2026-07-25 16:59:30,2,DISTURBANCE,DISTURBANCE - OTHER,B1
2026-07-25 16:53:54,2,ASLT - DV,"DV - ARGUMENTS, DISTURBANCE (NO ARREST)",S3
2026-07-25 16:53:54,2,ASLT - DV,"DV - ARGUMENTS, DISTURBANCE (NO ARREST)",S3
2026-07-25 16:42:46,2,DISTURBANCE,DISTURBANCE - OTHER,E3
2026-07-25 16:42:46,2,DISTURBANCE,DISTURBANCE - OTHER,E3
2026-07-25 16:42:02,3,DISTURBANCE,DISTURBANCE - OTHER,E3
2026-07-25 16:31:05,3,DISTURBANCE,DISTURBANCE - OTHER,G3
2026-07-25 16:05:02,2,"HARBOR - WATER DEBRIS, NAVIGATIONAL HAZARDS",DISTURBANCE - OTHER,B3
2026-07-25 16:04:20,3,DISTURBANCE - DV - NO ASLT,"DV - ARGUMENTS, DISTURBANCE (NO ARREST)",L2
2026-07-25 15:57:00,2,DISTURBANCE,DISTURBANCE - OTHER,B2
2026-07-25 15:44:40,2,THREATS (INCLS IN-PERSON/BY PHONE/IN WRITING),DISTURBANCE - OTHER,D1
2026-07-25 15:44:27,2,DISTURBANCE - DV - NO ASLT,ASSIST PUBLIC - OTHER (NON-SPECIFIED),U3
2026-07-25 15:44:27,2,DISTURBANCE - DV - NO ASLT,ASSIST PUBLIC - OTHER (NON-SPECIFIED),U3
2026-07-25 15:36:37,3,ASLT - WITH OR W/O WPNS (NO SHOOTINGS),DISTURBANCE - OTHER,W1
2026-07-25 15:17:03,2,FIGHT - PHYSICAL (NO WEAPONS),DISTURBANCE - OTHER,Q3
2026-07-25 15:17:03,2,FIGHT - PHYSICAL (NO WEAPONS),DISTURBANCE - OTHER,Q3
2026-07-25 15:17:03,2,FIGHT - PHYSICAL (NO WEAPONS),DISTURBANCE - OTHER,Q3
2026-07-25 15:16:27,3,DISTURBANCE,DISTURBANCE - OTHER,B2
2026-07-25 15:11:52,2,FIGHT - PHYSICAL (NO WEAPONS),DISTURBANCE - FIGHT,K3
2026-07-25 15:09:19,3,THEFT (DOES NOT INCLUDE SHOPLIFT OR SVCS),DISTURBANCE - OTHER,G1
2026-07-25 15:05:12,3,NUISANCE,DISTURBANCE - OTHER,U2
2026-07-25 14:55:01,2,DISTURBANCE,"ASSAULTS, OTHER",B1
2026-07-25 14:55:01,2,DISTURBANCE,"ASSAULTS, OTHER",B1
2026-07-25 14:55:01,2,DISTURBANCE,"ASSAULTS, OTHER",B1
2026-07-25 14:31:27,4,NOISE - GENERAL,DISTURBANCE - NOISE RESIDENTIAL,S3
2026-07-25 14:25:13,2,TRAFFIC - ROAD RAGE,DISTURBANCE - OTHER,O3
2026-07-25 14:24:48,2,AUTO THEFT - VEH THEFT OR THEFT AND RECOVERY,DISTURBANCE,S3
2026-07-25 14:24:48,2,AUTO THEFT - VEH THEFT OR THEFT AND RECOVERY,DISTURBANCE,S3
2026-07-25 14:24:48,2,AUTO THEFT - VEH THEFT OR THEFT AND RECOVERY,DISTURBANCE,S3
2026-07-25 14:13:45,2,DISTURBANCE,ASSIST PUBLIC - OTHER (NON-SPECIFIED),W2
2026-07-25 12:57:05,3,DISTURBANCE,DISTURBANCE - OTHER,B3
2026-07-25 12:54:38,2,DISTURBANCE - DV - NO ASLT,DV - DOMESTIC VIOLENCE (ARREST DISCRETIONARY),U3
2026-07-25 12:54:38,2,DISTURBANCE - DV - NO ASLT,DV - DOMESTIC VIOLENCE (ARREST DISCRETIONARY),U3
2026-07-25 12:06:47,2,DISTURBANCE,DISTURBANCE - OTHER,W2
2026-07-25 12:06:47,2,DISTURBANCE,DISTURBANCE - OTHER,W2
2026-07-25 12:06:47,2,DISTURBANCE,DISTURBANCE - OTHER,W2
2026-07-25 12:06:47,2,DISTURBANCE,DISTURBANCE - OTHER,W2
2026-07-25 12:06:47,2,DISTURBANCE,DISTURBANCE - OTHER,W2
2026-07-25 12:06:47,2,DISTURBANCE,DISTURBANCE - OTHER,W2
2026-07-25 12:06:47,2,DISTURBANCE,DISTURBANCE - OTHER,W2
2026-07-25 12:06:47,2,DISTURBANCE,DISTURBANCE - OTHER,W2
2026-07-25 12:03:01,2,DISTURBANCE - DV - NO ASLT,TRESPASS,G2
2026-07-25 11:58:47,3,ORDER  - SERVICE OF DV COURT ORDER,DISTURBANCE - OTHER,G1
2026-07-25 11:50:12,1,MISSING - CHILD,DISTURBANCE - OTHER,L2
2026-07-25 11:50:12,1,MISSING - CHILD,DISTURBANCE - OTHER,L2
2026-07-25 11:50:12,1,MISSING - CHILD,DISTURBANCE - OTHER,L2
2026-07-25 11:50:12,1,MISSING - CHILD,DISTURBANCE - OTHER,L2
2026-07-25 11:50:12,1,MISSING - CHILD,DISTURBANCE - OTHER,L2
2026-07-25 11:50:12,1,MISSING - CHILD,DISTURBANCE - OTHER,L2
2026-07-25 11:50:12,1,MISSING - CHILD,DISTURBANCE - OTHER,L2
2026-07-25 11:22:33,2,DISTURBANCE,CRISIS COMPLAINT - GENERAL,B1
2026-07-25 11:22:33,2,DISTURBANCE,CRISIS COMPLAINT - GENERAL,B1
2026-07-25 11:20:14,2,DISTURBANCE,SUSPICIOUS CIRCUM. - SUSPICIOUS PERSON,N2
2026-07-25 11:20:14,2,DISTURBANCE,SUSPICIOUS CIRCUM. - SUSPICIOUS PERSON,N2
2026-07-25 11:20:14,2,DISTURBANCE,SUSPICIOUS CIRCUM. - SUSPICIOUS PERSON,N2
2026-07-25 11:10:45,2,"SUSPICIOUS PERSON, VEHICLE, OR INCIDENT",DISTURBANCE - OTHER,K3
2026-07-25 11:05:05,2,DISTURBANCE,DISTURBANCE - OTHER,M1
2026-07-25 10:56:47,2,THREATS (INCLS IN-PERSON/BY PHONE/IN WRITING),DISTURBANCE - OTHER,J2
2026-07-25 10:55:43,4,NOISE - GENERAL,DISTURBANCE - NOISE,M1
2026-07-25 10:55:28,1,UNKNOWN - ANI/ALI - WRLS PHNS (INCL OPEN LINE),"DV - ARGUMENTS, DISTURBANCE (NO ARREST)",Q3
2026-07-25 10:55:28,1,UNKNOWN - ANI/ALI - WRLS PHNS (INCL OPEN LINE),"DV - ARGUMENTS, DISTURBANCE (NO ARREST)",Q3
2026-07-25 10:50:06,2,DISTURBANCE,DISTURBANCE - OTHER,K3
2026-07-25 10:50:06,2,DISTURBANCE,DISTURBANCE - OTHER,K3
2026-07-25 10:43:27,2,DISTURBANCE - DV - NO ASLT,AUTOMOBILES - AUTO THEFT & RECOVERY,B2
2026-07-25 10:39:55,3,NUISANCE,DISTURBANCE - OTHER,J1
2026-07-25 10:30:24,3,DISTURBANCE,DISTURBANCE - OTHER,B3
2026-07-25 10:30:24,3,DISTURBANCE,DISTURBANCE - OTHER,B3
2026-07-25 10:30:24,3,DISTURBANCE,DISTURBANCE - OTHER,B3
2026-07-25 10:30:24,3,DISTURBANCE,DISTURBANCE - OTHER,B3
2026-07-25 10:29:42,2,SEX IN PUBLIC PLACE (INCL MASTURBATION),DISTURBANCE - OTHER,C2
2026-07-25 10:29:42,2,SEX IN PUBLIC PLACE (INCL MASTURBATION),DISTURBANCE - OTHER,C2
2026-07-25 10:29:42,2,SEX IN PUBLIC PLACE (INCL MASTURBATION),DISTURBANCE - OTHER,C2
2026-07-25 10:14:21,3,FRAUD,"DV - ARGUMENTS, DISTURBANCE (NO ARREST)",J1
2026-07-25 10:01:22,2,DISTURBANCE,DISTURBANCE - OTHER,L1
2026-07-25 10:01:22,2,DISTURBANCE,DISTURBANCE - OTHER,L1
2026-07-25 10:01:04,5,TRU - DISTURBANCE,SUSPICIOUS CIRCUM. - SUSPICIOUS PERSON,D1
2026-07-25 09:50:27,3,THREATS (INCLS IN-PERSON/BY PHONE/IN WRITING),DISTURBANCE - OTHER,W3
2026-07-25 08:46:58,2,DISTURBANCE - DV - NO ASLT,"DV - ARGUMENTS, DISTURBANCE (NO ARREST)",N1
2026-07-25 08:46:58,2,DISTURBANCE - DV - NO ASLT,"DV - ARGUMENTS, DISTURBANCE (NO ARREST)",N1
2026-07-25 08:44:09,2,"ANIMAL - INJURED, DEAD HAZARD, OTHER",DISTURBANCE - OTHER,K2
2026-07-25 08:44:09,2,"ANIMAL - INJURED, DEAD HAZARD, OTHER",DISTURBANCE - OTHER,K2
2026-07-25 08:36:43,1,ASLT - DV CRITICAL,"DV - ARGUMENTS, DISTURBANCE (NO ARREST)",U3
2026-07-25 08:35:08,2,ASLT - WITH OR W/O WPNS (NO SHOOTINGS),DISTURBANCE - OTHER,E2
2026-07-25 08:34:53,1,THREATS (INCLS IN-PERSON/BY PHONE/IN WRITING),DISTURBANCE - OTHER,R2
2026-07-25 08:34:53,1,THREATS (INCLS IN-PERSON/BY PHONE/IN WRITING),DISTURBANCE - OTHER,R2
2026-07-25 08:34:53,1,THREATS (INCLS IN-PERSON/BY PHONE/IN WRITING),DISTURBANCE - OTHER,R2
2026-07-25 08:34:53,1,THREATS (INCLS IN-PERSON/BY PHONE/IN WRITING),DISTURBANCE - OTHER,R2
2026-07-25 08:34:53,1,THREATS (INCLS IN-PERSON/BY PHONE/IN WRITING),DISTURBANCE - OTHER,R2
2026-07-25 08:33:45,3,DISTURBANCE,DISTURBANCE - OTHER,S3
2026-07-25 08:32:39,2,DISTURBANCE,DISTURBANCE - OTHER,S3
2026-07-25 08:32:39,2,DISTURBANCE,DISTURBANCE - OTHER,S3
2026-07-25 08:29:10,2,ORDER - VIOLATING DV COURT ORDER,"DV - ARGUMENTS, DISTURBANCE (NO ARREST)",N2
2026-07-25 08:29:10,2,ORDER - VIOLATING DV COURT ORDER,"DV - ARGUMENTS, DISTURBANCE (NO ARREST)",N2
2026-07-25 08:23:56,4,NOISE - GENERAL,DISTURBANCE - NOISE,R2
2026-07-25 07:30:22,2,DISTURBANCE,PROWLER - TRESPASS,N2
2026-07-25 07:30:22,2,DISTURBANCE,PROWLER - TRESPASS,N2
2026-07-25 07:12:24,2,THREATS (INCLS IN-PERSON/BY PHONE/IN WRITING),DISTURBANCE - OTHER,C2
2026-07-25 07:12:24,2,THREATS (INCLS IN-PERSON/BY PHONE/IN WRITING),DISTURBANCE - OTHER,C2
2026-07-25 06:16:10,1,ASLT - CRITICAL (NO SHOOTINGS),DISTURBANCE - OTHER,R1
2026-07-25 06:16:10,1,ASLT - CRITICAL (NO SHOOTINGS),DISTURBANCE - OTHER,R1
2026-07-25 06:16:10,1,ASLT - CRITICAL (NO SHOOTINGS),DISTURBANCE - OTHER,R1
2026-07-25 06:16:10,1,ASLT - CRITICAL (NO SHOOTINGS),DISTURBANCE - OTHER,R1
2026-07-25 06:16:10,1,ASLT - CRITICAL (NO SHOOTINGS),DISTURBANCE - OTHER,R1
2026-07-25 06:16:10,1,ASLT - CRITICAL (NO SHOOTINGS),DISTURBANCE - OTHER,R1
2026-07-25 06:16:10,1,ASLT - CRITICAL (NO SHOOTINGS),DISTURBANCE - OTHER,R1
2026-07-25 06:16:10,1,ASLT - CRITICAL (NO SHOOTINGS),DISTURBANCE - OTHER,R1
2026-07-25 06:16:10,1,ASLT - CRITICAL (NO SHOOTINGS),DISTURBANCE - OTHER,R1
2026-07-25 06:14:59,3,DISTURBANCE,SUSPICIOUS CIRCUM. - SUSPICIOUS PERSON,C3
2026-07-25 06:00:24,2,DISTURBANCE - DV - NO ASLT,"DV - ARGUMENTS, DISTURBANCE (NO ARREST)",C2
2026-07-25 06:00:24,2,DISTURBANCE - DV - NO ASLT,"DV - ARGUMENTS, DISTURBANCE (NO ARREST)",C2
2026-07-25 06:00:24,2,DISTURBANCE - DV - NO ASLT,"DV - ARGUMENTS, DISTURBANCE (NO ARREST)",C2
2026-07-25 05:14:06,1,UNKNOWN - ANI/ALI - WRLS PHNS (INCL OPEN LINE),"DV - ARGUMENTS, DISTURBANCE (NO ARREST)",D2
2026-07-25 05:14:06,1,UNKNOWN - ANI/ALI - WRLS PHNS (INCL OPEN LINE),"DV - ARGUMENTS, DISTURBANCE (NO ARREST)",D2
2026-07-25 05:11:31,3,"SUSPICIOUS PERSON, VEHICLE, OR INCIDENT",DISTURBANCE - NOISE,W2
2026-07-25 04:40:36,4,NOISE - GENERAL,DISTURBANCE - NOISE,J3
2026-07-25 04:37:31,1,HAZ - CRITICAL,DISTURBANCE - OTHER,L2
2026-07-25 04:37:31,1,HAZ - CRITICAL,DISTURBANCE - OTHER,L2
2026-07-25 04:02:38,4,NOISE - GENERAL,DISTURBANCE - NOISE,G1
2026-07-25 03:45:20,4,NOISE - GENERAL,DISTURBANCE - NOISE,Q3
2026-07-25 03:44:34,2,DISTURBANCE,DISTURBANCE - OTHER,K3
2026-07-25 03:40:30,2,FIGHT - PHYSICAL (NO WEAPONS),DISTURBANCE - OTHER,E2
2026-07-25 03:40:30,2,FIGHT - PHYSICAL (NO WEAPONS),DISTURBANCE - OTHER,E2
2026-07-25 03:40:30,2,FIGHT - PHYSICAL (NO WEAPONS),DISTURBANCE - OTHER,E2
2026-07-25 03:40:30,2,FIGHT - PHYSICAL (NO WEAPONS),DISTURBANCE - OTHER,E2
2026-07-25 03:40:30,2,FIGHT - PHYSICAL (NO WEAPONS),DISTURBANCE - OTHER,E2
2026-07-25 03:35:30,2,DISTURBANCE - DV - NO ASLT,CRISIS COMPLAINT - GENERAL,N1
2026-07-25 03:35:30,2,DISTURBANCE - DV - NO ASLT,CRISIS COMPLAINT - GENERAL,N1
2026-07-25 03:35:30,2,DISTURBANCE - DV - NO ASLT,CRISIS COMPLAINT - GENERAL,N1
2026-07-25 03:26:01,2,DISTURBANCE,DISTURBANCE - OTHER,C1
2026-07-25 03:26:01,2,DISTURBANCE,DISTURBANCE - OTHER,C1
2026-07-25 02:54:40,2,DOWN - CHECK FOR DOWN PERSON,DISTURBANCE,E2
2026-07-25 02:54:40,2,DOWN - CHECK FOR DOWN PERSON,DISTURBANCE,E2
2026-07-25 02:54:40,2,DOWN - CHECK FOR DOWN PERSON,DISTURBANCE,E2
2026-07-25 02:54:40,2,DOWN - CHECK FOR DOWN PERSON,DISTURBANCE,E2
2026-07-25 02:52:45,3,DISTURBANCE,DISTURBANCE - OTHER,E1
2026-07-25 02:47:50,3,DISTURBANCE,DISTURBANCE - OTHER,E2
2026-07-25 02:47:50,3,DISTURBANCE,DISTURBANCE - OTHER,E2
2026-07-25 02:47:50,3,DISTURBANCE,DISTURBANCE - OTHER,E2
2026-07-25 02:47:50,3,DISTURBANCE,DISTURBANCE - OTHER,E2
2026-07-25 02:33:02,1,SHOTS HEARD - IN PROGRESS,DISTURBANCE - OTHER,F3
2026-07-25 02:33:02,1,SHOTS HEARD - IN PROGRESS,DISTURBANCE - OTHER,F3
2026-07-25 02:11:59,4,NOISE - GENERAL,DISTURBANCE - NOISE,U2
2026-07-25 02:02:18,3,DISTURBANCE,DISTURBANCE - OTHER,E2
2026-07-25 01:59:25,2,ASLT - WITH OR W/O WPNS (NO SHOOTINGS),DISTURBANCE - OTHER,D1
2026-07-25 01:58:05,1,DISTURBANCE - DV CRITICAL,"DV - ARGUMENTS, DISTURBANCE (NO ARREST)",R3
2026-07-25 01:47:59,4,NOISE - GENERAL,DISTURBANCE - NOISE RESIDENTIAL,B2
2026-07-25 01:44:48,1,DISTURBANCE - DV CRITICAL,DV - DOMESTIC VIOL/ASLT (ARREST MANDATORY),L1
2026-07-25 01:44:48,1,DISTURBANCE - DV CRITICAL,DV - DOMESTIC VIOL/ASLT (ARREST MANDATORY),L1
2026-07-25 01:44:48,1,DISTURBANCE - DV CRITICAL,DV - DOMESTIC VIOL/ASLT (ARREST MANDATORY),L1
2026-07-25 01:44:48,1,DISTURBANCE - DV CRITICAL,DV - DOMESTIC VIOL/ASLT (ARREST MANDATORY),L1
2026-07-25 01:43:49,1,DISTURBANCE,DISTURBANCE - NOISE RESIDENTIAL,E1
2026-07-25 01:43:49,1,DISTURBANCE,DISTURBANCE - NOISE RESIDENTIAL,E1
2026-07-25 01:42:46,1,SHOTS HEARD - IN PROGRESS,DISTURBANCE - NOISE RESIDENTIAL,S2
2026-07-25 01:42:46,1,SHOTS HEARD - IN PROGRESS,DISTURBANCE - NOISE RESIDENTIAL,S2
2026-07-25 01:42:46,1,SHOTS HEARD - IN PROGRESS,DISTURBANCE - NOISE RESIDENTIAL,S2
2026-07-25 01:42:46,1,SHOTS HEARD - IN PROGRESS,DISTURBANCE - NOISE RESIDENTIAL,S2
2026-07-25 01:39:42,4,NOISE - GENERAL,DISTURBANCE - NOISE,Q3
2026-07-25 01:37:48,1,SHOTS HEARD - IN PROGRESS,DISTURBANCE - OTHER,N3
2026-07-25 01:35:44,2,"SUSPICIOUS PERSON, VEHICLE, OR INCIDENT",DISTURBANCE - OTHER,Q2
2026-07-25 01:34:50,1,DISTURBANCE,DISTURBANCE - OTHER,E2
2026-07-25 01:34:50,1,DISTURBANCE,DISTURBANCE - OTHER,E2
2026-07-25 01:30:38,1,THREATS (INCLS IN-PERSON/BY PHONE/IN WRITING),DISTURBANCE - OTHER,O1
2026-07-25 01:30:38,1,THREATS (INCLS IN-PERSON/BY PHONE/IN WRITING),DISTURBANCE - OTHER,O1
2026-07-25 01:23:54,2,ORDER - VIOLATING DV COURT ORDER,DISTURBANCE - OTHER,L3
2026-07-25 01:23:43,3,DISTURBANCE,SUSPICIOUS CIRCUM. - SUSPICIOUS PERSON,C1
2026-07-25 01:19:55,2,DISTURBANCE,DISTURBANCE - OTHER,W1
2026-07-25 01:14:33,1,THREATS - DV - NO ASSAULT,DISTURBANCE - OTHER,R1
2026-07-25 01:05:22,2,TRESPASS,DISTURBANCE - OTHER,W1
2026-07-25 01:01:28,4,NOISE - GENERAL,DISTURBANCE - NOISE,Q3
2026-07-25 01:01:27,1,DISTURBANCE - DV CRITICAL,DISTURBANCE - DV CRITICAL,R2
2026-07-25 01:01:27,1,DISTURBANCE - DV CRITICAL,DISTURBANCE - DV CRITICAL,R2
2026-07-25 01:01:27,1,DISTURBANCE - DV CRITICAL,DISTURBANCE - DV CRITICAL,R2
2026-07-25 00:49:47,2,DISTURBANCE - DV - NO ASLT,ASSIST PUBLIC - OTHER (NON-SPECIFIED),U1
2026-07-25 00:45:03,4,NOISE - GENERAL,DISTURBANCE - NOISE,U1
2026-07-25 00:39:48,3,TRAFFIC - MOVING VIOLATION,DISTURBANCE - OTHER,F3
2026-07-25 00:31:10,3,DISTURBANCE,DISTURBANCE - OTHER,F3
2026-07-25 00:31:10,3,DISTURBANCE,DISTURBANCE - OTHER,F3
2026-07-25 00:29:00,2,DISTURBANCE,DISTURBANCE - OTHER,F2
2026-07-25 00:29:00,2,DISTURBANCE,DISTURBANCE - OTHER,F2
2026-07-25 00:25:08,2,DISTURBANCE,DISTURBANCE - OTHER,D2
2026-07-25 00:25:08,2,DISTURBANCE,DISTURBANCE - OTHER,D2
2026-07-25 00:25:08,2,DISTURBANCE,DISTURBANCE - OTHER,D2
2026-07-25 00:25:08,2,DISTURBANCE,DISTURBANCE - OTHER,D2
2026-07-25 00:25:08,2,DISTURBANCE,DISTURBANCE - OTHER,D2
2026-07-25 00:24:09,2,ASLT - WITH OR W/O WPNS (NO SHOOTINGS),DISTURBANCE - OTHER,C2
2026-07-25 00:15:54,1,UNKNOWN - COMPLAINT OF UNKNOWN NATURE,"DV - ARGUMENTS, DISTURBANCE (NO ARREST)",Q1
2026-07-25 00:15:54,1,UNKNOWN - COMPLAINT OF UNKNOWN NATURE,"DV - ARGUMENTS, DISTURBANCE (NO ARREST)",Q1
2026-07-25 00:15:54,1,UNKNOWN - COMPLAINT OF UNKNOWN NATURE,"DV - ARGUMENTS, DISTURBANCE (NO ARREST)",Q1
2026-07-25 00:10:28,3,HARAS - NO BIAS OR THREATS,DISTURBANCE - OTHER,U3
2026-07-25 00:00:00,1,SHOTS HEARD - IN PROGRESS,DISTURBANCE - OTHER,N3
2026-07-25 00:00:00,1,SHOTS HEARD - IN PROGRESS,DISTURBANCE - OTHER,N3
2026-07-25 00:00:00,1,SHOTS HEARD - IN PROGRESS,DISTURBANCE - OTHER,N3
2026-07-24 23:59:38,2,ORDER - VIOLATING DV COURT ORDER,DISTURBANCE - OTHER,E3
2026-07-24 23:55:46,4,NOISE - GENERAL,DISTURBANCE - OTHER,S1
2026-07-24 23:47:49,4,NOISE - GENERAL,DISTURBANCE - NOISE,M2
2026-07-24 23:47:11,4,NOISE - GENERAL,DISTURBANCE - NOISE,K2
2026-07-24 23:34:20,2,THREATS (INCLS IN-PERSON/BY PHONE/IN WRITING),DISTURBANCE - OTHER,W1
2026-07-24 23:31:59,4,NOISE - GENERAL,DISTURBANCE - NOISE,U1
2026-07-24 23:31:23,4,NOISE - GENERAL,DISTURBANCE - NOISE,K2
2026-07-24 23:29:07,3,DISTURBANCE,DISTURBANCE,R3
2026-07-24 23:19:21,1,DISTURBANCE,DISTURBANCE - OTHER,K3
2026-07-24 23:19:21,1,DISTURBANCE,DISTURBANCE - OTHER,K3
2026-07-24 23:19:21,1,DISTURBANCE,DISTURBANCE - OTHER,K3
2026-07-24 23:19:21,1,DISTURBANCE,DISTURBANCE - OTHER,K3
2026-07-24 23:19:21,1,DISTURBANCE,DISTURBANCE - OTHER,K3
2026-07-24 23:15:02,4,NOISE - GENERAL,DISTURBANCE - NOISE RESIDENTIAL,C2
2026-07-24 23:14:19,4,NOISE - GENERAL,DISTURBANCE - NOISE,U2
2026-07-24 23:04:24,4,FIREWORKS (NO HAZARD),DISTURBANCE - NOISE,W1
2026-07-24 23:01:08,4,NOISE - GENERAL,DISTURBANCE - NOISE,W1
2026-07-24 23:01:08,4,NOISE - GENERAL,DISTURBANCE - NOISE,W1
2026-07-24 22:57:38,2,DISTURBANCE,DISTURBANCE - OTHER,R3
2026-07-24 22:57:38,2,DISTURBANCE,DISTURBANCE - OTHER,R3
2026-07-24 22:55:23,1,ASLT - WITH OR W/O WPNS (NO SHOOTINGS),DISTURBANCE - OTHER,E2
2026-07-24 22:55:23,1,ASLT - WITH OR W/O WPNS (NO SHOOTINGS),DISTURBANCE - OTHER,E2
2026-07-24 22:55:23,1,ASLT - WITH OR W/O WPNS (NO SHOOTINGS),DISTURBANCE - OTHER,E2
2026-07-24 22:55:23,1,ASLT - WITH OR W/O WPNS (NO SHOOTINGS),DISTURBANCE - OTHER,E2
2026-07-24 22:55:23,1,ASLT - WITH OR W/O WPNS (NO SHOOTINGS),DISTURBANCE - OTHER,E2
2026-07-24 22:55:23,1,ASLT - WITH OR W/O WPNS (NO SHOOTINGS),DISTURBANCE - OTHER,E2
2026-07-24 22:55:23,1,ASLT - WITH OR W/O WPNS (NO SHOOTINGS),DISTURBANCE - OTHER,E2
2026-07-24 22:55:23,1,ASLT - WITH OR W/O WPNS (NO SHOOTINGS),DISTURBANCE - OTHER,E2
2026-07-24 22:55:23,1,ASLT - WITH OR W/O WPNS (NO SHOOTINGS),DISTURBANCE - OTHER,E2
2026-07-24 22:55:12,2,DISTURBANCE,DISTURBANCE - OTHER,U1
2026-07-24 22:55:12,2,DISTURBANCE,DISTURBANCE - OTHER,U1
2026-07-24 22:52:33,4,NOISE - GENERAL,DISTURBANCE - NOISE,N2
2026-07-24 22:52:03,3,DISTURBANCE,DISTURBANCE - OTHER,B3
2026-07-24 22:47:15,4,NOISE - GENERAL,DISTURBANCE - NOISE,K2
2026-07-24 22:44:50,2,ROBBERY (INCL STRONG ARM),DISTURBANCE - OTHER,G3
2026-07-24 22:44:50,2,ROBBERY (INCL STRONG ARM),DISTURBANCE - OTHER,G3
2026-07-24 22:42:46,2,DISTURBANCE,PREMISE CHECKS - CRIME PREVENTION,B2
2026-07-24 22:38:36,2,DISTURBANCE,CRISIS COMPLAINT - GENERAL,U1
2026-07-24 22:24:18,2,PROPERTY - DAMAGE,DISTURBANCE - OTHER,U2
2026-07-24 22:23:36,1,DISTURBANCE,SUSPICIOUS CIRCUM. - SUSPICIOUS PERSON,K3
2026-07-24 22:23:36,1,DISTURBANCE,SUSPICIOUS CIRCUM. - SUSPICIOUS PERSON,K3
2026-07-24 22:23:36,1,DISTURBANCE,SUSPICIOUS CIRCUM. - SUSPICIOUS PERSON,K3
2026-07-24 22:23:36,1,DISTURBANCE,SUSPICIOUS CIRCUM. - SUSPICIOUS PERSON,K3
2026-07-24 22:23:36,1,DISTURBANCE,SUSPICIOUS CIRCUM. - SUSPICIOUS PERSON,K3
2026-07-24 22:11:02,2,DISTURBANCE,"ASSAULTS, OTHER",Q1
2026-07-24 21:58:21,2,DISTURBANCE - DV - NO ASLT,CRISIS COMPLAINT - GENERAL,L1
2026-07-24 21:58:21,2,DISTURBANCE - DV - NO ASLT,CRISIS COMPLAINT - GENERAL,L1
2026-07-24 21:58:21,2,DISTURBANCE - DV - NO ASLT,CRISIS COMPLAINT - GENERAL,L1
2026-07-24 21:50:56,2,DISTURBANCE,DISTURBANCE - OTHER,D1
2026-07-24 21:46:28,2,HAZ - POTENTIAL THRT TO PHYS SAFETY,DISTURBANCE - OTHER,N2
2026-07-24 21:43:52,1,DISTURBANCE - DV - NO ASLT,"ASSAULTS, OTHER",C2
2026-07-24 21:43:52,1,DISTURBANCE - DV - NO ASLT,"ASSAULTS, OTHER",C2
2026-07-24 21:37:11,2,DISTURBANCE,DISTURBANCE - OTHER,D2
2026-07-24 21:28:15,2,TRAFFIC - BLOCKING ROADWAY,DISTURBANCE - OTHER,E2
2026-07-24 21:26:55,2,DISTURBANCE,DISTURBANCE - OTHER,S2
2026-07-24 21:26:55,2,DISTURBANCE,DISTURBANCE - OTHER,S2
2026-07-24 21:16:53,2,DISTURBANCE - DV - NO ASLT,DISTURBANCE - OTHER,C2
2026-07-24 21:16:53,2,DISTURBANCE - DV - NO ASLT,DISTURBANCE - OTHER,C2
2026-07-24 21:14:44,3,ASLT - WITH OR W/O WPNS (NO SHOOTINGS),DISTURBANCE - OTHER,E2
2026-07-24 21:14:20,2,DISTURBANCE,DISTURBANCE - OTHER,U1
2026-07-24 21:14:20,2,DISTURBANCE,DISTURBANCE - OTHER,U1
2026-07-24 21:10:55,4,NOISE - GENERAL,DISTURBANCE - NOISE,D3
2026-07-24 21:08:10,4,NOISE - GENERAL,TRAFFIC - COMMUNITY TRAFFIC COMPLAINT (CTC),S3
2026-07-24 21:04:16,1,DISTURBANCE,DISTURBANCE - FIGHT,E1
2026-07-24 21:04:16,1,DISTURBANCE,DISTURBANCE - FIGHT,E1
2026-07-24 20:57:58,3,SERVICE - WELFARE CHECK,DISTURBANCE - OTHER,R3
2026-07-24 20:57:58,3,SERVICE - WELFARE CHECK,DISTURBANCE - OTHER,R3
2026-07-24 20:53:31,1,THREATS (INCLS IN-PERSON/BY PHONE/IN WRITING),DISTURBANCE - OTHER,K2
2026-07-24 20:53:31,1,THREATS (INCLS IN-PERSON/BY PHONE/IN WRITING),DISTURBANCE - OTHER,K2
2026-07-24 20:53:31,1,THREATS (INCLS IN-PERSON/BY PHONE/IN WRITING),DISTURBANCE - OTHER,K2
2026-07-24 20:45:40,4,NOISE - GENERAL,DISTURBANCE - NOISE,M1
2026-07-24 20:29:42,2,DISTURBANCE,DISTURBANCE - NOISE,E1
2026-07-24 20:27:26,1,SHOTS HEARD - IN PROGRESS,DISTURBANCE - OTHER,F2
2026-07-24 20:27:26,1,SHOTS HEARD - IN PROGRESS,DISTURBANCE - OTHER,F2
2026-07-24 20:17:33,1,ANIMAL - DANGEROUS,"ANIMAL COMPLAINT - NOISE,STRAY,BITE",E3
2026-07-24 20:17:33,1,ANIMAL - DANGEROUS,"ANIMAL COMPLAINT - NOISE,STRAY,BITE",E3
2026-07-24 20:17:33,1,ANIMAL - DANGEROUS,"ANIMAL COMPLAINT - NOISE,STRAY,BITE",E3
2026-07-24 20:17:33,1,ANIMAL - DANGEROUS,"ANIMAL COMPLAINT - NOISE,STRAY,BITE",E3
2026-07-24 20:17:33,1,ANIMAL - DANGEROUS,"ANIMAL COMPLAINT - NOISE,STRAY,BITE",E3
2026-07-24 20:17:33,1,ANIMAL - DANGEROUS,"ANIMAL COMPLAINT - NOISE,STRAY,BITE",E3
2026-07-24 20:17:33,1,ANIMAL - DANGEROUS,"ANIMAL COMPLAINT - NOISE,STRAY,BITE",E3
2026-07-24 20:10:03,4,NOISE - GENERAL,DISTURBANCE - NOISE,W1
2026-07-24 20:04:29,2,DISTURBANCE,DISTURBANCE - OTHER,G1
2026-07-24 19:52:02,2,BURN - RECKLESS BURNING,DISTURBANCE - OTHER,M2
2026-07-24 19:52:02,2,BURN - RECKLESS BURNING,DISTURBANCE - OTHER,M2
2026-07-24 19:52:02,2,BURN - RECKLESS BURNING,DISTURBANCE - OTHER,M2
2026-07-24 19:25:10,1,DISTURBANCE - DV CRITICAL,DV - DOMESTIC VIOLENCE (ARREST DISCRETIONARY),S3
2026-07-24 19:25:10,1,DISTURBANCE - DV CRITICAL,DV - DOMESTIC VIOLENCE (ARREST DISCRETIONARY),S3
2026-07-24 19:25:10,1,DISTURBANCE - DV CRITICAL,DV - DOMESTIC VIOLENCE (ARREST DISCRETIONARY),S3
2026-07-24 19:25:10,1,DISTURBANCE - DV CRITICAL,DV - DOMESTIC VIOLENCE (ARREST DISCRETIONARY),S3
2026-07-24 19:08:11,4,NOISE - GENERAL,DISTURBANCE - NOISE,Q3
2026-07-24 19:04:16,2,DISTURBANCE,DISTURBANCE - OTHER,E3
2026-07-24 19:04:16,2,DISTURBANCE,DISTURBANCE - OTHER,E3
2026-07-24 19:03:24,1,DISTURBANCE - DV CRITICAL,DISTURBANCE - OTHER,R2
2026-07-24 19:03:24,1,DISTURBANCE - DV CRITICAL,DISTURBANCE - OTHER,R2
2026-07-24 19:03:24,1,DISTURBANCE - DV CRITICAL,DISTURBANCE - OTHER,R2
2026-07-24 19:03:24,1,DISTURBANCE - DV CRITICAL,DISTURBANCE - OTHER,R2
2026-07-24 19:03:24,1,DISTURBANCE - DV CRITICAL,DISTURBANCE - OTHER,R2
2026-07-24 18:59:34,1,DISTURBANCE - DV CRITICAL,"DV - ARGUMENTS, DISTURBANCE (NO ARREST)",L2
2026-07-24 18:59:34,1,DISTURBANCE - DV CRITICAL,"DV - ARGUMENTS, DISTURBANCE (NO ARREST)",L2
2026-07-24 18:59:34,1,DISTURBANCE - DV CRITICAL,"DV - ARGUMENTS, DISTURBANCE (NO ARREST)",L2
2026-07-24 18:59:34,1,DISTURBANCE - DV CRITICAL,"DV - ARGUMENTS, DISTURBANCE (NO ARREST)",L2
2026-07-24 18:59:34,1,DISTURBANCE - DV CRITICAL,"DV - ARGUMENTS, DISTURBANCE (NO ARREST)",L2
2026-07-24 18:59:34,1,DISTURBANCE - DV CRITICAL,"DV - ARGUMENTS, DISTURBANCE (NO ARREST)",L2
2026-07-24 18:59:34,1,DISTURBANCE - DV CRITICAL,"DV - ARGUMENTS, DISTURBANCE (NO ARREST)",L2
2026-07-24 18:59:34,1,DISTURBANCE - DV CRITICAL,"DV - ARGUMENTS, DISTURBANCE (NO ARREST)",L2
2026-07-24 18:59:34,1,DISTURBANCE - DV CRITICAL,"DV - ARGUMENTS, DISTURBANCE (NO ARREST)",L2
2026-07-24 18:59:34,1,DISTURBANCE - DV CRITICAL,"DV - ARGUMENTS, DISTURBANCE (NO ARREST)",L2
2026-07-24 18:59:34,1,DISTURBANCE - DV CRITICAL,"DV - ARGUMENTS, DISTURBANCE (NO ARREST)",L2
2026-07-24 18:59:34,1,DISTURBANCE - DV CRITICAL,"DV - ARGUMENTS, DISTURBANCE (NO ARREST)",L2
2026-07-24 18:18:48,2,DISTURBANCE,MISCHIEF OR NUISANCE - GENERAL,M2
2026-07-24 18:17:07,2,DISTURBANCE,CRISIS COMPLAINT - GENERAL,R3
2026-07-24 17:35:01,4,NOISE - GENERAL,DISTURBANCE - NOISE,S3
2026-07-24 17:30:02,3,NUISANCE,DISTURBANCE - OTHER,E1
2026-07-24 17:23:56,4,NOISE - GENERAL,DISTURBANCE - NOISE,Q3
2026-07-24 17:17:57,2,ASLT - WITH OR W/O WPNS (NO SHOOTINGS),DISTURBANCE - OTHER,M3
2026-07-24 17:17:01,3,NUISANCE,DISTURBANCE - OTHER,D2
2026-07-24 17:12:22,4,NOISE - GENERAL,DISTURBANCE - NOISE,Q3
2026-07-24 17:08:44,2,THREATS (INCLS IN-PERSON/BY PHONE/IN WRITING),DISTURBANCE - OTHER,B1
2026-07-24 17:08:44,2,THREATS (INCLS IN-PERSON/BY PHONE/IN WRITING),DISTURBANCE - OTHER,B1
2026-07-24 17:08:44,2,THREATS (INCLS IN-PERSON/BY PHONE/IN WRITING),DISTURBANCE - OTHER,B1
2026-07-24 16:45:34,1,UNKNOWN - ANI/ALI - WRLS PHNS (INCL OPEN LINE),DISTURBANCE - OTHER,R2
2026-07-24 16:45:34,1,UNKNOWN - ANI/ALI - WRLS PHNS (INCL OPEN LINE),DISTURBANCE - OTHER,R2
2026-07-24 16:45:34,1,UNKNOWN - ANI/ALI - WRLS PHNS (INCL OPEN LINE),DISTURBANCE - OTHER,R2
2026-07-24 16:45:34,1,UNKNOWN - ANI/ALI - WRLS PHNS (INCL OPEN LINE),DISTURBANCE - OTHER,R2
2026-07-24 16:44:37,2,THREATS - DV - NO ASSAULT,"DV - ARGUMENTS, DISTURBANCE (NO ARREST)",R1
2026-07-24 16:44:37,2,THREATS - DV - NO ASSAULT,"DV - ARGUMENTS, DISTURBANCE (NO ARREST)",R1
2026-07-24 16:44:37,2,THREATS - DV - NO ASSAULT,"DV - ARGUMENTS, DISTURBANCE (NO ARREST)",R1
2026-07-24 16:43:51,2,PERSON IN BEHAVIORAL/EMOTIONAL CRISIS,DISTURBANCE - OTHER,E3
2026-07-24 16:19:21,2,DISTURBANCE,PROWLER - TRESPASS,D2
2026-07-24 16:14:18,2,DISTURBANCE,DISTURBANCE - OTHER,M2
2026-07-24 16:10:59,2,DISTURBANCE - DV - NO ASLT,"DV - ARGUMENTS, DISTURBANCE (NO ARREST)",N2
2026-07-24 16:02:45,2,DISTURBANCE - DV - NO ASLT,"DV - ARGUMENTS, DISTURBANCE (NO ARREST)",B1
2026-07-24 16:02:45,2,DISTURBANCE - DV - NO ASLT,"DV - ARGUMENTS, DISTURBANCE (NO ARREST)",B1
2026-07-24 15:53:50,1,DISTURBANCE - DV CRITICAL,"DV - ARGUMENTS, DISTURBANCE (NO ARREST)",S2
2026-07-24 15:53:50,1,DISTURBANCE - DV CRITICAL,"DV - ARGUMENTS, DISTURBANCE (NO ARREST)",S2
2026-07-24 15:34:22,3,ASLT - WITH OR W/O WPNS (NO SHOOTINGS),"DV - ARGUMENTS, DISTURBANCE (NO ARREST)",L3
2026-07-24 15:34:22,3,ASLT - WITH OR W/O WPNS (NO SHOOTINGS),"DV - ARGUMENTS, DISTURBANCE (NO ARREST)",L3
2026-07-24 15:34:22,3,ASLT - WITH OR W/O WPNS (NO SHOOTINGS),"DV - ARGUMENTS, DISTURBANCE (NO ARREST)",L3
2026-07-24 15:29:54,3,ORDER  - SERVICE OF DV COURT ORDER,"DV - ARGUMENTS, DISTURBANCE (NO ARREST)",S3
2026-07-24 15:14:16,2,DISTURBANCE,DISTURBANCE - OTHER,D1
2026-07-24 15:14:16,2,DISTURBANCE,DISTURBANCE - OTHER,D1
2026-07-24 15:14:16,2,DISTURBANCE,DISTURBANCE - OTHER,D1
2026-07-24 15:14:02,3,FOLLOW UP,"DV - ARGUMENTS, DISTURBANCE (NO ARREST)",F1
2026-07-24 15:03:23,3,NUISANCE,DISTURBANCE - OTHER,D2
2026-07-24 14:56:27,2,DISTURBANCE,DISTURBANCE - OTHER,O2
2026-07-24 14:56:27,2,DISTURBANCE,DISTURBANCE - OTHER,O2
2026-07-24 14:56:27,2,DISTURBANCE,DISTURBANCE - OTHER,O2
2026-07-24 14:56:27,2,DISTURBANCE,DISTURBANCE - OTHER,O2
2026-07-24 14:48:38,1,SHOTS HEARD - IN PROGRESS,DISTURBANCE - NOISE RESIDENTIAL,J1
2026-07-24 14:48:38,1,SHOTS HEARD - IN PROGRESS,DISTURBANCE - NOISE RESIDENTIAL,J1
2026-07-24 14:48:38,1,SHOTS HEARD - IN PROGRESS,DISTURBANCE - NOISE RESIDENTIAL,J1
2026-07-24 14:33:31,5,TRU - HARASSMENT,DISTURBANCE - OTHER,Q1
2026-07-24 14:18:59,2,DISTURBANCE,DISTURBANCE - OTHER,O2
2026-07-24 14:18:59,2,DISTURBANCE,DISTURBANCE - OTHER,O2
2026-07-24 14:11:27,2,ASLT - WITH OR W/O WPNS (NO SHOOTINGS),DISTURBANCE - OTHER,L3
2026-07-24 14:04:14,2,TRESPASS,DISTURBANCE - OTHER,U2
2026-07-24 14:00:27,2,DISTURBANCE,DISTURBANCE - OTHER,B3
2026-07-24 14:00:27,2,DISTURBANCE,DISTURBANCE - OTHER,B3
2026-07-24 13:52:19,2,DISTURBANCE,DISTURBANCE - OTHER,K2
2026-07-24 13:45:24,3,DISTURBANCE,DISTURBANCE - OTHER,K3
2026-07-24 13:19:48,3,"ANIMAL - INJURED, DEAD HAZARD, OTHER",DISTURBANCE - OTHER,Q3
2026-07-24 13:14:05,1,DISTURBANCE - DV CRITICAL,DISTURBANCE - OTHER,Q3
2026-07-24 13:14:05,1,DISTURBANCE - DV CRITICAL,DISTURBANCE - OTHER,Q3
2026-07-24 13:14:05,1,DISTURBANCE - DV CRITICAL,DISTURBANCE - OTHER,Q3
2026-07-24 13:14:05,1,DISTURBANCE - DV CRITICAL,DISTURBANCE - OTHER,Q3
2026-07-24 13:12:50,2,TRESPASS,DISTURBANCE - OTHER,L2
2026-07-24 13:07:44,2,ASLT - WITH OR W/O WPNS (NO SHOOTINGS),DISTURBANCE - OTHER,Q3
2026-07-24 13:07:44,2,ASLT - WITH OR W/O WPNS (NO SHOOTINGS),DISTURBANCE - OTHER,Q3
2026-07-24 13:07:44,2,ASLT - WITH OR W/O WPNS (NO SHOOTINGS),DISTURBANCE - OTHER,Q3
2026-07-24 13:04:00,2,DISTURBANCE - DV - NO ASLT,"DV - ARGUMENTS, DISTURBANCE (NO ARREST)",B3
2026-07-24 13:04:00,2,DISTURBANCE - DV - NO ASLT,"DV - ARGUMENTS, DISTURBANCE (NO ARREST)",B3
2026-07-24 13:04:00,2,DISTURBANCE - DV - NO ASLT,"DV - ARGUMENTS, DISTURBANCE (NO ARREST)",B3
2026-07-24 12:59:31,2,DISTURBANCE,DISTURBANCE - OTHER,C3
2026-07-24 12:44:28,3,HARAS - NO BIAS OR THREATS,DISTURBANCE - OTHER,Q2
2026-07-24 12:44:28,3,HARAS - NO BIAS OR THREATS,DISTURBANCE - OTHER,Q2
2026-07-24 12:38:17,1,UNKNOWN - ANI/ALI - LANDLINE (INCLUDES OPEN LINE),DISTURBANCE - OTHER,N2
2026-07-24 12:38:17,1,UNKNOWN - ANI/ALI - LANDLINE (INCLUDES OPEN LINE),DISTURBANCE - OTHER,N2
2026-07-24 12:38:17,1,UNKNOWN - ANI/ALI - LANDLINE (INCLUDES OPEN LINE),DISTURBANCE - OTHER,N2
2026-07-24 12:30:20,2,DISTURBANCE,DISTURBANCE - OTHER,L1
2026-07-24 12:29:10,3,ANIMAL - DANGEROUS,"ANIMAL COMPLAINT - NOISE,STRAY,BITE",Q3
2026-07-24 12:21:07,2,DISTURBANCE,DISTURBANCE - OTHER,G2
2026-07-24 12:21:07,2,DISTURBANCE,DISTURBANCE - OTHER,G2
2026-07-24 12:14:50,3,"ANIMAL - INJURED, DEAD HAZARD, OTHER","ANIMAL COMPLAINT - NOISE,STRAY,BITE",N1
2026-07-24 12:06:06,2,ASLT - DV,DISTURBANCE - OTHER,L1
2026-07-24 12:06:06,2,ASLT - DV,DISTURBANCE - OTHER,L1
2026-07-24 12:06:06,2,ASLT - DV,DISTURBANCE - OTHER,L1
2026-07-24 12:06:06,2,ASLT - DV,DISTURBANCE - OTHER,L1
2026-07-24 11:48:33,2,HAZ - POTENTIAL THRT TO PHYS SAFETY,DISTURBANCE - OTHER,W2
2026-07-24 11:48:33,2,HAZ - POTENTIAL THRT TO PHYS SAFETY,DISTURBANCE - OTHER,W2
2026-07-24 11:48:33,2,HAZ - POTENTIAL THRT TO PHYS SAFETY,DISTURBANCE - OTHER,W2
2026-07-24 11:48:19,3,DISTURBANCE - DV - NO ASLT,ASSIST PUBLIC - OTHER (NON-SPECIFIED),W3
2026-07-24 11:48:19,3,DISTURBANCE - DV - NO ASLT,ASSIST PUBLIC - OTHER (NON-SPECIFIED),W3
2026-07-24 11:47:30,2,DISTURBANCE - DV - NO ASLT,DISTURBANCE - OTHER,D1
2026-07-24 11:47:30,2,DISTURBANCE - DV - NO ASLT,DISTURBANCE - OTHER,D1
2026-07-24 11:47:30,2,DISTURBANCE - DV - NO ASLT,DISTURBANCE - OTHER,D1
2026-07-24 11:14:25,1,ASLT - DV CRITICAL,DISTURBANCE - OTHER,K3
2026-07-24 11:14:25,1,ASLT - DV CRITICAL,DISTURBANCE - OTHER,K3
2026-07-24 11:12:43,3,FOLLOW UP,"DV - ARGUMENTS, DISTURBANCE (NO ARREST)",S1
2026-07-24 11:12:43,3,FOLLOW UP,"DV - ARGUMENTS, DISTURBANCE (NO ARREST)",S1
2026-07-24 11:12:43,3,FOLLOW UP,"DV - ARGUMENTS, DISTURBANCE (NO ARREST)",S1
2026-07-24 11:12:43,3,FOLLOW UP,"DV - ARGUMENTS, DISTURBANCE (NO ARREST)",S1
2026-07-24 10:57:46,3,HARAS - NO BIAS OR THREATS,"DV - ARGUMENTS, DISTURBANCE (NO ARREST)",D2
2026-07-24 10:48:25,2,DISTURBANCE,SUSPICIOUS CIRCUM. - SUSPICIOUS PERSON,D3
2026-07-24 10:48:25,2,DISTURBANCE,SUSPICIOUS CIRCUM. - SUSPICIOUS PERSON,D3
2026-07-24 10:48:25,2,DISTURBANCE,SUSPICIOUS CIRCUM. - SUSPICIOUS PERSON,D3
2026-07-24 10:48:25,2,DISTURBANCE,SUSPICIOUS CIRCUM. - SUSPICIOUS PERSON,D3
2026-07-24 10:48:25,2,DISTURBANCE,SUSPICIOUS CIRCUM. - SUSPICIOUS PERSON,D3
2026-07-24 10:45:00,2,DISTURBANCE,DISTURBANCE - OTHER,F2
2026-07-24 10:45:00,2,DISTURBANCE,DISTURBANCE - OTHER,F2
2026-07-24 10:37:33,1,DISTURBANCE - DV CRITICAL,DISTURBANCE - OTHER,F1
2026-07-24 10:37:33,1,DISTURBANCE - DV CRITICAL,DISTURBANCE - OTHER,F1
2026-07-24 10:37:33,1,DISTURBANCE - DV CRITICAL,DISTURBANCE - OTHER,F1
2026-07-24 10:37:33,1,DISTURBANCE - DV CRITICAL,DISTURBANCE - OTHER,F1
2026-07-24 10:37:33,1,DISTURBANCE - DV CRITICAL,DISTURBANCE - OTHER,F1
2026-07-24 10:34:24,2,ORDER - VIOLATING DV COURT ORDER,"DV - ARGUMENTS, DISTURBANCE (NO ARREST)",L1
2026-07-24 10:25:16,2,THREATS (INCLS IN-PERSON/BY PHONE/IN WRITING),DISTURBANCE - OTHER,M1
2026-07-24 10:22:56,3,DISTURBANCE,DISTURBANCE - OTHER,D3
2026-07-24 10:19:39,2,DISTURBANCE,SUSPICIOUS CIRCUM. - SUSPICIOUS PERSON,R3
2026-07-24 10:19:39,2,DISTURBANCE,SUSPICIOUS CIRCUM. - SUSPICIOUS PERSON,R3
2026-07-24 10:19:39,2,DISTURBANCE,SUSPICIOUS CIRCUM. - SUSPICIOUS PERSON,R3
2026-07-24 10:11:56,2,DISTURBANCE,DISTURBANCE - OTHER,W3
2026-07-24 10:11:56,2,DISTURBANCE,DISTURBANCE - OTHER,W3
2026-07-24 10:08:07,2,THREATS (INCLS IN-PERSON/BY PHONE/IN WRITING),DISTURBANCE - OTHER,L1
2026-07-24 10:08:07,2,THREATS (INCLS IN-PERSON/BY PHONE/IN WRITING),DISTURBANCE - OTHER,L1
2026-07-24 10:05:11,3,DISTURBANCE,DISTURBANCE - OTHER,E3
2026-07-24 09:37:52,3,DEMONSTRATIONS,DISTURBANCE - OTHER,K2
2026-07-24 09:22:19,2,DISTURBANCE,DISTURBANCE - OTHER,U3
2026-07-24 09:22:19,2,DISTURBANCE,DISTURBANCE - OTHER,U3
2026-07-24 08:50:44,5,TRU - THREATS,DISTURBANCE - OTHER,U1
2026-07-24 08:50:00,2,HARAS - NO BIAS OR THREATS,DISTURBANCE - OTHER,Q3
2026-07-24 08:50:00,2,HARAS - NO BIAS OR THREATS,DISTURBANCE - OTHER,Q3
2026-07-24 08:35:34,2,DISTURBANCE,DISTURBANCE - OTHER,L1
2026-07-24 08:35:34,2,DISTURBANCE,DISTURBANCE - OTHER,L1
2026-07-24 08:35:34,2,DISTURBANCE,DISTURBANCE - OTHER,L1
2026-07-24 08:35:34,2,DISTURBANCE,DISTURBANCE - OTHER,L1
2026-07-24 08:34:47,1,SUICIDE - CRITICAL,"DV - ARGUMENTS, DISTURBANCE (NO ARREST)",D2
2026-07-24 08:34:47,1,SUICIDE - CRITICAL,"DV - ARGUMENTS, DISTURBANCE (NO ARREST)",D2
2026-07-24 08:34:47,1,SUICIDE - CRITICAL,"DV - ARGUMENTS, DISTURBANCE (NO ARREST)",D2
2026-07-24 08:24:36,2,"SUSPICIOUS PERSON, VEHICLE, OR INCIDENT",DISTURBANCE - OTHER,E2
2026-07-24 08:24:36,2,"SUSPICIOUS PERSON, VEHICLE, OR INCIDENT",DISTURBANCE - OTHER,E2
2026-07-24 08:18:14,2,DISTURBANCE,SUSPICIOUS CIRCUM. - SUSPICIOUS PERSON,C1
2026-07-24 08:18:14,2,DISTURBANCE,SUSPICIOUS CIRCUM. - SUSPICIOUS PERSON,C1
2026-07-24 08:18:14,2,DISTURBANCE,SUSPICIOUS CIRCUM. - SUSPICIOUS PERSON,C1
2026-07-24 07:25:02,3,NUISANCE,DISTURBANCE - NOISE,W2
2026-07-24 07:20:06,2,HAZ - POTENTIAL THRT TO PHYS SAFETY,DISTURBANCE - OTHER,F2
2026-07-24 07:20:06,2,HAZ - POTENTIAL THRT TO PHYS SAFETY,DISTURBANCE - OTHER,F2
2026-07-24 07:16:14,2,DISTURBANCE,SUSPICIOUS CIRCUM. - SUSPICIOUS PERSON,U2
2026-07-24 07:16:14,2,DISTURBANCE,SUSPICIOUS CIRCUM. - SUSPICIOUS PERSON,U2
2026-07-24 07:16:14,2,DISTURBANCE,SUSPICIOUS CIRCUM. - SUSPICIOUS PERSON,U2
2026-07-24 07:16:14,2,DISTURBANCE,SUSPICIOUS CIRCUM. - SUSPICIOUS PERSON,U2
2026-07-24 06:58:33,4,NOISE - GENERAL,DISTURBANCE - NOISE RESIDENTIAL,Q2
2026-07-24 06:58:33,4,NOISE - GENERAL,DISTURBANCE - NOISE RESIDENTIAL,Q2
2026-07-24 06:40:01,2,DISTURBANCE - DV - NO ASLT,DISTURBANCE - OTHER,F1
2026-07-24 06:40:01,2,DISTURBANCE - DV - NO ASLT,DISTURBANCE - OTHER,F1
2026-07-24 06:40:01,2,DISTURBANCE - DV - NO ASLT,DISTURBANCE - OTHER,F1
2026-07-24 06:15:58,2,HAZ - POTENTIAL THRT TO PHYS SAFETY,DISTURBANCE - OTHER,B1
2026-07-24 06:11:03,1,UNKNOWN - ANI/ALI - WRLS PHNS (INCL OPEN LINE),DISTURBANCE - OTHER,K1
2026-07-24 06:11:03,1,UNKNOWN - ANI/ALI - WRLS PHNS (INCL OPEN LINE),DISTURBANCE - OTHER,K1
2026-07-24 06:11:03,1,UNKNOWN - ANI/ALI - WRLS PHNS (INCL OPEN LINE),DISTURBANCE - OTHER,K1
2026-07-24 05:46:26,4,NOISE - GENERAL,CRISIS COMPLAINT - GENERAL,K2
2026-07-24 05:46:26,4,NOISE - GENERAL,CRISIS COMPLAINT - GENERAL,K2
2026-07-24 05:36:39,2,DISTURBANCE,"ASSAULTS - HARASSMENT, THREATS",M3
2026-07-24 05:36:39,2,DISTURBANCE,"ASSAULTS - HARASSMENT, THREATS",M3
2026-07-24 05:36:39,2,DISTURBANCE,"ASSAULTS - HARASSMENT, THREATS",M3
2026-07-24 05:36:39,2,DISTURBANCE,"ASSAULTS - HARASSMENT, THREATS",M3
2026-07-24 05:36:39,2,DISTURBANCE,"ASSAULTS - HARASSMENT, THREATS",M3
2026-07-24 05:11:27,2,DISTURBANCE,SUSPICIOUS CIRCUM. - SUSPICIOUS PERSON,F1
2026-07-24 05:11:27,2,DISTURBANCE,SUSPICIOUS CIRCUM. - SUSPICIOUS PERSON,F1
2026-07-24 05:08:23,4,NOISE - GENERAL,DISTURBANCE - NOISE RESIDENTIAL,R1
2026-07-24 05:08:23,4,NOISE - GENERAL,DISTURBANCE - NOISE RESIDENTIAL,R1
2026-07-24 05:03:24,4,NOISE - GENERAL,DISTURBANCE - OTHER,F2
2026-07-24 05:03:24,4,NOISE - GENERAL,DISTURBANCE - OTHER,F2
2026-07-24 05:01:08,3,SERVICE - WELFARE CHECK,DISTURBANCE - OTHER,O1
2026-07-24 05:01:08,3,SERVICE - WELFARE CHECK,DISTURBANCE - OTHER,O1
2026-07-24 03:49:14,1,DISTURBANCE - DV CRITICAL,ASSIST PUBLIC - OTHER (NON-SPECIFIED),D2
2026-07-24 03:49:14,1,DISTURBANCE - DV CRITICAL,ASSIST PUBLIC - OTHER (NON-SPECIFIED),D2
2026-07-24 03:37:03,2,DISTURBANCE,DISTURBANCE - NOISE RESIDENTIAL,L2
2026-07-24 03:37:03,2,DISTURBANCE,DISTURBANCE - NOISE RESIDENTIAL,L2
2026-07-24 03:37:03,2,DISTURBANCE,DISTURBANCE - NOISE RESIDENTIAL,L2
2026-07-24 03:14:00,2,"SUSPICIOUS PERSON, VEHICLE, OR INCIDENT",DISTURBANCE - OTHER,C1
2026-07-24 03:14:00,2,"SUSPICIOUS PERSON, VEHICLE, OR INCIDENT",DISTURBANCE - OTHER,C1
2026-07-24 03:06:24,4,NOISE - GENERAL,DISTURBANCE - NOISE,K3
2026-07-24 02:53:10,1,UNKNOWN - ANI/ALI - WRLS PHNS (INCL OPEN LINE),DISTURBANCE - OTHER,F1
2026-07-24 02:53:10,1,UNKNOWN - ANI/ALI - WRLS PHNS (INCL OPEN LINE),DISTURBANCE - OTHER,F1
2026-07-24 02:53:10,1,UNKNOWN - ANI/ALI - WRLS PHNS (INCL OPEN LINE),DISTURBANCE - OTHER,F1
2026-07-24 02:28:05,3,"ANIMAL - INJURED, DEAD HAZARD, OTHER",DISTURBANCE - NOISE RESIDENTIAL,B2
2026-07-24 02:24:49,4,NOISE - GENERAL,DISTURBANCE - NOISE RESIDENTIAL,G1
2026-07-24 02:23:10,2,DISTURBANCE,DISTURBANCE - OTHER,B1
2026-07-24 02:23:10,2,DISTURBANCE,DISTURBANCE - OTHER,B1
2026-07-24 02:14:54,3,DISTURBANCE,DISTURBANCE - OTHER,N3
2026-07-24 02:14:54,3,DISTURBANCE,DISTURBANCE - OTHER,N3
2026-07-24 02:14:54,3,DISTURBANCE,DISTURBANCE - OTHER,N3
2026-07-24 02:14:54,3,DISTURBANCE,DISTURBANCE - OTHER,N3
2026-07-24 02:14:54,3,DISTURBANCE,DISTURBANCE - OTHER,N3
2026-07-24 02:14:54,3,DISTURBANCE,DISTURBANCE - OTHER,N3
2026-07-24 02:14:54,3,DISTURBANCE,DISTURBANCE - OTHER,N3
2026-07-24 02:06:47,4,NOISE - GENERAL,DISTURBANCE - NOISE,U2
2026-07-24 02:03:42,1,SHOTS HEARD - IN PROGRESS,DISTURBANCE - NOISE,N3
2026-07-24 02:03:42,1,SHOTS HEARD - IN PROGRESS,DISTURBANCE - NOISE,N3
2026-07-24 02:03:42,1,SHOTS HEARD - IN PROGRESS,DISTURBANCE - NOISE,N3
2026-07-24 02:03:42,1,SHOTS HEARD - IN PROGRESS,DISTURBANCE - NOISE,N3
2026-07-24 02:03:42,1,SHOTS HEARD - IN PROGRESS,DISTURBANCE - NOISE,N3
2026-07-24 02:00:04,2,DISTURBANCE,DISTURBANCE - NOISE,E3
2026-07-24 01:58:49,4,NOISE - GENERAL,DISTURBANCE - NOISE RESIDENTIAL,E3
2026-07-24 01:44:28,4,NOISE - GENERAL,DISTURBANCE - NOISE,E2
2026-07-24 01:40:56,3,TRAFFIC - MOVING VIOLATION,DISTURBANCE - NOISE,Q3
2026-07-24 01:31:51,4,NOISE - GENERAL,DISTURBANCE - NOISE,S1
2026-07-24 01:00:36,2,"SUSPICIOUS PERSON, VEHICLE, OR INCIDENT",DISTURBANCE - OTHER,C1
2026-07-24 00:57:55,1,SHOTS HEARD - IN PROGRESS,DISTURBANCE - NOISE,N1
2026-07-24 00:57:55,1,SHOTS HEARD - IN PROGRESS,DISTURBANCE - NOISE,N1
2026-07-24 00:54:15,1,UNKNOWN - COMPLAINT OF UNKNOWN NATURE,DISTURBANCE - OTHER,S3
2026-07-24 00:54:15,1,UNKNOWN - COMPLAINT OF UNKNOWN NATURE,DISTURBANCE - OTHER,S3
2026-07-24 00:48:19,2,DISTURBANCE,ASSIST PUBLIC - OTHER (NON-SPECIFIED),G3
2026-07-24 00:37:07,2,DISTURBANCE - DV - NO ASLT,CRISIS COMPLAINT - GENERAL,E3
2026-07-24 00:37:07,2,DISTURBANCE - DV - NO ASLT,CRISIS COMPLAINT - GENERAL,E3
2026-07-24 00:36:17,3,DISTURBANCE,DISTURBANCE - OTHER,N2
2026-07-24 00:30:10,4,NOISE - GENERAL,DISTURBANCE - NOISE,R1
2026-07-24 00:12:49,4,NOISE - GENERAL,DISTURBANCE - NOISE,B2
2026-07-24 00:07:39,1,UNKNOWN - COMPLAINT OF UNKNOWN NATURE,DISTURBANCE - OTHER,U2
2026-07-24 00:07:39,1,UNKNOWN - COMPLAINT OF UNKNOWN NATURE,DISTURBANCE - OTHER,U2
2026-07-24 00:06:19,4,NOISE - GENERAL,DISTURBANCE - NOISE,U1
2026-07-23 23:59:34,3,NOISE - GENERAL,DISTURBANCE - NOISE,U1
2026-07-23 23:47:01,4,NOISE - GENERAL,DISTURBANCE - NOISE RESIDENTIAL,B1
2026-07-23 23:30:51,4,NOISE - GENERAL,DISTURBANCE - NOISE,F3
2026-07-23 23:29:54,3,DISTURBANCE,DISTURBANCE - OTHER,G2
2026-07-23 23:29:54,3,DISTURBANCE,DISTURBANCE - OTHER,G2
2026-07-23 23:29:54,3,DISTURBANCE,DISTURBANCE - OTHER,G2
2026-07-23 23:26:27,2,DISTURBANCE,"ASSAULTS - HARASSMENT, THREATS",M3
2026-07-23 23:24:07,3,DISTURBANCE,DISTURBANCE - OTHER,E2
2026-07-23 23:22:42,1,ASLT - PERSON SHOT OR SHOT AT,DISTURBANCE - OTHER,F3
2026-07-23 23:07:56,1,ASLT - CRITICAL (NO SHOOTINGS),DISTURBANCE - OTHER,O1
2026-07-23 23:07:56,1,ASLT - CRITICAL (NO SHOOTINGS),DISTURBANCE - OTHER,O1
2026-07-23 23:02:31,2,HAZ - POTENTIAL THRT TO PHYS SAFETY,DISTURBANCE - OTHER,W2
2026-07-23 23:02:31,2,HAZ - POTENTIAL THRT TO PHYS SAFETY,DISTURBANCE - OTHER,W2
2026-07-23 23:01:55,2,DISTURBANCE,DISTURBANCE - NOISE,B1
2026-07-23 23:01:55,2,DISTURBANCE,DISTURBANCE - NOISE,B1
2026-07-23 23:01:21,4,NOISE - GENERAL,DISTURBANCE - NOISE,U1
2026-07-23 22:59:37,2,SERVICE - WELFARE CHECK,DISTURBANCE - OTHER,K3
2026-07-23 22:56:58,4,NOISE - GENERAL,DISTURBANCE - NOISE RESIDENTIAL,B2
2026-07-23 22:56:29,4,NOISE - GENERAL,DISTURBANCE - NOISE RESIDENTIAL,B2
2026-07-23 22:45:00,4,NOISE - ANIMAL (INCLUDES BARKING DOGS),DISTURBANCE - NOISE,F3
2026-07-23 22:45:00,4,NOISE - ANIMAL (INCLUDES BARKING DOGS),DISTURBANCE - NOISE,F3
2026-07-23 22:42:46,2,DISTURBANCE - DV - NO ASLT,"DV - ARGUMENTS, DISTURBANCE (NO ARREST)",U3
2026-07-23 22:42:46,2,DISTURBANCE - DV - NO ASLT,"DV - ARGUMENTS, DISTURBANCE (NO ARREST)",U3
2026-07-23 22:42:46,2,DISTURBANCE - DV - NO ASLT,"DV - ARGUMENTS, DISTURBANCE (NO ARREST)",U3
2026-07-23 22:30:57,2,FIGHT - PHYSICAL (NO WEAPONS),DISTURBANCE - FIGHT,D1
2026-07-23 22:24:02,2,DISTURBANCE - DV - NO ASLT,"DV - ARGUMENTS, DISTURBANCE (NO ARREST)",S3
2026-07-23 22:24:02,2,DISTURBANCE - DV - NO ASLT,"DV - ARGUMENTS, DISTURBANCE (NO ARREST)",S3
2026-07-23 22:24:02,2,DISTURBANCE - DV - NO ASLT,"DV - ARGUMENTS, DISTURBANCE (NO ARREST)",S3
2026-07-23 22:21:18,4,NOISE - GENERAL,DISTURBANCE - NOISE,U3
2026-07-23 22:21:18,4,NOISE - GENERAL,DISTURBANCE - NOISE,U3
2026-07-23 22:20:55,2,THREATS - DV - NO ASSAULT,"DV - ARGUMENTS, DISTURBANCE (NO ARREST)",F3
2026-07-23 22:20:55,2,THREATS - DV - NO ASSAULT,"DV - ARGUMENTS, DISTURBANCE (NO ARREST)",F3
2026-07-23 22:16:00,2,FIGHT - PHYSICAL (NO WEAPONS),DISTURBANCE - FIGHT,E3
2026-07-23 22:04:00,4,NOISE - GENERAL,DISTURBANCE - NOISE,W1
2026-07-23 22:04:00,4,NOISE - GENERAL,DISTURBANCE - NOISE,W1
2026-07-23 22:00:40,2,DISTURBANCE,DISTURBANCE - OTHER,M2
2026-07-23 22:00:40,2,DISTURBANCE,DISTURBANCE - OTHER,M2
2026-07-23 21:58:55,1,DISTURBANCE - DV CRITICAL,"DV - ARGUMENTS, DISTURBANCE (NO ARREST)",L1
2026-07-23 21:58:55,1,DISTURBANCE - DV CRITICAL,"DV - ARGUMENTS, DISTURBANCE (NO ARREST)",L1
2026-07-23 21:58:55,1,DISTURBANCE - DV CRITICAL,"DV - ARGUMENTS, DISTURBANCE (NO ARREST)",L1
2026-07-23 21:58:55,1,DISTURBANCE - DV CRITICAL,"DV - ARGUMENTS, DISTURBANCE (NO ARREST)",L1
2026-07-23 21:58:55,1,DISTURBANCE - DV CRITICAL,"DV - ARGUMENTS, DISTURBANCE (NO ARREST)",L1
2026-07-23 21:58:31,2,DISTURBANCE,DISTURBANCE - OTHER,N1
2026-07-23 21:27:19,1,DISTURBANCE,DISTURBANCE - OTHER,Q1
2026-07-23 21:27:19,1,DISTURBANCE,DISTURBANCE - OTHER,Q1
2026-07-23 21:25:56,2,DISTURBANCE,DISTURBANCE - OTHER,K3
2026-07-23 21:25:56,2,DISTURBANCE,DISTURBANCE - OTHER,K3
2026-07-23 21:19:39,1,DISTURBANCE,DISTURBANCE - OTHER,N1
2026-07-23 21:19:39,1,DISTURBANCE,DISTURBANCE - OTHER,N1
2026-07-23 21:14:10,2,DISTURBANCE,DISTURBANCE - OTHER,Q3
2026-07-23 21:13:32,1,DISTURBANCE,DISTURBANCE - OTHER,W2
2026-07-23 21:13:32,1,DISTURBANCE,DISTURBANCE - OTHER,W2
2026-07-23 21:11:29,2,THREATS (INCLS IN-PERSON/BY PHONE/IN WRITING),DISTURBANCE - OTHER,W2
2026-07-23 21:07:14,2,DISTURBANCE - DV - NO ASLT,"DV - ARGUMENTS, DISTURBANCE (NO ARREST)",S3
2026-07-23 21:07:14,2,DISTURBANCE - DV - NO ASLT,"DV - ARGUMENTS, DISTURBANCE (NO ARREST)",S3
2026-07-23 20:50:08,1,DISTURBANCE - DV CRITICAL,"SUSPICIOUS CIRCUM. - BUILDING (OPEN DOOR, ETC)",J1
2026-07-23 20:50:08,1,DISTURBANCE - DV CRITICAL,"SUSPICIOUS CIRCUM. - BUILDING (OPEN DOOR, ETC)",J1
2026-07-23 20:50:08,1,DISTURBANCE - DV CRITICAL,"SUSPICIOUS CIRCUM. - BUILDING (OPEN DOOR, ETC)",J1
2026-07-23 20:50:08,1,DISTURBANCE - DV CRITICAL,"SUSPICIOUS CIRCUM. - BUILDING (OPEN DOOR, ETC)",J1
2026-07-23 20:50:08,1,DISTURBANCE - DV CRITICAL,"SUSPICIOUS CIRCUM. - BUILDING (OPEN DOOR, ETC)",J1
2026-07-23 20:48:48,2,DISTURBANCE - DV - NO ASLT,ASSIST PUBLIC - OTHER (NON-SPECIFIED),N2
2026-07-23 20:48:48,2,DISTURBANCE - DV - NO ASLT,ASSIST PUBLIC - OTHER (NON-SPECIFIED),N2
2026-07-23 20:48:48,2,DISTURBANCE - DV - NO ASLT,ASSIST PUBLIC - OTHER (NON-SPECIFIED),N2
2026-07-23 20:43:39,1,DISTURBANCE,DISTURBANCE - NOISE RESIDENTIAL,R3
2026-07-23 20:43:39,1,DISTURBANCE,DISTURBANCE - NOISE RESIDENTIAL,R3
2026-07-23 20:43:39,1,DISTURBANCE,DISTURBANCE - NOISE RESIDENTIAL,R3
2026-07-23 20:36:39,2,DISTURBANCE,DISTURBANCE - NOISE,Q2
2026-07-23 20:32:51,2,THREATS (INCLS IN-PERSON/BY PHONE/IN WRITING),DISTURBANCE - OTHER,E3
2026-07-23 20:32:51,2,THREATS (INCLS IN-PERSON/BY PHONE/IN WRITING),DISTURBANCE - OTHER,E3
2026-07-23 20:32:51,2,THREATS (INCLS IN-PERSON/BY PHONE/IN WRITING),DISTURBANCE - OTHER,E3
2026-07-23 20:32:51,2,THREATS (INCLS IN-PERSON/BY PHONE/IN WRITING),DISTURBANCE - OTHER,E3
2026-07-23 20:31:27,2,DISTURBANCE,CRISIS COMPLAINT - GENERAL,J1
2026-07-23 20:31:27,2,DISTURBANCE,CRISIS COMPLAINT - GENERAL,J1
2026-07-23 20:31:27,2,DISTURBANCE,CRISIS COMPLAINT - GENERAL,J1
2026-07-23 20:29:40,2,DISTURBANCE,DISTURBANCE - OTHER,N1
2026-07-23 20:13:01,2,TRAFFIC - ROAD RAGE,DISTURBANCE - OTHER,U2
2026-07-23 20:13:01,2,TRAFFIC - ROAD RAGE,DISTURBANCE - OTHER,U2
2026-07-23 20:13:01,2,TRAFFIC - ROAD RAGE,DISTURBANCE - OTHER,U2
2026-07-23 20:13:01,2,TRAFFIC - ROAD RAGE,DISTURBANCE - OTHER,U2
2026-07-23 20:11:13,1,DISTURBANCE - DV CRITICAL,DV - DOMESTIC VIOL/ASLT (ARREST MANDATORY),D2
2026-07-23 20:11:13,1,DISTURBANCE - DV CRITICAL,DV - DOMESTIC VIOL/ASLT (ARREST MANDATORY),D2
2026-07-23 20:11:13,1,DISTURBANCE - DV CRITICAL,DV - DOMESTIC VIOL/ASLT (ARREST MANDATORY),D2
2026-07-23 20:11:13,1,DISTURBANCE - DV CRITICAL,DV - DOMESTIC VIOL/ASLT (ARREST MANDATORY),D2
2026-07-23 20:07:27,2,DISTURBANCE,DISTURBANCE - OTHER,G3
2026-07-23 20:07:27,2,DISTURBANCE,DISTURBANCE - OTHER,G3
2026-07-23 20:07:27,2,DISTURBANCE,DISTURBANCE - OTHER,G3
2026-07-23 20:07:27,2,DISTURBANCE,DISTURBANCE - OTHER,G3
2026-07-23 19:56:13,1,UNKNOWN - COMPLAINT OF UNKNOWN NATURE,DISTURBANCE - OTHER,N2
2026-07-23 19:56:13,1,UNKNOWN - COMPLAINT OF UNKNOWN NATURE,DISTURBANCE - OTHER,N2
2026-07-23 19:56:13,1,UNKNOWN - COMPLAINT OF UNKNOWN NATURE,DISTURBANCE - OTHER,N2
2026-07-23 19:47:13,3,DISTURBANCE,ASSIST PUBLIC - OTHER (NON-SPECIFIED),Q3
2026-07-23 19:40:24,2,FIGHT - PHYSICAL (NO WEAPONS),DISTURBANCE - OTHER,Q3
2026-07-23 19:33:53,2,DISTURBANCE,PROWLER - TRESPASS,G1
2026-07-23 19:33:14,3,FOLLOW UP,DISTURBANCE - OTHER,D2
2026-07-23 19:30:48,2,DISTURBANCE,"ASSAULTS - HARASSMENT, THREATS",W2
2026-07-23 19:30:48,2,DISTURBANCE,"ASSAULTS - HARASSMENT, THREATS",W2
2026-07-23 19:25:09,1,ORDER - CRITICAL VIOLATION OF DV COURT ORDER,DISTURBANCE - OTHER,U1
2026-07-23 19:25:09,1,ORDER - CRITICAL VIOLATION OF DV COURT ORDER,DISTURBANCE - OTHER,U1
2026-07-23 19:25:09,1,ORDER - CRITICAL VIOLATION OF DV COURT ORDER,DISTURBANCE - OTHER,U1
2026-07-23 19:25:09,1,ORDER - CRITICAL VIOLATION OF DV COURT ORDER,DISTURBANCE - OTHER,U1
2026-07-23 19:17:05,2,DISTURBANCE,DISTURBANCE - OTHER,D2
2026-07-23 19:17:05,2,DISTURBANCE,DISTURBANCE - OTHER,D2
2026-07-23 19:01:16,2,DISTURBANCE - DV - NO ASLT,ASSIST PUBLIC - OTHER (NON-SPECIFIED),G1
2026-07-23 19:00:11,2,ASLT - WITH OR W/O WPNS (NO SHOOTINGS),DISTURBANCE - OTHER,E1
2026-07-23 19:00:11,2,ASLT - WITH OR W/O WPNS (NO SHOOTINGS),DISTURBANCE - OTHER,E1
2026-07-23 18:55:47,4,NOISE - GENERAL,DISTURBANCE - NOISE,M1
2026-07-23 18:47:33,1,DISTURBANCE - DV CRITICAL,ASSIST PUBLIC - OTHER (NON-SPECIFIED),L3
2026-07-23 18:47:33,1,DISTURBANCE - DV CRITICAL,ASSIST PUBLIC - OTHER (NON-SPECIFIED),L3
2026-07-23 18:47:33,1,DISTURBANCE - DV CRITICAL,ASSIST PUBLIC - OTHER (NON-SPECIFIED),L3
2026-07-23 18:41:43,1,UNKNOWN - ANI/ALI - LANDLINE (INCLUDES OPEN LINE),DISTURBANCE - OTHER,C1
2026-07-23 18:41:43,1,UNKNOWN - ANI/ALI - LANDLINE (INCLUDES OPEN LINE),DISTURBANCE - OTHER,C1
2026-07-23 18:30:39,1,OVERDOSE,DISTURBANCE - OTHER,K2
2026-07-23 18:30:39,1,OVERDOSE,DISTURBANCE - OTHER,K2
2026-07-23 18:30:39,1,OVERDOSE,DISTURBANCE - OTHER,K2
2026-07-23 18:26:01,2,DISTURBANCE,SEX OFFENSES (NON-RAPE) - LEWD CONDUCT,C2
2026-07-23 18:18:09,2,DISTURBANCE,DISTURBANCE - OTHER,R2
2026-07-23 17:55:26,2,THREATS (INCLS IN-PERSON/BY PHONE/IN WRITING),DISTURBANCE - OTHER,J1
2026-07-23 17:18:53,3,DISTURBANCE,DISTURBANCE - OTHER,S2
2026-07-23 17:18:53,3,DISTURBANCE,DISTURBANCE - OTHER,S2
2026-07-23 17:18:53,3,DISTURBANCE,DISTURBANCE - OTHER,S2
2026-07-23 17:08:25,3,TRAFFIC - MOVING VIOLATION,DISTURBANCE - OTHER,Q2
2026-07-23 16:29:41,2,DISTURBANCE - DV - NO ASLT,DISTURBANCE - OTHER,S1
2026-07-23 16:29:41,2,DISTURBANCE - DV - NO ASLT,DISTURBANCE - OTHER,S1
2026-07-23 16:28:28,4,NOISE - GENERAL,NOISE - GENERAL,E2
2026-07-23 16:26:23,3,DEMONSTRATIONS,DISTURBANCE - OTHER,R2
2026-07-23 16:09:57,2,DISTURBANCE,DISTURBANCE - OTHER,G2
2026-07-23 16:09:57,2,DISTURBANCE,DISTURBANCE - OTHER,G2
2026-07-23 16:08:18,2,DISTURBANCE - DV - NO ASLT,DISTURBANCE - OTHER,L3
2026-07-23 16:08:18,2,DISTURBANCE - DV - NO ASLT,DISTURBANCE - OTHER,L3
2026-07-23 15:47:42,1,SFD - ASSIST ON CRITICAL FIRE OR MEDIC RESPONSE,DISTURBANCE - OTHER,E3
2026-07-23 15:47:42,1,SFD - ASSIST ON CRITICAL FIRE OR MEDIC RESPONSE,DISTURBANCE - OTHER,E3
2026-07-23 15:47:42,1,SFD - ASSIST ON CRITICAL FIRE OR MEDIC RESPONSE,DISTURBANCE - OTHER,E3
2026-07-23 15:47:42,1,SFD - ASSIST ON CRITICAL FIRE OR MEDIC RESPONSE,DISTURBANCE - OTHER,E3
2026-07-23 15:47:42,1,SFD - ASSIST ON CRITICAL FIRE OR MEDIC RESPONSE,DISTURBANCE - OTHER,E3
2026-07-23 15:47:42,1,SFD - ASSIST ON CRITICAL FIRE OR MEDIC RESPONSE,DISTURBANCE - OTHER,E3
2026-07-23 15:47:42,1,SFD - ASSIST ON CRITICAL FIRE OR MEDIC RESPONSE,DISTURBANCE - OTHER,E3
2026-07-23 15:45:04,3,DEMONSTRATIONS,DISTURBANCE - NOISE,M3
2026-07-23 15:36:48,2,TRESPASS,DISTURBANCE - OTHER,Q2
2026-07-23 15:33:52,2,TRAFFIC - ROAD RAGE,DISTURBANCE - OTHER,M2
2026-07-23 15:32:29,2,ORDER - VIOLATING DV COURT ORDER,"DV - ARGUMENTS, DISTURBANCE (NO ARREST)",E1
2026-07-23 15:25:52,2,PERSON IN BEHAVIORAL/EMOTIONAL CRISIS,DISTURBANCE - OTHER,G3
2026-07-23 15:25:52,2,PERSON IN BEHAVIORAL/EMOTIONAL CRISIS,DISTURBANCE - OTHER,G3
2026-07-23 15:24:35,2,DISTURBANCE - DV - NO ASLT,DISTURBANCE - OTHER,U1
2026-07-23 15:24:35,2,DISTURBANCE - DV - NO ASLT,DISTURBANCE - OTHER,U1
2026-07-23 15:14:20,2,DISTURBANCE,DISTURBANCE - OTHER,G1
2026-07-23 15:14:20,2,DISTURBANCE,DISTURBANCE - OTHER,G1
2026-07-23 15:11:28,2,DISTURBANCE,DISTURBANCE - OTHER,B2
2026-07-23 15:05:42,1,DISTURBANCE - DV CRITICAL,DV - DOMESTIC VIOLENCE (ARREST DISCRETIONARY),J3
2026-07-23 15:05:42,1,DISTURBANCE - DV CRITICAL,DV - DOMESTIC VIOLENCE (ARREST DISCRETIONARY),J3
2026-07-23 15:05:42,1,DISTURBANCE - DV CRITICAL,DV - DOMESTIC VIOLENCE (ARREST DISCRETIONARY),J3
2026-07-23 15:05:42,1,DISTURBANCE - DV CRITICAL,DV - DOMESTIC VIOLENCE (ARREST DISCRETIONARY),J3
2026-07-23 14:56:44,1,SHOTS HEARD - IN PROGRESS,DISTURBANCE - OTHER,D2
2026-07-23 14:56:44,1,SHOTS HEARD - IN PROGRESS,DISTURBANCE - OTHER,D2
2026-07-23 14:56:44,1,SHOTS HEARD - IN PROGRESS,DISTURBANCE - OTHER,D2
2026-07-23 14:56:44,1,SHOTS HEARD - IN PROGRESS,DISTURBANCE - OTHER,D2
2026-07-23 14:54:28,3,NUISANCE,DISTURBANCE,J1
2026-07-23 14:43:36,2,DISTURBANCE - DV - NO ASLT,SUSPICIOUS CIRCUM. - SUSPICIOUS PERSON,C1
2026-07-23 14:43:36,2,DISTURBANCE - DV - NO ASLT,SUSPICIOUS CIRCUM. - SUSPICIOUS PERSON,C1
2026-07-23 14:32:51,2,DISTURBANCE,DISTURBANCE - OTHER,K3
2026-07-23 14:16:14,2,DISTURBANCE - DV - NO ASLT,"DV - ARGUMENTS, DISTURBANCE (NO ARREST)",F1
2026-07-23 14:05:30,2,ASLT - WITH OR W/O WPNS (NO SHOOTINGS),DISTURBANCE - OTHER,M1
2026-07-23 14:05:30,2,ASLT - WITH OR W/O WPNS (NO SHOOTINGS),DISTURBANCE - OTHER,M1
2026-07-23 14:05:30,2,ASLT - WITH OR W/O WPNS (NO SHOOTINGS),DISTURBANCE - OTHER,M1
2026-07-23 14:05:30,2,ASLT - WITH OR W/O WPNS (NO SHOOTINGS),DISTURBANCE - OTHER,M1
2026-07-23 13:50:51,1,UNKNOWN - ANI/ALI - LANDLINE (INCLUDES OPEN LINE),DISTURBANCE - OTHER,D3
2026-07-23 13:34:40,3,HARAS - NO BIAS OR THREATS,DISTURBANCE - OTHER,L1
2026-07-23 13:31:31,2,DISTURBANCE - DV - NO ASLT,DISTURBANCE - OTHER,Q3
2026-07-23 13:26:54,2,DISTURBANCE - DV - NO ASLT,DISTURBANCE - NOISE RESIDENTIAL,E1
2026-07-23 13:19:49,2,DISTURBANCE,DISTURBANCE - OTHER,U2
2026-07-23 13:19:49,2,DISTURBANCE,DISTURBANCE - OTHER,U2
2026-07-23 13:18:54,3,DISTURBANCE,SUSPICIOUS CIRCUM. - SUSPICIOUS VEHICLE,G1
2026-07-23 13:01:11,2,DISTURBANCE,DISTURBANCE - OTHER,U2
2026-07-23 12:56:47,2,THREATS - DV - NO ASSAULT,DISTURBANCE - NOISE RESIDENTIAL,C1
2026-07-23 12:56:47,2,THREATS - DV - NO ASSAULT,DISTURBANCE - NOISE RESIDENTIAL,C1
2026-07-23 12:55:00,1,SUICIDE - CRITICAL,"DV - ARGUMENTS, DISTURBANCE (NO ARREST)",U1
2026-07-23 12:55:00,1,SUICIDE - CRITICAL,"DV - ARGUMENTS, DISTURBANCE (NO ARREST)",U1
2026-07-23 12:40:33,2,DISTURBANCE - DV - NO ASLT,THEFT - ALL OTHER,W1
2026-07-23 12:40:33,2,DISTURBANCE - DV - NO ASLT,THEFT - ALL OTHER,W1
2026-07-23 12:40:33,2,DISTURBANCE - DV - NO ASLT,THEFT - ALL OTHER,W1
2026-07-23 12:33:10,3,"SUSPICIOUS PERSON, VEHICLE, OR INCIDENT",DISTURBANCE - OTHER,F1
2026-07-23 12:29:33,4,NOISE - GENERAL,DISTURBANCE - NOISE,K2
2026-07-23 12:15:27,3,THEFT (DOES NOT INCLUDE SHOPLIFT OR SVCS),DISTURBANCE - OTHER,U2
2026-07-23 12:07:34,2,SERVICE - WELFARE CHECK,DISTURBANCE - OTHER,C2
2026-07-23 12:07:34,2,SERVICE - WELFARE CHECK,DISTURBANCE - OTHER,C2
2026-07-23 11:47:35,2,"LEWD -  (EXPOSING, FLASHING)",DISTURBANCE - OTHER,J3
2026-07-23 11:46:05,3,PROPERTY - DAMAGE,DISTURBANCE - OTHER,J2
2026-07-23 11:30:54,2,TRAFFIC - ROAD RAGE,DISTURBANCE - OTHER,O2
2026-07-23 11:29:33,1,UNKNOWN - ANI/ALI - WRLS PHNS (INCL OPEN LINE),DISTURBANCE - OTHER,N3
2026-07-23 11:29:33,1,UNKNOWN - ANI/ALI - WRLS PHNS (INCL OPEN LINE),DISTURBANCE - OTHER,N3
2026-07-23 11:28:48,3,NUISANCE,DISTURBANCE - OTHER,D2
2026-07-23 11:22:43,1,UNKNOWN - ANI/ALI - WRLS PHNS (INCL OPEN LINE),DISTURBANCE - OTHER,W1
2026-07-23 11:22:43,1,UNKNOWN - ANI/ALI - WRLS PHNS (INCL OPEN LINE),DISTURBANCE - OTHER,W1
2026-07-23 10:59:54,2,DISTURBANCE,CRISIS COMPLAINT - GENERAL,K3
2026-07-23 10:58:01,3,"NARCOTICS - VIOLATIONS (LOITER, USE, SELL, NARS)",DISTURBANCE - OTHER,K3
2026-07-23 10:52:38,2,ASLT - WITH OR W/O WPNS (NO SHOOTINGS),DISTURBANCE - OTHER,D3
2026-07-23 10:52:38,2,ASLT - WITH OR W/O WPNS (NO SHOOTINGS),DISTURBANCE - OTHER,D3
2026-07-23 10:52:38,2,ASLT - WITH OR W/O WPNS (NO SHOOTINGS),DISTURBANCE - OTHER,D3
2026-07-23 10:11:52,2,DISTURBANCE,DISTURBANCE - OTHER,Q3
2026-07-23 10:11:52,2,DISTURBANCE,DISTURBANCE - OTHER,Q3
2026-07-23 09:49:30,1,"SUSPICIOUS PERSON, VEHICLE, OR INCIDENT",DISTURBANCE - OTHER,K1
2026-07-23 09:49:30,1,"SUSPICIOUS PERSON, VEHICLE, OR INCIDENT",DISTURBANCE - OTHER,K1
2026-07-23 09:47:04,2,FIGHT - PHYSICAL (NO WEAPONS),DISTURBANCE - OTHER,L1
2026-07-23 09:47:04,2,FIGHT - PHYSICAL (NO WEAPONS),DISTURBANCE - OTHER,L1
2026-07-23 09:47:04,2,FIGHT - PHYSICAL (NO WEAPONS),DISTURBANCE - OTHER,L1
2026-07-23 09:37:32,2,DISTURBANCE,DISTURBANCE - OTHER,O3
2026-07-23 09:37:32,2,DISTURBANCE,DISTURBANCE - OTHER,O3
2026-07-23 09:35:26,3,DISTURBANCE,DISTURBANCE - OTHER,O2
2026-07-23 09:34:05,3,"SUSPICIOUS PERSON, VEHICLE, OR INCIDENT",DISTURBANCE - OTHER,C1
2026-07-23 09:34:05,3,"SUSPICIOUS PERSON, VEHICLE, OR INCIDENT",DISTURBANCE - OTHER,C1
2026-07-23 09:16:44,3,"SUSPICIOUS PERSON, VEHICLE, OR INCIDENT",DISTURBANCE - OTHER,L2
2026-07-23 08:31:21,2,DISTURBANCE,SUSPICIOUS CIRCUM. - SUSPICIOUS PERSON,J3
2026-07-23 08:31:21,2,DISTURBANCE,SUSPICIOUS CIRCUM. - SUSPICIOUS PERSON,J3
2026-07-23 08:31:21,2,DISTURBANCE,SUSPICIOUS CIRCUM. - SUSPICIOUS PERSON,J3
2026-07-23 08:31:21,2,DISTURBANCE,SUSPICIOUS CIRCUM. - SUSPICIOUS PERSON,J3
2026-07-23 08:31:21,2,DISTURBANCE,SUSPICIOUS CIRCUM. - SUSPICIOUS PERSON,J3
2026-07-23 08:31:21,2,DISTURBANCE,SUSPICIOUS CIRCUM. - SUSPICIOUS PERSON,J3
2026-07-23 08:31:21,2,DISTURBANCE,SUSPICIOUS CIRCUM. - SUSPICIOUS PERSON,J3
2026-07-23 08:31:21,2,DISTURBANCE,SUSPICIOUS CIRCUM. - SUSPICIOUS PERSON,J3
2026-07-23 08:31:21,2,DISTURBANCE,SUSPICIOUS CIRCUM. - SUSPICIOUS PERSON,J3
2026-07-23 08:26:46,2,DISTURBANCE,PROWLER - TRESPASS,Q3
2026-07-23 08:26:46,2,DISTURBANCE,PROWLER - TRESPASS,Q3
2026-07-23 08:23:10,2,TRESPASS,DISTURBANCE - OTHER,W1
2026-07-23 07:54:12,2,DISTURBANCE,MISCHIEF OR NUISANCE - GENERAL,R2
2026-07-23 07:53:45,2,DISTURBANCE - DV - NO ASLT,"DV - ARGUMENTS, DISTURBANCE (NO ARREST)",J1
2026-07-23 07:53:45,2,DISTURBANCE - DV - NO ASLT,"DV - ARGUMENTS, DISTURBANCE (NO ARREST)",J1
2026-07-23 07:53:45,2,DISTURBANCE - DV - NO ASLT,"DV - ARGUMENTS, DISTURBANCE (NO ARREST)",J1
2026-07-23 07:53:45,2,DISTURBANCE - DV - NO ASLT,"DV - ARGUMENTS, DISTURBANCE (NO ARREST)",J1
2026-07-23 07:49:46,1,"SUSPICIOUS PERSON, VEHICLE, OR INCIDENT",DISTURBANCE - OTHER,O2
2026-07-23 07:49:46,1,"SUSPICIOUS PERSON, VEHICLE, OR INCIDENT",DISTURBANCE - OTHER,O2
2026-07-23 07:49:46,1,"SUSPICIOUS PERSON, VEHICLE, OR INCIDENT",DISTURBANCE - OTHER,O2
2026-07-23 07:49:46,1,"SUSPICIOUS PERSON, VEHICLE, OR INCIDENT",DISTURBANCE - OTHER,O2
2026-07-23 07:49:46,1,"SUSPICIOUS PERSON, VEHICLE, OR INCIDENT",DISTURBANCE - OTHER,O2
2026-07-23 07:44:01,3,DISTURBANCE,DISTURBANCE - OTHER,U2
2026-07-23 07:40:45,1,UNKNOWN - COMPLAINT OF UNKNOWN NATURE,DISTURBANCE - OTHER,F3
2026-07-23 07:40:45,1,UNKNOWN - COMPLAINT OF UNKNOWN NATURE,DISTURBANCE - OTHER,F3
2026-07-23 07:40:45,1,UNKNOWN - COMPLAINT OF UNKNOWN NATURE,DISTURBANCE - OTHER,F3
2026-07-23 06:55:51,2,THEFT (DOES NOT INCLUDE SHOPLIFT OR SVCS),DISTURBANCE - OTHER,U3
2026-07-23 06:46:52,1,"WEAPN - GUN,DEADLY WPN (NO THRTS/ASLT/DIST)",DISTURBANCE - OTHER,K2
2026-07-23 06:46:52,1,"WEAPN - GUN,DEADLY WPN (NO THRTS/ASLT/DIST)",DISTURBANCE - OTHER,K2
2026-07-23 06:32:21,1,DISTURBANCE,DISTURBANCE - NOISE RESIDENTIAL,F2
2026-07-23 06:32:21,1,DISTURBANCE,DISTURBANCE - NOISE RESIDENTIAL,F2
2026-07-23 06:32:21,1,DISTURBANCE,DISTURBANCE - NOISE RESIDENTIAL,F2
2026-07-23 06:19:07,1,DISTURBANCE - DV CRITICAL,"DV - ARGUMENTS, DISTURBANCE (NO ARREST)",S3
2026-07-23 06:19:07,1,DISTURBANCE - DV CRITICAL,"DV - ARGUMENTS, DISTURBANCE (NO ARREST)",S3
2026-07-23 06:17:54,2,ASLT - WITH OR W/O WPNS (NO SHOOTINGS),DISTURBANCE - OTHER,Q3
2026-07-23 06:17:54,2,ASLT - WITH OR W/O WPNS (NO SHOOTINGS),DISTURBANCE - OTHER,Q3
2026-07-23 06:17:54,2,ASLT - WITH OR W/O WPNS (NO SHOOTINGS),DISTURBANCE - OTHER,Q3
2026-07-23 06:13:09,2,THREATS (INCLS IN-PERSON/BY PHONE/IN WRITING),DISTURBANCE - OTHER,M1
2026-07-23 06:10:46,2,DISTURBANCE,PROPERTY DEST (DAMG),U1
2026-07-23 06:10:46,2,DISTURBANCE,PROPERTY DEST (DAMG),U1
2026-07-23 06:10:46,2,DISTURBANCE,PROPERTY DEST (DAMG),U1
2026-07-23 06:10:46,2,DISTURBANCE,PROPERTY DEST (DAMG),U1
2026-07-23 06:10:46,2,DISTURBANCE,PROPERTY DEST (DAMG),U1
2026-07-23 06:10:46,2,DISTURBANCE,PROPERTY DEST (DAMG),U1
2026-07-23 06:10:46,2,DISTURBANCE,PROPERTY DEST (DAMG),U1
2026-07-23 06:10:46,2,DISTURBANCE,PROPERTY DEST (DAMG),U1
2026-07-23 06:10:46,2,DISTURBANCE,PROPERTY DEST (DAMG),U1
2026-07-23 06:10:46,2,DISTURBANCE,PROPERTY DEST (DAMG),U1
2026-07-23 06:01:27,2,DISTURBANCE - DV - NO ASLT,"DV - ARGUMENTS, DISTURBANCE (NO ARREST)",E1
2026-07-23 05:49:04,2,DISTURBANCE,PROWLER - TRESPASS,E3
2026-07-23 05:25:31,2,DISTURBANCE - DV - NO ASLT,DISTURBANCE - OTHER,L3
2026-07-23 05:25:31,2,DISTURBANCE - DV - NO ASLT,DISTURBANCE - OTHER,L3
2026-07-23 05:25:31,2,DISTURBANCE - DV - NO ASLT,DISTURBANCE - OTHER,L3
2026-07-23 04:07:34,2,DISTURBANCE - DV - NO ASLT,CRISIS COMPLAINT - GENERAL,S2
2026-07-23 04:07:34,2,DISTURBANCE - DV - NO ASLT,CRISIS COMPLAINT - GENERAL,S2
2026-07-23 04:07:34,2,DISTURBANCE - DV - NO ASLT,CRISIS COMPLAINT - GENERAL,S2
2026-07-23 04:07:34,2,DISTURBANCE - DV - NO ASLT,CRISIS COMPLAINT - GENERAL,S2
2026-07-23 04:07:34,2,DISTURBANCE - DV - NO ASLT,CRISIS COMPLAINT - GENERAL,S2
2026-07-23 04:07:34,2,DISTURBANCE - DV - NO ASLT,CRISIS COMPLAINT - GENERAL,S2
2026-07-23 04:07:34,2,DISTURBANCE - DV - NO ASLT,CRISIS COMPLAINT - GENERAL,S2
2026-07-23 03:54:30,2,DISTURBANCE - DV - NO ASLT,"DV - ARGUMENTS, DISTURBANCE (NO ARREST)",R1
2026-07-23 03:54:30,2,DISTURBANCE - DV - NO ASLT,"DV - ARGUMENTS, DISTURBANCE (NO ARREST)",R1
2026-07-23 03:54:30,2,DISTURBANCE - DV - NO ASLT,"DV - ARGUMENTS, DISTURBANCE (NO ARREST)",R1
2026-07-23 03:54:30,2,DISTURBANCE - DV - NO ASLT,"DV - ARGUMENTS, DISTURBANCE (NO ARREST)",R1
2026-07-23 03:54:30,2,DISTURBANCE - DV - NO ASLT,"DV - ARGUMENTS, DISTURBANCE (NO ARREST)",R1
2026-07-23 03:54:30,2,DISTURBANCE - DV - NO ASLT,"DV - ARGUMENTS, DISTURBANCE (NO ARREST)",R1
2026-07-23 03:54:30,2,DISTURBANCE - DV - NO ASLT,"DV - ARGUMENTS, DISTURBANCE (NO ARREST)",R1
2026-07-23 03:07:18,2,DISTURBANCE,WARRANT SERVICES - MISDEMEANOR,R1
2026-07-23 03:07:18,2,DISTURBANCE,WARRANT SERVICES - MISDEMEANOR,R1
2026-07-23 03:07:18,2,DISTURBANCE,WARRANT SERVICES - MISDEMEANOR,R1
2026-07-23 02:52:50,2,DISTURBANCE,DISTURBANCE - OTHER,D3
2026-07-23 02:48:40,1,ASLT - DV CRITICAL,"DV - ARGUMENTS, DISTURBANCE (NO ARREST)",R1
2026-07-23 02:48:40,1,ASLT - DV CRITICAL,"DV - ARGUMENTS, DISTURBANCE (NO ARREST)",R1
2026-07-23 02:35:40,4,NOISE - ANIMAL (INCLUDES BARKING DOGS),DISTURBANCE - NOISE RESIDENTIAL,R3
2026-07-23 01:59:35,3,THREATS (INCLS IN-PERSON/BY PHONE/IN WRITING),DISTURBANCE - OTHER,E1
2026-07-23 01:59:35,3,THREATS (INCLS IN-PERSON/BY PHONE/IN WRITING),DISTURBANCE - OTHER,E1
2026-07-23 01:57:20,2,DISTURBANCE - DV - NO ASLT,DISTURBANCE - OTHER,L3
2026-07-23 01:57:20,2,DISTURBANCE - DV - NO ASLT,DISTURBANCE - OTHER,L3
2026-07-23 01:48:02,1,UNKNOWN - COMPLAINT OF UNKNOWN NATURE,DISTURBANCE - OTHER,C1
2026-07-23 01:48:02,1,UNKNOWN - COMPLAINT OF UNKNOWN NATURE,DISTURBANCE - OTHER,C1
2026-07-23 01:40:31,3,DISTURBANCE,SUSPICIOUS CIRCUM. - SUSPICIOUS VEHICLE,S3
2026-07-23 01:30:20,2,ASLT - WITH OR W/O WPNS (NO SHOOTINGS),DISTURBANCE - OTHER,C3
2026-07-23 01:30:20,2,ASLT - WITH OR W/O WPNS (NO SHOOTINGS),DISTURBANCE - OTHER,C3
2026-07-23 01:26:48,4,NOISE - GENERAL,DISTURBANCE - NOISE,D1
2026-07-23 01:17:34,3,DISTURBANCE,SUSPICIOUS CIRCUM. - SUSPICIOUS PERSON,L2
2026-07-23 00:31:49,2,"SUSPICIOUS PERSON, VEHICLE, OR INCIDENT",DISTURBANCE - OTHER,O3
2026-07-23 00:27:35,2,DISTURBANCE,SUSPICIOUS CIRCUM. - SUSPICIOUS PERSON,D1
2026-07-23 00:27:35,2,DISTURBANCE,SUSPICIOUS CIRCUM. - SUSPICIOUS PERSON,D1
2026-07-23 00:19:18,2,DISTURBANCE,SUSPICIOUS CIRCUM. - SUSPICIOUS PERSON,D2
2026-07-23 00:19:18,2,DISTURBANCE,SUSPICIOUS CIRCUM. - SUSPICIOUS PERSON,D2
2026-07-23 00:18:28,1,DISTURBANCE - DV CRITICAL,DISTURBANCE - OTHER,S2
2026-07-23 00:18:28,1,DISTURBANCE - DV CRITICAL,DISTURBANCE - OTHER,S2
2026-07-23 00:18:28,1,DISTURBANCE - DV CRITICAL,DISTURBANCE - OTHER,S2
2026-07-23 00:12:17,2,DISTURBANCE - DV - NO ASLT,DISTURBANCE - OTHER,U2
2026-07-23 00:12:17,2,DISTURBANCE - DV - NO ASLT,DISTURBANCE - OTHER,U2
2026-07-23 00:12:17,2,DISTURBANCE - DV - NO ASLT,DISTURBANCE - OTHER,U2
2026-07-23 00:11:17,1,DISTURBANCE - DV CRITICAL,ASSAULTS - FIREARM INVOLVED,N3
2026-07-23 00:11:17,1,DISTURBANCE - DV CRITICAL,ASSAULTS - FIREARM INVOLVED,N3
2026-07-23 00:02:50,1,DISTURBANCE - DV CRITICAL,"DV - ARGUMENTS, DISTURBANCE (NO ARREST)",L2
2026-07-23 00:02:50,1,DISTURBANCE - DV CRITICAL,"DV - ARGUMENTS, DISTURBANCE (NO ARREST)",L2
2026-07-23 00:02:50,1,DISTURBANCE - DV CRITICAL,"DV - ARGUMENTS, DISTURBANCE (NO ARREST)",L2
2026-07-23 00:01:39,2,DISTURBANCE,DISTURBANCE - NOISE,W2
2026-07-23 00:01:39,2,DISTURBANCE,DISTURBANCE - NOISE,W2
2026-07-22 23:25:30,4,NOISE - GENERAL,DISTURBANCE - OTHER,G1
2026-07-22 23:14:16,2,DISTURBANCE - DV - NO ASLT,"DV - ARGUMENTS, DISTURBANCE (NO ARREST)",Q3
2026-07-22 23:14:16,2,DISTURBANCE - DV - NO ASLT,"DV - ARGUMENTS, DISTURBANCE (NO ARREST)",Q3
2026-07-22 23:09:42,2,DISTURBANCE - DV - NO ASLT,DISTURBANCE - OTHER,C1
2026-07-22 23:09:42,2,DISTURBANCE - DV - NO ASLT,DISTURBANCE - OTHER,C1
2026-07-22 23:08:33,1,UNKNOWN - ANI/ALI - WRLS PHNS (INCL OPEN LINE),DISTURBANCE - OTHER,N2
2026-07-22 23:08:33,1,UNKNOWN - ANI/ALI - WRLS PHNS (INCL OPEN LINE),DISTURBANCE - OTHER,N2
2026-07-22 23:08:33,1,UNKNOWN - ANI/ALI - WRLS PHNS (INCL OPEN LINE),DISTURBANCE - OTHER,N2
2026-07-22 23:06:30,1,DISTURBANCE - DV CRITICAL,"DV - ARGUMENTS, DISTURBANCE (NO ARREST)",R1
2026-07-22 23:06:30,1,DISTURBANCE - DV CRITICAL,"DV - ARGUMENTS, DISTURBANCE (NO ARREST)",R1
2026-07-22 23:06:30,1,DISTURBANCE - DV CRITICAL,"DV - ARGUMENTS, DISTURBANCE (NO ARREST)",R1
2026-07-22 23:06:30,1,DISTURBANCE - DV CRITICAL,"DV - ARGUMENTS, DISTURBANCE (NO ARREST)",R1
2026-07-22 23:05:45,2,HARAS - NO BIAS OR THREATS,DISTURBANCE - OTHER,W2
2026-07-22 23:01:49,4,NOISE - GENERAL,DISTURBANCE - NOISE,U2
2026-07-22 23:00:10,1,SHOTS HEARD - IN PROGRESS,DISTURBANCE - OTHER,J3
2026-07-22 23:00:10,1,SHOTS HEARD - IN PROGRESS,DISTURBANCE - OTHER,J3
2026-07-22 23:00:10,1,SHOTS HEARD - IN PROGRESS,DISTURBANCE - OTHER,J3
2026-07-22 23:00:10,1,SHOTS HEARD - IN PROGRESS,DISTURBANCE - OTHER,J3
2026-07-22 22:53:55,3,NUISANCE,DISTURBANCE - OTHER,U1
2026-07-22 22:51:39,2,DISTURBANCE,DISTURBANCE - OTHER,M3
2026-07-22 22:42:01,2,HAZ - POTENTIAL THRT TO PHYS SAFETY,DISTURBANCE - OTHER,D2
2026-07-22 22:42:01,2,HAZ - POTENTIAL THRT TO PHYS SAFETY,DISTURBANCE - OTHER,D2
2026-07-22 22:42:01,2,HAZ - POTENTIAL THRT TO PHYS SAFETY,DISTURBANCE - OTHER,D2
2026-07-22 22:40:23,2,DISTURBANCE,DISTURBANCE - OTHER,M3
2026-07-22 22:40:23,2,DISTURBANCE,DISTURBANCE - OTHER,M3
2026-07-22 22:40:23,2,DISTURBANCE,DISTURBANCE - OTHER,M3
2026-07-22 22:40:23,2,DISTURBANCE,DISTURBANCE - OTHER,M3
2026-07-22 22:39:16,4,NOISE - GENERAL,DISTURBANCE - NOISE,B2
2026-07-22 22:31:21,4,NOISE - GENERAL,DISTURBANCE - OTHER,L1
2026-07-22 22:26:07,1,SHOTS HEARD - IN PROGRESS,DISTURBANCE - NOISE,N2
2026-07-22 22:26:07,1,SHOTS HEARD - IN PROGRESS,DISTURBANCE - NOISE,N2
2026-07-22 22:26:07,1,SHOTS HEARD - IN PROGRESS,DISTURBANCE - NOISE,N2
2026-07-22 22:25:20,2,DISTURBANCE - DV - NO ASLT,DISTURBANCE - OTHER,F2
2026-07-22 21:54:54,2,DISTURBANCE - DV - NO ASLT,CRISIS COMPLAINT - GENERAL,G3
2026-07-22 21:54:54,2,DISTURBANCE - DV - NO ASLT,CRISIS COMPLAINT - GENERAL,G3
2026-07-22 21:54:54,2,DISTURBANCE - DV - NO ASLT,CRISIS COMPLAINT - GENERAL,G3
2026-07-22 21:54:54,2,DISTURBANCE - DV - NO ASLT,CRISIS COMPLAINT - GENERAL,G3
2026-07-22 21:51:45,2,"LEWD -  (EXPOSING, FLASHING)",DISTURBANCE - OTHER,J3
2026-07-22 21:51:45,2,"LEWD -  (EXPOSING, FLASHING)",DISTURBANCE - OTHER,J3
2026-07-22 21:51:45,2,"LEWD -  (EXPOSING, FLASHING)",DISTURBANCE - OTHER,J3
2026-07-22 21:46:35,2,"SUSPICIOUS PERSON, VEHICLE, OR INCIDENT",DISTURBANCE - OTHER,K3
2026-07-22 21:27:35,2,DISTURBANCE - DV - NO ASLT,"DV - ARGUMENTS, DISTURBANCE (NO ARREST)",N3
2026-07-22 21:06:06,1,SHOTS HEARD - IN PROGRESS,DISTURBANCE - OTHER,U3
2026-07-22 21:05:18,2,DISTURBANCE,"ASSAULTS, OTHER",L2
2026-07-22 21:05:18,2,DISTURBANCE,"ASSAULTS, OTHER",L2
2026-07-22 21:05:18,2,DISTURBANCE,"ASSAULTS, OTHER",L2
2026-07-22 21:05:18,2,DISTURBANCE,"ASSAULTS, OTHER",L2
2026-07-22 21:02:22,2,BURG - RESD (INCL UNOCC STRUCTURES ON PROP),DISTURBANCE - OTHER,E1
2026-07-22 21:00:26,2,ASLT - WITH OR W/O WPNS (NO SHOOTINGS),DISTURBANCE - OTHER,D1
2026-07-22 21:00:26,2,ASLT - WITH OR W/O WPNS (NO SHOOTINGS),DISTURBANCE - OTHER,D1
2026-07-22 20:59:20,4,FIREWORKS (NO HAZARD),DISTURBANCE - NOISE,C3
2026-07-22 20:55:36,2,THREATS (INCLS IN-PERSON/BY PHONE/IN WRITING),DISTURBANCE - OTHER,C3
2026-07-22 20:50:50,1,SHOTS HEARD - IN PROGRESS,DISTURBANCE - NOISE,C3
2026-07-22 20:44:00,2,DISTURBANCE,SUSPICIOUS CIRCUM. - SUSPICIOUS PERSON,N3
2026-07-22 20:37:17,4,NOISE - GENERAL,DISTURBANCE - NOISE,L1
2026-07-22 20:30:17,3,"ANIMAL - INJURED, DEAD HAZARD, OTHER",DISTURBANCE - NOISE,D1
2026-07-22 20:27:20,2,DISTURBANCE,DISTURBANCE - OTHER,G3
2026-07-22 20:27:20,2,DISTURBANCE,DISTURBANCE - OTHER,G3
2026-07-22 20:27:20,2,DISTURBANCE,DISTURBANCE - OTHER,G3
2026-07-22 20:26:48,2,"SUSPICIOUS PERSON, VEHICLE, OR INCIDENT",DISTURBANCE - OTHER,W1
2026-07-22 20:26:48,2,"SUSPICIOUS PERSON, VEHICLE, OR INCIDENT",DISTURBANCE - OTHER,W1
2026-07-22 20:11:59,4,NOISE - GENERAL,DISTURBANCE - NOISE RESIDENTIAL,B3
2026-07-22 20:11:56,2,EXPLOSION,DISTURBANCE - OTHER,K3
2026-07-22 20:11:56,2,EXPLOSION,DISTURBANCE - OTHER,K3
2026-07-22 20:05:23,2,DISTURBANCE - DV - NO ASLT,DV - DOMESTIC VIOL/ASLT (ARREST MANDATORY),C3
2026-07-22 20:05:23,2,DISTURBANCE - DV - NO ASLT,DV - DOMESTIC VIOL/ASLT (ARREST MANDATORY),C3
2026-07-22 20:05:23,2,DISTURBANCE - DV - NO ASLT,DV - DOMESTIC VIOL/ASLT (ARREST MANDATORY),C3
2026-07-22 20:05:23,2,DISTURBANCE - DV - NO ASLT,DV - DOMESTIC VIOL/ASLT (ARREST MANDATORY),C3
2026-07-22 20:05:23,2,DISTURBANCE - DV - NO ASLT,DV - DOMESTIC VIOL/ASLT (ARREST MANDATORY),C3
2026-07-22 20:05:23,2,DISTURBANCE - DV - NO ASLT,DV - DOMESTIC VIOL/ASLT (ARREST MANDATORY),C3
2026-07-22 20:05:23,2,DISTURBANCE - DV - NO ASLT,DV - DOMESTIC VIOL/ASLT (ARREST MANDATORY),C3
2026-07-22 20:05:23,2,DISTURBANCE - DV - NO ASLT,DV - DOMESTIC VIOL/ASLT (ARREST MANDATORY),C3
2026-07-22 19:58:43,2,DISTURBANCE,SUSPICIOUS CIRCUM. - SUSPICIOUS PERSON,B3
2026-07-22 19:58:43,2,DISTURBANCE,SUSPICIOUS CIRCUM. - SUSPICIOUS PERSON,B3
2026-07-22 19:54:10,2,"SUSPICIOUS PERSON, VEHICLE, OR INCIDENT",DISTURBANCE - OTHER,U2
2026-07-22 19:54:10,2,"SUSPICIOUS PERSON, VEHICLE, OR INCIDENT",DISTURBANCE - OTHER,U2
2026-07-22 19:51:06,2,DISTURBANCE,DISTURBANCE - OTHER,J1
2026-07-22 19:33:56,2,DISTURBANCE,DISTURBANCE - OTHER,R1
2026-07-22 19:33:56,2,DISTURBANCE,DISTURBANCE - OTHER,R1
2026-07-22 19:15:47,1,DISTURBANCE - DV CRITICAL,"DV - ARGUMENTS, DISTURBANCE (NO ARREST)",B1
2026-07-22 19:15:47,1,DISTURBANCE - DV CRITICAL,"DV - ARGUMENTS, DISTURBANCE (NO ARREST)",B1
2026-07-22 19:15:47,1,DISTURBANCE - DV CRITICAL,"DV - ARGUMENTS, DISTURBANCE (NO ARREST)",B1
2026-07-22 19:15:47,1,DISTURBANCE - DV CRITICAL,"DV - ARGUMENTS, DISTURBANCE (NO ARREST)",B1
2026-07-22 19:15:47,1,DISTURBANCE - DV CRITICAL,"DV - ARGUMENTS, DISTURBANCE (NO ARREST)",B1
2026-07-22 19:15:13,4,FIREWORKS (NO HAZARD),DISTURBANCE - NOISE,G1
2026-07-22 19:11:46,1,THREATS (INCLS IN-PERSON/BY PHONE/IN WRITING),DISTURBANCE - OTHER,G2
2026-07-22 19:11:46,1,THREATS (INCLS IN-PERSON/BY PHONE/IN WRITING),DISTURBANCE - OTHER,G2
2026-07-22 19:11:46,1,THREATS (INCLS IN-PERSON/BY PHONE/IN WRITING),DISTURBANCE - OTHER,G2
2026-07-22 19:11:46,1,THREATS (INCLS IN-PERSON/BY PHONE/IN WRITING),DISTURBANCE - OTHER,G2
2026-07-22 19:11:46,1,THREATS (INCLS IN-PERSON/BY PHONE/IN WRITING),DISTURBANCE - OTHER,G2
2026-07-22 19:11:46,1,THREATS (INCLS IN-PERSON/BY PHONE/IN WRITING),DISTURBANCE - OTHER,G2
2026-07-22 19:11:46,1,THREATS (INCLS IN-PERSON/BY PHONE/IN WRITING),DISTURBANCE - OTHER,G2
2026-07-22 19:11:46,1,THREATS (INCLS IN-PERSON/BY PHONE/IN WRITING),DISTURBANCE - OTHER,G2
2026-07-22 19:11:46,1,THREATS (INCLS IN-PERSON/BY PHONE/IN WRITING),DISTURBANCE - OTHER,G2
2026-07-22 19:11:46,1,THREATS (INCLS IN-PERSON/BY PHONE/IN WRITING),DISTURBANCE - OTHER,G2
2026-07-22 19:11:46,1,THREATS (INCLS IN-PERSON/BY PHONE/IN WRITING),DISTURBANCE - OTHER,G2
2026-07-22 19:09:14,2,ASLT - WITH OR W/O WPNS (NO SHOOTINGS),DISTURBANCE - FIGHT,S3
2026-07-22 19:09:14,2,ASLT - WITH OR W/O WPNS (NO SHOOTINGS),DISTURBANCE - FIGHT,S3
2026-07-22 19:09:14,2,ASLT - WITH OR W/O WPNS (NO SHOOTINGS),DISTURBANCE - FIGHT,S3
2026-07-22 19:07:41,2,FIGHT - PHYSICAL (NO WEAPONS),DISTURBANCE - OTHER,D2
2026-07-22 19:07:41,2,FIGHT - PHYSICAL (NO WEAPONS),DISTURBANCE - OTHER,D2
2026-07-22 19:07:41,2,FIGHT - PHYSICAL (NO WEAPONS),DISTURBANCE - OTHER,D2
2026-07-22 19:07:41,2,FIGHT - PHYSICAL (NO WEAPONS),DISTURBANCE - OTHER,D2
2026-07-22 19:06:46,1,DISTURBANCE - DV CRITICAL,DISTURBANCE - OTHER,F1
2026-07-22 19:06:46,1,DISTURBANCE - DV CRITICAL,DISTURBANCE - OTHER,F1
2026-07-22 18:47:13,1,DISTURBANCE,"DV - ARGUMENTS, DISTURBANCE (NO ARREST)",W1
2026-07-22 18:47:13,1,DISTURBANCE,"DV - ARGUMENTS, DISTURBANCE (NO ARREST)",W1
2026-07-22 18:40:12,2,DISTURBANCE,CRISIS COMPLAINT - GENERAL,B2
2026-07-22 18:40:12,2,DISTURBANCE,CRISIS COMPLAINT - GENERAL,B2
2026-07-22 18:40:12,2,DISTURBANCE,CRISIS COMPLAINT - GENERAL,B2
2026-07-22 18:26:41,1,SHOTS HEARD - IN PROGRESS,DISTURBANCE - OTHER,F3
2026-07-22 18:21:08,2,DISTURBANCE,DISTURBANCE - OTHER,M3
2026-07-22 18:21:08,2,DISTURBANCE,DISTURBANCE - OTHER,M3
2026-07-22 18:18:20,2,DISTURBANCE,DISTURBANCE - OTHER,B2
2026-07-22 18:16:36,2,THREATS (INCLS IN-PERSON/BY PHONE/IN WRITING),DISTURBANCE - OTHER,F3
2026-07-22 18:16:36,2,THREATS (INCLS IN-PERSON/BY PHONE/IN WRITING),DISTURBANCE - OTHER,F3
2026-07-22 18:07:17,2,DISTURBANCE,ORDER - VIOLATING DV COURT ORDER,E3
2026-07-22 18:07:17,2,DISTURBANCE,ORDER - VIOLATING DV COURT ORDER,E3
2026-07-22 18:05:51,5,TRU - DISTURBANCE,DISTURBANCE - OTHER,E1
2026-07-22 17:59:24,2,DISTURBANCE,SUSPICIOUS CIRCUM. - SUSPICIOUS PERSON,R1
2026-07-22 17:45:18,2,BIAS,DISTURBANCE - OTHER,M1
2026-07-22 17:33:20,2,DISTURBANCE,DISTURBANCE - OTHER,M3
2026-07-22 17:33:20,2,DISTURBANCE,DISTURBANCE - OTHER,M3
2026-07-22 17:24:54,2,ASLT - WITH OR W/O WPNS (NO SHOOTINGS),DISTURBANCE - OTHER,G1
2026-07-22 17:24:54,2,ASLT - WITH OR W/O WPNS (NO SHOOTINGS),DISTURBANCE - OTHER,G1
2026-07-22 17:16:59,2,DISTURBANCE,DISTURBANCE - OTHER,M3
2026-07-22 17:16:59,2,DISTURBANCE,DISTURBANCE - OTHER,M3
2026-07-22 17:16:59,2,DISTURBANCE,DISTURBANCE - OTHER,M3
2026-07-22 17:14:58,2,DISTURBANCE,DISTURBANCE - OTHER,E3
2026-07-22 17:13:21,2,DISTURBANCE,DISTURBANCE - OTHER,Q1
2026-07-22 16:59:19,4,NOISE - GENERAL,DISTURBANCE - NOISE,W3
2026-07-22 16:56:13,2,DISTURBANCE,PROWLER - TRESPASS,C2
2026-07-22 16:56:13,2,DISTURBANCE,PROWLER - TRESPASS,C2
2026-07-22 16:41:08,2,DISTURBANCE,SUSPICIOUS CIRCUM. - SUSPICIOUS VEHICLE,K3
2026-07-22 16:38:26,2,DISTURBANCE,DISTURBANCE - OTHER,E1
2026-07-22 16:34:05,2,DISTURBANCE,CRISIS COMPLAINT - GENERAL,K3
2026-07-22 16:34:05,2,DISTURBANCE,CRISIS COMPLAINT - GENERAL,K3
2026-07-22 16:32:38,2,DISTURBANCE,"ASSAULTS, OTHER",W2
2026-07-22 16:29:09,2,DISTURBANCE,DISTURBANCE - NOISE RESIDENTIAL,E1
2026-07-22 16:08:51,2,THREATS - DV - NO ASSAULT,"DV - ARGUMENTS, DISTURBANCE (NO ARREST)",B3
2026-07-22 16:08:51,2,THREATS - DV - NO ASSAULT,"DV - ARGUMENTS, DISTURBANCE (NO ARREST)",B3
2026-07-22 16:08:51,2,THREATS - DV - NO ASSAULT,"DV - ARGUMENTS, DISTURBANCE (NO ARREST)",B3
2026-07-22 16:08:51,2,THREATS - DV - NO ASSAULT,"DV - ARGUMENTS, DISTURBANCE (NO ARREST)",B3
2026-07-22 15:39:49,2,ORDER - VIOLATION OF COURT ORDER (NON DV),DISTURBANCE - OTHER,D2
2026-07-22 15:39:49,2,ORDER - VIOLATION OF COURT ORDER (NON DV),DISTURBANCE - OTHER,D2
2026-07-22 15:39:49,2,ORDER - VIOLATION OF COURT ORDER (NON DV),DISTURBANCE - OTHER,D2
2026-07-22 15:37:30,5,TRU - FOLLOW UP,DISTURBANCE - OTHER,G2
2026-07-22 15:20:57,2,THREATS - DV - NO ASSAULT,DISTURBANCE - OTHER,Q3
2026-07-22 15:10:25,5,TRU - PROPERTY DESTRUCTION/DAMAGE,DISTURBANCE - OTHER,R3
2026-07-22 14:39:18,2,DISTURBANCE,DISTURBANCE - OTHER,J3
2026-07-22 14:39:18,2,DISTURBANCE,DISTURBANCE - OTHER,J3
2026-07-22 14:39:18,2,DISTURBANCE,DISTURBANCE - OTHER,J3
2026-07-22 14:36:05,1,DISTURBANCE - DV CRITICAL,DISTURBANCE - OTHER,F2
2026-07-22 14:34:14,2,ORDER - VIOLATION OF COURT ORDER (NON DV),DISTURBANCE - OTHER,L2
2026-07-22 14:34:14,2,ORDER - VIOLATION OF COURT ORDER (NON DV),DISTURBANCE - OTHER,L2
2026-07-22 14:24:49,2,DISTURBANCE,DISTURBANCE - OTHER,E2
2026-07-22 14:23:52,2,DISTURBANCE,CRISIS COMPLAINT - GENERAL,E2
2026-07-22 14:23:52,2,DISTURBANCE,CRISIS COMPLAINT - GENERAL,E2
2026-07-22 14:21:59,2,THREATS (INCLS IN-PERSON/BY PHONE/IN WRITING),DISTURBANCE - OTHER,D1
2026-07-22 14:21:59,2,THREATS (INCLS IN-PERSON/BY PHONE/IN WRITING),DISTURBANCE - OTHER,D1
2026-07-22 14:07:10,2,DISTURBANCE,DISTURBANCE - OTHER,B3
2026-07-22 14:07:10,2,DISTURBANCE,DISTURBANCE - OTHER,B3
2026-07-22 14:07:10,2,DISTURBANCE,DISTURBANCE - OTHER,B3
2026-07-22 14:07:10,2,DISTURBANCE,DISTURBANCE - OTHER,B3
2026-07-22 14:06:41,3,DISTURBANCE - DV - NO ASLT,"ASSAULTS - TELEPHONE, WRITING",W3
2026-07-22 13:48:37,3,DISTURBANCE,DISTURBANCE - OTHER,C3
2026-07-22 13:48:37,3,DISTURBANCE,DISTURBANCE - OTHER,C3
2026-07-22 13:36:23,5,TRU - SUSPICIOUS CIRCUMSTANCES,DISTURBANCE - OTHER,G1
2026-07-22 12:31:01,1,UNKNOWN - ANI/ALI - LANDLINE (INCLUDES OPEN LINE),DISTURBANCE - OTHER,K3
2026-07-22 12:25:54,2,DISTURBANCE - DV - NO ASLT,"DV - ARGUMENTS, DISTURBANCE (NO ARREST)",Q1
2026-07-22 12:25:54,2,DISTURBANCE - DV - NO ASLT,"DV - ARGUMENTS, DISTURBANCE (NO ARREST)",Q1
2026-07-22 12:25:54,2,DISTURBANCE - DV - NO ASLT,"DV - ARGUMENTS, DISTURBANCE (NO ARREST)",Q1
2026-07-22 12:15:16,1,THREATS (INCLS IN-PERSON/BY PHONE/IN WRITING),DISTURBANCE - OTHER,L3
2026-07-22 12:15:16,1,THREATS (INCLS IN-PERSON/BY PHONE/IN WRITING),DISTURBANCE - OTHER,L3
2026-07-22 12:15:16,1,THREATS (INCLS IN-PERSON/BY PHONE/IN WRITING),DISTURBANCE - OTHER,L3
2026-07-22 12:15:16,1,THREATS (INCLS IN-PERSON/BY PHONE/IN WRITING),DISTURBANCE - OTHER,L3
2026-07-22 12:14:03,3,PEACE-STANDBY TO ASSURE (NO COURT ORDR SVC),"DV - ARGUMENTS, DISTURBANCE (NO ARREST)",R3
2026-07-22 12:14:03,3,PEACE-STANDBY TO ASSURE (NO COURT ORDR SVC),"DV - ARGUMENTS, DISTURBANCE (NO ARREST)",R3
2026-07-22 12:14:03,3,PEACE-STANDBY TO ASSURE (NO COURT ORDR SVC),"DV - ARGUMENTS, DISTURBANCE (NO ARREST)",R3
2026-07-22 11:44:01,2,DISTURBANCE - DV - NO ASLT,DV - DOMESTIC THREATS BY PHONE OR WRITING,Q3
2026-07-22 11:44:01,2,DISTURBANCE - DV - NO ASLT,DV - DOMESTIC THREATS BY PHONE OR WRITING,Q3
2026-07-22 11:33:51,2,DISTURBANCE,SUSPICIOUS CIRCUM. - SUSPICIOUS PERSON,E2
2026-07-22 11:28:53,2,DISTURBANCE,SUSPICIOUS CIRCUM. - SUSPICIOUS PERSON,U2
2026-07-22 11:26:07,3,DISTURBANCE,MISCHIEF OR NUISANCE - GENERAL,D1
2026-07-22 11:15:15,2,SERVICE - WELFARE CHECK,DISTURBANCE - OTHER,L1
2026-07-22 11:15:15,2,SERVICE - WELFARE CHECK,DISTURBANCE - OTHER,L1
2026-07-22 11:15:15,2,SERVICE - WELFARE CHECK,DISTURBANCE - OTHER,L1
2026-07-22 11:15:15,2,SERVICE - WELFARE CHECK,DISTURBANCE - OTHER,L1
2026-07-22 11:15:15,2,SERVICE - WELFARE CHECK,DISTURBANCE - OTHER,L1
2026-07-22 11:15:15,2,SERVICE - WELFARE CHECK,DISTURBANCE - OTHER,L1
2026-07-22 10:25:13,1,THREATS (INCLS IN-PERSON/BY PHONE/IN WRITING),DISTURBANCE - OTHER,K3
2026-07-22 10:25:13,1,THREATS (INCLS IN-PERSON/BY PHONE/IN WRITING),DISTURBANCE - OTHER,K3
2026-07-22 10:25:06,2,HAZ - POTENTIAL THRT TO PHYS SAFETY,DISTURBANCE - OTHER,N3
2026-07-22 10:23:13,2,DISTURBANCE,DISTURBANCE - OTHER,U3
2026-07-22 09:44:30,2,DISTURBANCE,SUSPICIOUS CIRCUM. - SUSPICIOUS PERSON,J3
2026-07-22 09:44:30,2,DISTURBANCE,SUSPICIOUS CIRCUM. - SUSPICIOUS PERSON,J3
2026-07-22 09:29:29,1,DISTURBANCE - DV CRITICAL,DISTURBANCE - OTHER,F1
2026-07-22 09:29:29,1,DISTURBANCE - DV CRITICAL,DISTURBANCE - OTHER,F1
2026-07-22 09:26:16,2,DISTURBANCE,SUSPICIOUS CIRCUM. - SUSPICIOUS PERSON,N3
2026-07-22 09:21:49,2,DISTURBANCE,DISTURBANCE - OTHER,W2
2026-07-22 08:59:32,2,DISTURBANCE,DISTURBANCE - OTHER,R2
2026-07-22 08:59:04,2,DISTURBANCE,DISTURBANCE - OTHER,E3
2026-07-22 08:57:02,2,THREATS - DV - NO ASSAULT,DISTURBANCE - OTHER,L2
2026-07-22 08:57:02,2,THREATS - DV - NO ASSAULT,DISTURBANCE - OTHER,L2
2026-07-22 08:57:02,2,THREATS - DV - NO ASSAULT,DISTURBANCE - OTHER,L2
2026-07-22 08:39:22,2,TRESPASS,DISTURBANCE - OTHER,N3
2026-07-22 08:37:23,5,TRU - DISTURBANCE,DISTURBANCE - OTHER,E1
2026-07-22 08:37:00,2,DISTURBANCE,DISTURBANCE - OTHER,E1
2026-07-22 08:36:02,5,TRU - SUSPICIOUS CIRCUMSTANCES,DISTURBANCE - OTHER,U2
2026-07-22 08:33:24,2,DISTURBANCE,SUSPICIOUS CIRCUM. - SUSPICIOUS PERSON,U3
2026-07-22 08:33:24,2,DISTURBANCE,SUSPICIOUS CIRCUM. - SUSPICIOUS PERSON,U3
2026-07-22 08:33:24,2,DISTURBANCE,SUSPICIOUS CIRCUM. - SUSPICIOUS PERSON,U3
2026-07-22 08:33:24,2,DISTURBANCE,SUSPICIOUS CIRCUM. - SUSPICIOUS PERSON,U3
2026-07-22 08:30:46,2,PROPERTY - DAMAGE,"DV - ARGUMENTS, DISTURBANCE (NO ARREST)",F1
2026-07-22 08:30:46,2,PROPERTY - DAMAGE,"DV - ARGUMENTS, DISTURBANCE (NO ARREST)",F1
2026-07-22 08:30:46,2,PROPERTY - DAMAGE,"DV - ARGUMENTS, DISTURBANCE (NO ARREST)",F1
2026-07-22 08:14:13,2,DISTURBANCE,DISTURBANCE,G1
2026-07-22 07:50:34,2,DISTURBANCE,DISTURBANCE - OTHER,D2
2026-07-22 07:50:34,2,DISTURBANCE,DISTURBANCE - OTHER,D2
2026-07-22 07:50:34,2,DISTURBANCE,DISTURBANCE - OTHER,D2
2026-07-22 07:47:10,2,TRESPASS,DISTURBANCE - OTHER,E3
2026-07-22 07:26:22,2,DISTURBANCE,DISTURBANCE - OTHER,Q3
2026-07-22 07:07:57,2,DISTURBANCE - DV - NO ASLT,"DV - ARGUMENTS, DISTURBANCE (NO ARREST)",E1
2026-07-22 07:05:06,3,DISTURBANCE,DISTURBANCE - OTHER,B2
2026-07-22 06:27:39,2,DISTURBANCE - DV - NO ASLT,DISTURBANCE - OTHER,E3
2026-07-22 06:27:39,2,DISTURBANCE - DV - NO ASLT,DISTURBANCE - OTHER,E3
2026-07-22 06:18:00,2,HAZ - POTENTIAL THRT TO PHYS SAFETY,DISTURBANCE - OTHER,E3
2026-07-22 05:08:52,2,DISTURBANCE,SUSPICIOUS CIRCUM. - SUSPICIOUS PERSON,N3
2026-07-22 05:08:52,2,DISTURBANCE,SUSPICIOUS CIRCUM. - SUSPICIOUS PERSON,N3
2026-07-22 05:08:52,2,DISTURBANCE,SUSPICIOUS CIRCUM. - SUSPICIOUS PERSON,N3
2026-07-22 05:08:52,2,DISTURBANCE,SUSPICIOUS CIRCUM. - SUSPICIOUS PERSON,N3
2026-07-22 04:37:41,2,ANIMAL - DANGEROUS,"ANIMAL COMPLAINT - NOISE,STRAY,BITE",K3
2026-07-22 04:36:02,2,PROPERTY - DAMAGE,DISTURBANCE - OTHER,R2
2026-07-22 04:36:02,2,PROPERTY - DAMAGE,DISTURBANCE - OTHER,R2
2026-07-22 04:36:02,2,PROPERTY - DAMAGE,DISTURBANCE - OTHER,R2
2026-07-22 04:11:15,3,DISTURBANCE,DISTURBANCE - OTHER,L1
2026-07-22 04:01:41,4,NOISE - GENERAL,DISTURBANCE - NOISE,Q1
2026-07-22 03:42:34,4,NOISE - GENERAL,DISTURBANCE - NOISE,G2
2026-07-22 02:55:41,1,ASLT - CRITICAL (NO SHOOTINGS),DISTURBANCE - OTHER,K3
2026-07-22 02:55:41,1,ASLT - CRITICAL (NO SHOOTINGS),DISTURBANCE - OTHER,K3
2026-07-22 02:55:41,1,ASLT - CRITICAL (NO SHOOTINGS),DISTURBANCE - OTHER,K3
2026-07-22 02:53:59,2,DISTURBANCE,DISTURBANCE - OTHER,G1
2026-07-22 02:53:59,2,DISTURBANCE,DISTURBANCE - OTHER,G1
2026-07-22 02:53:59,2,DISTURBANCE,DISTURBANCE - OTHER,G1
2026-07-22 02:49:15,1,DISTURBANCE - DV CRITICAL,"DV - ARGUMENTS, DISTURBANCE (NO ARREST)",R1
2026-07-22 02:49:15,1,DISTURBANCE - DV CRITICAL,"DV - ARGUMENTS, DISTURBANCE (NO ARREST)",R1
2026-07-22 02:49:15,1,DISTURBANCE - DV CRITICAL,"DV - ARGUMENTS, DISTURBANCE (NO ARREST)",R1
2026-07-22 02:46:33,4,NOISE - GENERAL,DISTURBANCE - NOISE,C3
2026-07-22 02:46:20,4,NOISE - GENERAL,DISTURBANCE - NOISE RESIDENTIAL,W1
2026-07-22 02:46:20,4,NOISE - GENERAL,DISTURBANCE - NOISE RESIDENTIAL,W1
2026-07-22 02:46:20,4,NOISE - GENERAL,DISTURBANCE - NOISE RESIDENTIAL,W1
2026-07-22 02:39:11,1,UNKNOWN - ANI/ALI - WRLS PHNS (INCL OPEN LINE),DISTURBANCE - OTHER,G1
2026-07-22 02:39:11,1,UNKNOWN - ANI/ALI - WRLS PHNS (INCL OPEN LINE),DISTURBANCE - OTHER,G1
2026-07-22 02:38:02,2,DISTURBANCE,DV - ENFORCE COURT ORDER (ARREST MANDATED),C1
2026-07-22 02:38:02,2,DISTURBANCE,DV - ENFORCE COURT ORDER (ARREST MANDATED),C1
2026-07-22 02:38:02,2,DISTURBANCE,DV - ENFORCE COURT ORDER (ARREST MANDATED),C1
2026-07-22 02:38:02,2,DISTURBANCE,DV - ENFORCE COURT ORDER (ARREST MANDATED),C1
2026-07-22 02:18:19,4,NOISE - GENERAL,DISTURBANCE - OTHER,F2
2026-07-22 02:11:44,2,"SUSPICIOUS PERSON, VEHICLE, OR INCIDENT",DISTURBANCE - OTHER,U3
2026-07-22 01:58:17,1,SHOTS HEARD - IN PROGRESS,DISTURBANCE - NOISE,G3
2026-07-22 01:58:17,1,SHOTS HEARD - IN PROGRESS,DISTURBANCE - NOISE,G3
2026-07-22 01:54:41,1,DISTURBANCE - DV CRITICAL,"DV - ARGUMENTS, DISTURBANCE (NO ARREST)",B2
2026-07-22 01:54:41,1,DISTURBANCE - DV CRITICAL,"DV - ARGUMENTS, DISTURBANCE (NO ARREST)",B2
2026-07-22 01:54:41,1,DISTURBANCE - DV CRITICAL,"DV - ARGUMENTS, DISTURBANCE (NO ARREST)",B2
2026-07-22 01:35:41,1,DISTURBANCE,"DV - ARGUMENTS, DISTURBANCE (NO ARREST)",L2
2026-07-22 01:35:41,1,DISTURBANCE,"DV - ARGUMENTS, DISTURBANCE (NO ARREST)",L2
2026-07-22 01:35:41,1,DISTURBANCE,"DV - ARGUMENTS, DISTURBANCE (NO ARREST)",L2
2026-07-22 01:35:41,1,DISTURBANCE,"DV - ARGUMENTS, DISTURBANCE (NO ARREST)",L2
2026-07-22 01:35:41,1,DISTURBANCE,"DV - ARGUMENTS, DISTURBANCE (NO ARREST)",L2
2026-07-22 01:35:41,1,DISTURBANCE,"DV - ARGUMENTS, DISTURBANCE (NO ARREST)",L2
2026-07-22 01:13:31,1,UNKNOWN - ANI/ALI - LANDLINE (INCLUDES OPEN LINE),DISTURBANCE - OTHER,M3
2026-07-22 01:13:31,1,UNKNOWN - ANI/ALI - LANDLINE (INCLUDES OPEN LINE),DISTURBANCE - OTHER,M3
2026-07-22 01:11:43,2,DISTURBANCE - DV - NO ASLT,"DV - ARGUMENTS, DISTURBANCE (NO ARREST)",W2
2026-07-22 01:11:43,2,DISTURBANCE - DV - NO ASLT,"DV - ARGUMENTS, DISTURBANCE (NO ARREST)",W2
2026-07-22 00:45:42,2,DISTURBANCE - DV - NO ASLT,ASSIST PUBLIC - OTHER (NON-SPECIFIED),U1
2026-07-22 00:45:42,2,DISTURBANCE - DV - NO ASLT,ASSIST PUBLIC - OTHER (NON-SPECIFIED),U1
2026-07-22 00:45:42,2,DISTURBANCE - DV - NO ASLT,ASSIST PUBLIC - OTHER (NON-SPECIFIED),U1
2026-07-22 00:34:05,4,NOISE - GENERAL,DISTURBANCE - NOISE,U1
2026-07-22 00:30:39,2,"SUSPICIOUS PERSON, VEHICLE, OR INCIDENT",DISTURBANCE - OTHER,N2
2026-07-22 00:30:39,2,"SUSPICIOUS PERSON, VEHICLE, OR INCIDENT",DISTURBANCE - OTHER,N2
2026-07-22 00:30:39,2,"SUSPICIOUS PERSON, VEHICLE, OR INCIDENT",DISTURBANCE - OTHER,N2
2026-07-22 00:29:33,2,DISTURBANCE,PROWLER - TRESPASS,N3
2026-07-22 00:29:33,2,DISTURBANCE,PROWLER - TRESPASS,N3
2026-07-22 00:29:33,2,DISTURBANCE,PROWLER - TRESPASS,N3
2026-07-22 00:29:33,2,DISTURBANCE,PROWLER - TRESPASS,N3
2026-07-22 00:27:10,2,DISTURBANCE,DISTURBANCE - OTHER,N3
2026-07-22 00:27:10,2,DISTURBANCE,DISTURBANCE - OTHER,N3
2026-07-22 00:26:44,2,DISTURBANCE - DV - NO ASLT,DISTURBANCE - OTHER,R1
2026-07-22 00:04:12,2,"LEWD -  (EXPOSING, FLASHING)",DISTURBANCE - OTHER,E2
2026-07-22 00:00:14,1,UNKNOWN - COMPLAINT OF UNKNOWN NATURE,DISTURBANCE - NOISE RESIDENTIAL,U3
2026-07-22 00:00:14,1,UNKNOWN - COMPLAINT OF UNKNOWN NATURE,DISTURBANCE - NOISE RESIDENTIAL,U3
2026-07-22 00:00:14,1,UNKNOWN - COMPLAINT OF UNKNOWN NATURE,DISTURBANCE - NOISE RESIDENTIAL,U3
2026-07-22 00:00:14,1,UNKNOWN - COMPLAINT OF UNKNOWN NATURE,DISTURBANCE - NOISE RESIDENTIAL,U3
2026-07-21 23:55:41,1,SHOTS HEARD - IN PROGRESS,DISTURBANCE - OTHER,G2
2026-07-21 23:54:41,2,DISTURBANCE,DISTURBANCE - OTHER,Q1
2026-07-21 23:51:48,2,DISTURBANCE,SUSPICIOUS CIRCUM. - SUSPICIOUS PERSON,D1
2026-07-21 23:51:48,2,DISTURBANCE,SUSPICIOUS CIRCUM. - SUSPICIOUS PERSON,D1
2026-07-21 23:42:21,2,"SUSPICIOUS PERSON, VEHICLE, OR INCIDENT",DISTURBANCE - OTHER,W1
2026-07-21 23:33:58,2,DISTURBANCE,DISTURBANCE - OTHER,B2
2026-07-21 23:33:58,2,DISTURBANCE,DISTURBANCE - OTHER,B2
2026-07-21 23:33:58,2,DISTURBANCE,DISTURBANCE - OTHER,B2
2026-07-21 23:33:58,2,DISTURBANCE,DISTURBANCE - OTHER,B2
2026-07-21 23:29:14,4,NOISE - GENERAL,DISTURBANCE - NOISE,U1
2026-07-21 23:27:26,2,DISTURBANCE,DISTURBANCE - OTHER,S2
2026-07-21 23:27:26,2,DISTURBANCE,DISTURBANCE - OTHER,S2
2026-07-21 23:07:42,4,NOISE - GENERAL,DISTURBANCE - NOISE,B1
2026-07-21 22:54:18,3,DISTURBANCE,DISTURBANCE - OTHER,U3
2026-07-21 22:54:18,3,DISTURBANCE,DISTURBANCE - OTHER,U3
2026-07-21 22:38:54,4,FIREWORKS (NO HAZARD),DISTURBANCE - NOISE,R3
2026-07-21 22:35:47,4,NOISE - GENERAL,DISTURBANCE - NOISE,W1
2026-07-21 22:30:32,4,NOISE - GENERAL,DISTURBANCE - NOISE,B2
2026-07-21 22:27:09,4,NOISE - GENERAL,DISTURBANCE - NOISE,E1
2026-07-21 22:27:09,4,NOISE - GENERAL,DISTURBANCE - NOISE,E1
2026-07-21 22:09:55,3,DISTURBANCE,DISTURBANCE - OTHER,G2
2026-07-21 22:08:17,2,DISTURBANCE - DV - NO ASLT,"DV - ARGUMENTS, DISTURBANCE (NO ARREST)",E2
2026-07-21 22:08:17,2,DISTURBANCE - DV - NO ASLT,"DV - ARGUMENTS, DISTURBANCE (NO ARREST)",E2
2026-07-21 22:08:17,2,DISTURBANCE - DV - NO ASLT,"DV - ARGUMENTS, DISTURBANCE (NO ARREST)",E2
2026-07-21 22:04:26,4,NOISE - GENERAL,DISTURBANCE - NOISE,W3
2026-07-21 21:42:02,2,DISTURBANCE,DISTURBANCE - NOISE,W3
2026-07-21 21:38:53,2,ASLT - DV,"DV - ARGUMENTS, DISTURBANCE (NO ARREST)",U3
2026-07-21 21:38:53,2,ASLT - DV,"DV - ARGUMENTS, DISTURBANCE (NO ARREST)",U3
2026-07-21 21:38:53,2,ASLT - DV,"DV - ARGUMENTS, DISTURBANCE (NO ARREST)",U3
2026-07-21 21:34:43,2,DISTURBANCE - DV - NO ASLT,"DV - ARGUMENTS, DISTURBANCE (NO ARREST)",U1
2026-07-21 21:34:43,2,DISTURBANCE - DV - NO ASLT,"DV - ARGUMENTS, DISTURBANCE (NO ARREST)",U1
2026-07-21 21:29:17,1,UNKNOWN - COMPLAINT OF UNKNOWN NATURE,DISTURBANCE - OTHER,U3
2026-07-21 21:29:17,1,UNKNOWN - COMPLAINT OF UNKNOWN NATURE,DISTURBANCE - OTHER,U3
2026-07-21 21:26:12,2,THEFT (DOES NOT INCLUDE SHOPLIFT OR SVCS),DISTURBANCE - FIGHT,R3
2026-07-21 21:26:12,2,THEFT (DOES NOT INCLUDE SHOPLIFT OR SVCS),DISTURBANCE - FIGHT,R3
2026-07-21 21:26:12,2,THEFT (DOES NOT INCLUDE SHOPLIFT OR SVCS),DISTURBANCE - FIGHT,R3
2026-07-21 21:15:56,2,DISTURBANCE,DISTURBANCE - OTHER,D2
2026-07-21 21:15:56,2,DISTURBANCE,DISTURBANCE - OTHER,D2
2026-07-21 21:15:56,2,DISTURBANCE,DISTURBANCE - OTHER,D2
2026-07-21 21:05:34,1,UNKNOWN - ANI/ALI - WRLS PHNS (INCL OPEN LINE),DISTURBANCE - OTHER,G1
2026-07-21 21:02:08,5,TRU - FOLLOW UP,DISTURBANCE - OTHER,C2
2026-07-21 20:55:56,2,DISTURBANCE - DV - NO ASLT,CRISIS COMPLAINT - GENERAL,W3
2026-07-21 20:55:56,2,DISTURBANCE - DV - NO ASLT,CRISIS COMPLAINT - GENERAL,W3
2026-07-21 20:55:56,2,DISTURBANCE - DV - NO ASLT,CRISIS COMPLAINT - GENERAL,W3
2026-07-21 20:55:56,2,DISTURBANCE - DV - NO ASLT,CRISIS COMPLAINT - GENERAL,W3
2026-07-21 20:55:56,2,DISTURBANCE - DV - NO ASLT,CRISIS COMPLAINT - GENERAL,W3
2026-07-21 20:55:56,2,DISTURBANCE - DV - NO ASLT,CRISIS COMPLAINT - GENERAL,W3
2026-07-21 20:55:56,2,DISTURBANCE - DV - NO ASLT,CRISIS COMPLAINT - GENERAL,W3
2026-07-21 20:43:06,2,DISTURBANCE,SUSPICIOUS CIRCUM. - SUSPICIOUS PERSON,M2
2026-07-21 20:43:06,2,DISTURBANCE,SUSPICIOUS CIRCUM. - SUSPICIOUS PERSON,M2
2026-07-21 20:34:48,2,DISTURBANCE,DISTURBANCE - OTHER,R3
2026-07-21 20:34:48,2,DISTURBANCE,DISTURBANCE - OTHER,R3
2026-07-21 20:34:48,2,DISTURBANCE,DISTURBANCE - OTHER,R3
2026-07-21 20:32:34,2,DISTURBANCE,SUSPICIOUS CIRCUM. - SUSPICIOUS PERSON,G3
2026-07-21 20:32:34,2,DISTURBANCE,SUSPICIOUS CIRCUM. - SUSPICIOUS PERSON,G3
2026-07-21 20:24:13,1,UNKNOWN - ANI/ALI - WRLS PHNS (INCL OPEN LINE),DISTURBANCE - OTHER,E3
2026-07-21 20:12:21,2,DISTURBANCE,PROWLER - TRESPASS,U2
2026-07-21 20:12:21,2,DISTURBANCE,PROWLER - TRESPASS,U2
2026-07-21 20:11:18,2,DISTURBANCE,DISTURBANCE - OTHER,E2
2026-07-21 20:11:18,2,DISTURBANCE,DISTURBANCE - OTHER,E2
2026-07-21 20:11:18,2,DISTURBANCE,DISTURBANCE - OTHER,E2
2026-07-21 20:11:18,2,DISTURBANCE,DISTURBANCE - OTHER,E2
2026-07-21 20:03:18,2,DISTURBANCE,DISTURBANCE - OTHER,W2
2026-07-21 20:03:18,2,DISTURBANCE,DISTURBANCE - OTHER,W2
2026-07-21 20:01:22,7,SUSPICIOUS STOP - OFFICER INITIATED ONVIEW,DISTURBANCE - OTHER,J3
2026-07-21 20:00:44,2,DISTURBANCE,DISTURBANCE - OTHER,U3
2026-07-21 19:58:23,3,FOLLOW UP,DISTURBANCE - NOISE RESIDENTIAL,N2
2026-07-21 19:44:46,1,DISTURBANCE - DV CRITICAL,"ASSAULTS - HARASSMENT, THREATS",J1
2026-07-21 19:44:46,1,DISTURBANCE - DV CRITICAL,"ASSAULTS - HARASSMENT, THREATS",J1
2026-07-21 19:44:46,1,DISTURBANCE - DV CRITICAL,"ASSAULTS - HARASSMENT, THREATS",J1
2026-07-21 19:44:46,1,DISTURBANCE - DV CRITICAL,"ASSAULTS - HARASSMENT, THREATS",J1
2026-07-21 19:44:46,1,DISTURBANCE - DV CRITICAL,"ASSAULTS - HARASSMENT, THREATS",J1
2026-07-21 19:31:47,2,DISTURBANCE - DV - NO ASLT,"DV - ARGUMENTS, DISTURBANCE (NO ARREST)",N3
2026-07-21 19:31:47,2,DISTURBANCE - DV - NO ASLT,"DV - ARGUMENTS, DISTURBANCE (NO ARREST)",N3
2026-07-21 19:31:47,2,DISTURBANCE - DV - NO ASLT,"DV - ARGUMENTS, DISTURBANCE (NO ARREST)",N3
2026-07-21 19:31:47,2,DISTURBANCE - DV - NO ASLT,"DV - ARGUMENTS, DISTURBANCE (NO ARREST)",N3
2026-07-21 19:17:36,3,DISTURBANCE,ASSIST PUBLIC - OTHER (NON-SPECIFIED),K3
2026-07-21 19:17:36,3,DISTURBANCE,ASSIST PUBLIC - OTHER (NON-SPECIFIED),K3
2026-07-21 18:49:45,2,DISTURBANCE,DISTURBANCE - OTHER,U3
2026-07-21 18:35:14,5,TRU - FOLLOW UP,DISTURBANCE - OTHER,E3
2026-07-21 18:32:06,2,DISTURBANCE - DV - NO ASLT,CRISIS COMPLAINT - GENERAL,D2
2026-07-21 18:32:06,2,DISTURBANCE - DV - NO ASLT,CRISIS COMPLAINT - GENERAL,D2
2026-07-21 18:32:06,2,DISTURBANCE - DV - NO ASLT,CRISIS COMPLAINT - GENERAL,D2
2026-07-21 18:32:06,2,DISTURBANCE - DV - NO ASLT,CRISIS COMPLAINT - GENERAL,D2
2026-07-21 18:11:15,2,"LEWD -  (EXPOSING, FLASHING)",DISTURBANCE - OTHER,G1
2026-07-21 17:59:26,2,DISTURBANCE,DISTURBANCE - OTHER,B1
2026-07-21 17:53:29,2,DISTURBANCE,MISCHIEF OR NUISANCE - GENERAL,E3
2026-07-21 17:23:13,2,ROBBERY (INCL STRONG ARM),DISTURBANCE - OTHER,S1
2026-07-21 17:23:13,2,ROBBERY (INCL STRONG ARM),DISTURBANCE - OTHER,S1
2026-07-21 17:23:13,2,ROBBERY (INCL STRONG ARM),DISTURBANCE - OTHER,S1
2026-07-21 17:23:13,2,ROBBERY (INCL STRONG ARM),DISTURBANCE - OTHER,S1
2026-07-21 17:03:55,4,NOISE - GENERAL,DISTURBANCE - NOISE,O2
2026-07-21 17:03:40,2,DISTURBANCE,DISTURBANCE - OTHER,D2
2026-07-21 16:55:25,2,THREATS (INCLS IN-PERSON/BY PHONE/IN WRITING),DISTURBANCE - OTHER,L3
2026-07-21 16:55:25,2,THREATS (INCLS IN-PERSON/BY PHONE/IN WRITING),DISTURBANCE - OTHER,L3
2026-07-21 16:55:25,2,THREATS (INCLS IN-PERSON/BY PHONE/IN WRITING),DISTURBANCE - OTHER,L3
2026-07-21 16:55:25,2,THREATS (INCLS IN-PERSON/BY PHONE/IN WRITING),DISTURBANCE - OTHER,L3
2026-07-21 16:40:07,2,DISTURBANCE,DISTURBANCE - OTHER,K3
2026-07-21 16:40:07,2,DISTURBANCE,DISTURBANCE - OTHER,K3
2026-07-21 16:37:34,1,THREATS (INCLS IN-PERSON/BY PHONE/IN WRITING),DISTURBANCE - OTHER,B1
2026-07-21 16:37:34,1,THREATS (INCLS IN-PERSON/BY PHONE/IN WRITING),DISTURBANCE - OTHER,B1
2026-07-21 16:37:34,1,THREATS (INCLS IN-PERSON/BY PHONE/IN WRITING),DISTURBANCE - OTHER,B1
2026-07-21 16:37:34,1,THREATS (INCLS IN-PERSON/BY PHONE/IN WRITING),DISTURBANCE - OTHER,B1
2026-07-21 16:37:34,1,THREATS (INCLS IN-PERSON/BY PHONE/IN WRITING),DISTURBANCE - OTHER,B1
2026-07-21 16:28:06,2,DISTURBANCE - DV - NO ASLT,DISTURBANCE - OTHER,S2
2026-07-21 16:10:50,2,"LEWD -  (EXPOSING, FLASHING)",DISTURBANCE - OTHER,R3
2026-07-21 16:10:50,2,"LEWD -  (EXPOSING, FLASHING)",DISTURBANCE - OTHER,R3
2026-07-21 16:10:50,2,"LEWD -  (EXPOSING, FLASHING)",DISTURBANCE - OTHER,R3
2026-07-21 16:05:53,2,DISTURBANCE,MISCHIEF OR NUISANCE - GENERAL,E1
2026-07-21 15:53:28,2,DISTURBANCE,DISTURBANCE - OTHER,N2
2026-07-21 15:34:15,2,TRAFFIC - ROAD RAGE,DISTURBANCE - OTHER,M1
2026-07-21 15:26:54,2,THREATS - DV - NO ASSAULT,"DV - ARGUMENTS, DISTURBANCE (NO ARREST)",L3
2026-07-21 15:13:40,2,DISTURBANCE,ASSIST PUBLIC - OTHER (NON-SPECIFIED),S3
2026-07-21 15:09:45,1,DISTURBANCE - DV CRITICAL,DISTURBANCE - OTHER,Q1
2026-07-21 15:09:45,1,DISTURBANCE - DV CRITICAL,DISTURBANCE - OTHER,Q1
2026-07-21 15:09:45,1,DISTURBANCE - DV CRITICAL,DISTURBANCE - OTHER,Q1
2026-07-21 14:46:24,1,UNKNOWN - COMPLAINT OF UNKNOWN NATURE,DISTURBANCE - OTHER,R2
2026-07-21 14:45:31,2,HAZ - POTENTIAL THRT TO PHYS SAFETY,DISTURBANCE - OTHER,U2
2026-07-21 14:42:14,2,THREATS (INCLS IN-PERSON/BY PHONE/IN WRITING),DISTURBANCE - OTHER,W1
2026-07-21 14:42:14,2,THREATS (INCLS IN-PERSON/BY PHONE/IN WRITING),DISTURBANCE - OTHER,W1
2026-07-21 14:42:14,2,THREATS (INCLS IN-PERSON/BY PHONE/IN WRITING),DISTURBANCE - OTHER,W1
2026-07-21 14:42:14,2,THREATS (INCLS IN-PERSON/BY PHONE/IN WRITING),DISTURBANCE - OTHER,W1
2026-07-21 14:40:40,2,DISTURBANCE,DISTURBANCE - OTHER,Q2
2026-07-21 14:40:40,2,DISTURBANCE,DISTURBANCE - OTHER,Q2
2026-07-21 14:33:43,3,NUISANCE,DISTURBANCE - OTHER,S3
2026-07-21 14:08:13,1,"WEAPN - GUN,DEADLY WPN (NO THRTS/ASLT/DIST)",DISTURBANCE - OTHER,C1
2026-07-21 14:08:13,1,"WEAPN - GUN,DEADLY WPN (NO THRTS/ASLT/DIST)",DISTURBANCE - OTHER,C1
2026-07-21 14:08:13,1,"WEAPN - GUN,DEADLY WPN (NO THRTS/ASLT/DIST)",DISTURBANCE - OTHER,C1
2026-07-21 14:08:13,1,"WEAPN - GUN,DEADLY WPN (NO THRTS/ASLT/DIST)",DISTURBANCE - OTHER,C1
2026-07-21 14:08:13,1,"WEAPN - GUN,DEADLY WPN (NO THRTS/ASLT/DIST)",DISTURBANCE - OTHER,C1
2026-07-21 14:05:02,3,THEFT (DOES NOT INCLUDE SHOPLIFT OR SVCS),"DV - ARGUMENTS, DISTURBANCE (NO ARREST)",S3
2026-07-21 14:01:21,2,DISTURBANCE,PROWLER - TRESPASS,G2
2026-07-21 14:01:21,2,DISTURBANCE,PROWLER - TRESPASS,G2
2026-07-21 13:57:11,1,UNKNOWN - ANI/ALI - WRLS PHNS (INCL OPEN LINE),DISTURBANCE - OTHER,K3
2026-07-21 13:52:15,1,SUICIDE - CRITICAL,DISTURBANCE - OTHER,B2
2026-07-21 13:52:15,1,SUICIDE - CRITICAL,DISTURBANCE - OTHER,B2
2026-07-21 13:52:15,1,SUICIDE - CRITICAL,DISTURBANCE - OTHER,B2
2026-07-21 13:48:45,2,DISTURBANCE,DISTURBANCE - OTHER,O3
2026-07-21 13:15:15,3,PEACE-STANDBY TO ASSURE (NO COURT ORDR SVC),DISTURBANCE - OTHER,G2
2026-07-21 13:14:51,2,FIGHT - WITH WEAPONS,DISTURBANCE - FIGHT,Q3
2026-07-21 13:14:51,2,FIGHT - WITH WEAPONS,DISTURBANCE - FIGHT,Q3
2026-07-21 13:14:51,2,FIGHT - WITH WEAPONS,DISTURBANCE - FIGHT,Q3
2026-07-21 13:14:22,2,DISTURBANCE,DISTURBANCE - OTHER,G1
2026-07-21 13:14:22,2,DISTURBANCE,DISTURBANCE - OTHER,G1
2026-07-21 12:59:13,2,DISTURBANCE,PROWLER - TRESPASS,K1
2026-07-21 12:59:13,2,DISTURBANCE,PROWLER - TRESPASS,K1
2026-07-21 12:54:01,2,HAZ - POTENTIAL THRT TO PHYS SAFETY,DISTURBANCE - OTHER,W1
2026-07-21 12:54:01,2,HAZ - POTENTIAL THRT TO PHYS SAFETY,DISTURBANCE - OTHER,W1
2026-07-21 12:53:21,2,DISTURBANCE,SUSPICIOUS CIRCUM. - SUSPICIOUS PERSON,E1
2026-07-21 12:50:15,5,TRU - PROPERTY DESTRUCTION/DAMAGE,DISTURBANCE - OTHER,S3
2026-07-21 12:27:29,2,THREATS (INCLS IN-PERSON/BY PHONE/IN WRITING),DISTURBANCE - OTHER,R1
2026-07-21 12:27:29,2,THREATS (INCLS IN-PERSON/BY PHONE/IN WRITING),DISTURBANCE - OTHER,R1
2026-07-21 12:27:29,2,THREATS (INCLS IN-PERSON/BY PHONE/IN WRITING),DISTURBANCE - OTHER,R1
2026-07-21 12:27:29,2,THREATS (INCLS IN-PERSON/BY PHONE/IN WRITING),DISTURBANCE - OTHER,R1
2026-07-21 12:21:40,2,FIGHT - PHYSICAL (NO WEAPONS),DISTURBANCE - OTHER,D2
2026-07-21 12:21:40,2,FIGHT - PHYSICAL (NO WEAPONS),DISTURBANCE - OTHER,D2
2026-07-21 12:21:40,2,FIGHT - PHYSICAL (NO WEAPONS),DISTURBANCE - OTHER,D2
2026-07-21 12:15:54,3,ORDER - VIOLATION OF COURT ORDER (NON DV),DISTURBANCE - OTHER,C1
2026-07-21 12:15:12,3,PROPERTY - DAMAGE,"DV - ARGUMENTS, DISTURBANCE (NO ARREST)",J2
2026-07-21 11:59:20,2,TRESPASS,DISTURBANCE - OTHER,B1
2026-07-21 11:32:36,2,SUICIDE - SUICIDAL PERSON AND ATTEMPTS,DISTURBANCE - OTHER,E3
2026-07-21 11:25:00,1,DISTURBANCE,DISTURBANCE - OTHER,K2
2026-07-21 11:25:00,1,DISTURBANCE,DISTURBANCE - OTHER,K2
2026-07-21 11:25:00,1,DISTURBANCE,DISTURBANCE - OTHER,K2
2026-07-21 11:25:00,1,DISTURBANCE,DISTURBANCE - OTHER,K2
2026-07-21 11:22:14,3,ASLT - DV,"DV - ARGUMENTS, DISTURBANCE (NO ARREST)",D2
2026-07-21 11:21:25,2,ASLT - WITH OR W/O WPNS (NO SHOOTINGS),DISTURBANCE - OTHER,K3
2026-07-21 11:13:35,5,TRU - FOLLOW UP,DISTURBANCE - OTHER,W1
2026-07-21 11:10:29,3,"ANIMAL - INJURED, DEAD HAZARD, OTHER","ANIMAL COMPLAINT - NOISE,STRAY,BITE",L3
2026-07-21 11:10:29,3,"ANIMAL - INJURED, DEAD HAZARD, OTHER","ANIMAL COMPLAINT - NOISE,STRAY,BITE",L3
2026-07-21 11:04:23,2,FIGHT - PHYSICAL (NO WEAPONS),DISTURBANCE - FIGHT,B1
2026-07-21 11:04:23,2,FIGHT - PHYSICAL (NO WEAPONS),DISTURBANCE - FIGHT,B1
2026-07-21 10:54:55,3,PEACE-STANDBY TO ASSURE (NO COURT ORDR SVC),DISTURBANCE - OTHER,U2
2026-07-21 10:54:55,3,PEACE-STANDBY TO ASSURE (NO COURT ORDR SVC),DISTURBANCE - OTHER,U2
2026-07-21 10:52:56,3,DISTURBANCE,SUSPICIOUS CIRCUM. - SUSPICIOUS PERSON,D2
2026-07-21 10:49:14,2,HAZ - POTENTIAL THRT TO PHYS SAFETY,DISTURBANCE - OTHER,E1
2026-07-21 10:49:14,2,HAZ - POTENTIAL THRT TO PHYS SAFETY,DISTURBANCE - OTHER,E1
2026-07-21 10:42:44,2,DISTURBANCE,DISTURBANCE - OTHER,L2
2026-07-21 10:42:44,2,DISTURBANCE,DISTURBANCE - OTHER,L2
2026-07-21 10:41:02,2,DISTURBANCE,DISTURBANCE,L2
2026-07-21 10:41:02,2,DISTURBANCE,DISTURBANCE,L2
2026-07-21 10:24:14,2,DISTURBANCE,"ASSAULTS, OTHER",U3
2026-07-21 10:24:14,2,DISTURBANCE,"ASSAULTS, OTHER",U3
2026-07-21 10:24:14,2,DISTURBANCE,"ASSAULTS, OTHER",U3
2026-07-21 10:24:14,2,DISTURBANCE,"ASSAULTS, OTHER",U3
2026-07-21 10:18:34,2,DISTURBANCE,DISTURBANCE - OTHER,B1
2026-07-21 10:18:34,2,DISTURBANCE,DISTURBANCE - OTHER,B1
2026-07-21 10:18:34,2,DISTURBANCE,DISTURBANCE - OTHER,B1
2026-07-21 10:16:29,2,DISTURBANCE,DISTURBANCE - OTHER,K2
2026-07-21 10:07:50,2,DISTURBANCE,DISTURBANCE - OTHER,S3
2026-07-21 10:07:47,3,"SUSPICIOUS PERSON, VEHICLE, OR INCIDENT",DISTURBANCE - OTHER,D2
2026-07-21 10:01:19,3,NUISANCE,DISTURBANCE - OTHER,E1
2026-07-21 09:58:49,4,NOISE - GENERAL,CRISIS COMPLAINT - GENERAL,G2
2026-07-21 09:42:13,3,HARAS - NO BIAS OR THREATS,DISTURBANCE - OTHER,W3
2026-07-21 09:42:13,3,HARAS - NO BIAS OR THREATS,DISTURBANCE - OTHER,W3
2026-07-21 09:38:39,2,DISTURBANCE,PROWLER - TRESPASS,G2
2026-07-21 09:38:39,2,DISTURBANCE,PROWLER - TRESPASS,G2
2026-07-21 09:38:39,2,DISTURBANCE,PROWLER - TRESPASS,G2
2026-07-21 09:33:59,5,TRU - SUSPICIOUS CIRCUMSTANCES,DISTURBANCE - OTHER,R1
2026-07-21 09:31:06,2,DISTURBANCE - DV - NO ASLT,"DV - ARGUMENTS, DISTURBANCE (NO ARREST)",S2
2026-07-21 09:31:06,2,DISTURBANCE - DV - NO ASLT,"DV - ARGUMENTS, DISTURBANCE (NO ARREST)",S2
2026-07-21 09:31:06,2,DISTURBANCE - DV - NO ASLT,"DV - ARGUMENTS, DISTURBANCE (NO ARREST)",S2
2026-07-21 09:08:57,2,ASLT - WITH OR W/O WPNS (NO SHOOTINGS),DISTURBANCE - FIGHT,K3
2026-07-21 09:08:57,2,ASLT - WITH OR W/O WPNS (NO SHOOTINGS),DISTURBANCE - FIGHT,K3
2026-07-21 09:08:57,2,ASLT - WITH OR W/O WPNS (NO SHOOTINGS),DISTURBANCE - FIGHT,K3
2026-07-21 08:56:34,5,TRU - THREATS,DISTURBANCE - OTHER,S2
2026-07-21 08:48:54,3,HARAS - NO BIAS OR THREATS,DISTURBANCE - OTHER,U3
2026-07-21 08:48:54,3,HARAS - NO BIAS OR THREATS,DISTURBANCE - OTHER,U3
2026-07-21 08:48:54,3,HARAS - NO BIAS OR THREATS,DISTURBANCE - OTHER,U3
2026-07-21 08:36:08,2,DISTURBANCE,ROBBERY - STRONG ARM,L2
2026-07-21 08:36:08,2,DISTURBANCE,ROBBERY - STRONG ARM,L2
2026-07-21 08:36:08,2,DISTURBANCE,ROBBERY - STRONG ARM,L2
2026-07-21 08:33:15,2,DISTURBANCE - DV - NO ASLT,SEX OFFENSES (RAPE) - MOLESTING,U3
2026-07-21 08:33:15,2,DISTURBANCE - DV - NO ASLT,SEX OFFENSES (RAPE) - MOLESTING,U3
2026-07-21 08:22:49,3,DISTURBANCE,DISTURBANCE - OTHER,Q3
2026-07-21 08:15:29,2,DISTURBANCE,SUSPICIOUS CIRCUM. - SUSPICIOUS PERSON,J3
2026-07-21 08:15:29,2,DISTURBANCE,SUSPICIOUS CIRCUM. - SUSPICIOUS PERSON,J3
2026-07-21 08:12:03,2,THREATS (INCLS IN-PERSON/BY PHONE/IN WRITING),DISTURBANCE - OTHER,D3
2026-07-21 08:03:36,3,PROPERTY - DAMAGE,DISTURBANCE - OTHER,R2
2026-07-21 08:03:36,3,PROPERTY - DAMAGE,DISTURBANCE - OTHER,R2
2026-07-21 07:51:16,2,DISTURBANCE,DISTURBANCE - OTHER,R1
2026-07-21 07:51:16,2,DISTURBANCE,DISTURBANCE - OTHER,R1
2026-07-21 07:51:16,2,DISTURBANCE,DISTURBANCE - OTHER,R1
2026-07-21 07:26:57,2,DISTURBANCE,DISTURBANCE - NOISE,M2
2026-07-21 07:13:27,1,UNKNOWN - ANI/ALI - LANDLINE (INCLUDES OPEN LINE),DISTURBANCE - OTHER,L2
2026-07-21 07:13:27,1,UNKNOWN - ANI/ALI - LANDLINE (INCLUDES OPEN LINE),DISTURBANCE - OTHER,L2
2026-07-21 06:58:43,2,DISTURBANCE,SUSPICIOUS CIRCUM. - SUSPICIOUS PERSON,C3
2026-07-21 06:58:43,2,DISTURBANCE,SUSPICIOUS CIRCUM. - SUSPICIOUS PERSON,C3
2026-07-21 06:55:52,5,TRU - RESIDENTIAL BURGLARY,DISTURBANCE,D3
2026-07-21 06:42:52,2,DISTURBANCE - DV - NO ASLT,"DV - ARGUMENTS, DISTURBANCE (NO ARREST)",E1
2026-07-21 06:42:52,2,DISTURBANCE - DV - NO ASLT,"DV - ARGUMENTS, DISTURBANCE (NO ARREST)",E1
2026-07-21 05:29:12,2,DISTURBANCE,DISTURBANCE - OTHER,D2
2026-07-21 05:29:12,2,DISTURBANCE,DISTURBANCE - OTHER,D2
2026-07-21 05:29:12,2,DISTURBANCE,DISTURBANCE - OTHER,D2
2026-07-21 05:11:33,3,DISTURBANCE,DISTURBANCE - OTHER,K3
2026-07-21 04:43:53,4,NOISE - GENERAL,DISTURBANCE - NOISE,L1
2026-07-21 04:34:48,2,DISTURBANCE,DISTURBANCE - OTHER,W2
2026-07-21 04:34:48,2,DISTURBANCE,DISTURBANCE - OTHER,W2
2026-07-21 04:34:48,2,DISTURBANCE,DISTURBANCE - OTHER,W2
2026-07-21 04:34:03,2,THREATS (INCLS IN-PERSON/BY PHONE/IN WRITING),DISTURBANCE - OTHER,N2
2026-07-21 04:34:03,2,THREATS (INCLS IN-PERSON/BY PHONE/IN WRITING),DISTURBANCE - OTHER,N2
2026-07-21 04:22:13,2,DISTURBANCE - DV - NO ASLT,CRISIS COMPLAINT - GENERAL,L3
2026-07-21 04:22:13,2,DISTURBANCE - DV - NO ASLT,CRISIS COMPLAINT - GENERAL,L3
2026-07-21 04:22:13,2,DISTURBANCE - DV - NO ASLT,CRISIS COMPLAINT - GENERAL,L3
2026-07-21 04:22:13,2,DISTURBANCE - DV - NO ASLT,CRISIS COMPLAINT - GENERAL,L3
2026-07-21 04:07:43,2,SERVICE - WELFARE CHECK,DISTURBANCE - OTHER,O3
2026-07-21 04:07:43,2,SERVICE - WELFARE CHECK,DISTURBANCE - OTHER,O3
2026-07-21 04:07:43,2,SERVICE - WELFARE CHECK,DISTURBANCE - OTHER,O3
2026-07-21 03:46:54,1,UNKNOWN - COMPLAINT OF UNKNOWN NATURE,DISTURBANCE - OTHER,W2
2026-07-21 03:46:54,1,UNKNOWN - COMPLAINT OF UNKNOWN NATURE,DISTURBANCE - OTHER,W2
2026-07-21 03:46:54,1,UNKNOWN - COMPLAINT OF UNKNOWN NATURE,DISTURBANCE - OTHER,W2
2026-07-21 03:46:54,1,UNKNOWN - COMPLAINT OF UNKNOWN NATURE,DISTURBANCE - OTHER,W2
2026-07-21 03:16:28,4,NOISE - GENERAL,DISTURBANCE - OTHER,E1
2026-07-21 03:16:14,2,"CHILD - ABAND, ABUSE, MOLEST, NEGLECT",DISTURBANCE - OTHER,N2
2026-07-21 03:16:14,2,"CHILD - ABAND, ABUSE, MOLEST, NEGLECT",DISTURBANCE - OTHER,N2
2026-07-21 03:16:14,2,"CHILD - ABAND, ABUSE, MOLEST, NEGLECT",DISTURBANCE - OTHER,N2
2026-07-21 02:46:11,2,DISTURBANCE,DISTURBANCE - OTHER,L2
2026-07-21 02:46:11,2,DISTURBANCE,DISTURBANCE - OTHER,L2
2026-07-21 02:46:11,2,DISTURBANCE,DISTURBANCE - OTHER,L2
2026-07-21 02:46:11,2,DISTURBANCE,DISTURBANCE - OTHER,L2
2026-07-21 02:44:37,2,DISTURBANCE,DISTURBANCE - OTHER,E1
2026-07-21 02:44:37,2,DISTURBANCE,DISTURBANCE - OTHER,E1
2026-07-21 02:42:50,1,UNKNOWN - COMPLAINT OF UNKNOWN NATURE,"DV - ARGUMENTS, DISTURBANCE (NO ARREST)",S1
2026-07-21 02:42:50,1,UNKNOWN - COMPLAINT OF UNKNOWN NATURE,"DV - ARGUMENTS, DISTURBANCE (NO ARREST)",S1
2026-07-21 02:42:50,1,UNKNOWN - COMPLAINT OF UNKNOWN NATURE,"DV - ARGUMENTS, DISTURBANCE (NO ARREST)",S1
2026-07-21 02:42:50,1,UNKNOWN - COMPLAINT OF UNKNOWN NATURE,"DV - ARGUMENTS, DISTURBANCE (NO ARREST)",S1
2026-07-21 02:42:50,1,UNKNOWN - COMPLAINT OF UNKNOWN NATURE,"DV - ARGUMENTS, DISTURBANCE (NO ARREST)",S1
2026-07-21 02:42:21,1,DISTURBANCE - DV CRITICAL,DV - DOMESTIC VIOL/ASLT (ARREST MANDATORY),S3
2026-07-21 02:42:21,1,DISTURBANCE - DV CRITICAL,DV - DOMESTIC VIOL/ASLT (ARREST MANDATORY),S3
2026-07-21 02:42:21,1,DISTURBANCE - DV CRITICAL,DV - DOMESTIC VIOL/ASLT (ARREST MANDATORY),S3
2026-07-21 02:42:21,1,DISTURBANCE - DV CRITICAL,DV - DOMESTIC VIOL/ASLT (ARREST MANDATORY),S3
2026-07-21 02:31:55,4,NOISE - GENERAL,CRISIS COMPLAINT - GENERAL,G2
2026-07-21 02:27:57,2,DISTURBANCE,DISTURBANCE - OTHER,R1
2026-07-21 02:27:57,2,DISTURBANCE,DISTURBANCE - OTHER,R1
2026-07-21 02:27:57,2,DISTURBANCE,DISTURBANCE - OTHER,R1
2026-07-21 02:18:50,2,DISTURBANCE,CRISIS COMPLAINT - GENERAL,C2
2026-07-21 02:18:50,2,DISTURBANCE,CRISIS COMPLAINT - GENERAL,C2
2026-07-21 02:09:42,2,DISTURBANCE,PROPERTY DEST (DAMG),B1
2026-07-21 02:09:42,2,DISTURBANCE,PROPERTY DEST (DAMG),B1
2026-07-21 02:09:42,2,DISTURBANCE,PROPERTY DEST (DAMG),B1
2026-07-21 02:09:42,2,DISTURBANCE,PROPERTY DEST (DAMG),B1
2026-07-21 02:09:42,2,DISTURBANCE,PROPERTY DEST (DAMG),B1
2026-07-21 02:09:42,2,DISTURBANCE,PROPERTY DEST (DAMG),B1
2026-07-21 02:09:42,2,DISTURBANCE,PROPERTY DEST (DAMG),B1
2026-07-21 02:09:42,2,DISTURBANCE,PROPERTY DEST (DAMG),B1
2026-07-21 02:09:42,2,DISTURBANCE,PROPERTY DEST (DAMG),B1
2026-07-21 02:04:19,2,ASLT - WITH OR W/O WPNS (NO SHOOTINGS),DISTURBANCE - OTHER,U1
2026-07-21 02:04:19,2,ASLT - WITH OR W/O WPNS (NO SHOOTINGS),DISTURBANCE - OTHER,U1
2026-07-21 02:04:19,2,ASLT - WITH OR W/O WPNS (NO SHOOTINGS),DISTURBANCE - OTHER,U1
2026-07-21 01:59:39,4,NOISE - GENERAL,DISTURBANCE - NOISE,E1
2026-07-21 01:46:18,2,ASLT - DV,NOISE - GENERAL,E3
2026-07-21 01:46:18,2,ASLT - DV,NOISE - GENERAL,E3
2026-07-21 01:37:51,4,NOISE - GENERAL,CRISIS COMPLAINT - GENERAL,G2
2026-07-21 01:37:51,4,NOISE - GENERAL,CRISIS COMPLAINT - GENERAL,G2
2026-07-21 01:37:51,4,NOISE - GENERAL,CRISIS COMPLAINT - GENERAL,G2
2026-07-21 01:25:46,4,NOISE - GENERAL,DISTURBANCE - NOISE,E1
2026-07-21 01:25:18,2,DISTURBANCE,DISTURBANCE - OTHER,B1
2026-07-21 01:25:18,2,DISTURBANCE,DISTURBANCE - OTHER,B1
2026-07-21 01:02:15,2,SHOTS HEARD - DELAY,DISTURBANCE - NOISE,L2
2026-07-21 01:02:15,2,SHOTS HEARD - DELAY,DISTURBANCE - NOISE,L2
2026-07-21 01:01:17,1,DISTURBANCE - DV CRITICAL,DV - DOMESTIC VIOL/ASLT (ARREST MANDATORY),N1
2026-07-21 01:01:17,1,DISTURBANCE - DV CRITICAL,DV - DOMESTIC VIOL/ASLT (ARREST MANDATORY),N1
2026-07-21 01:01:17,1,DISTURBANCE - DV CRITICAL,DV - DOMESTIC VIOL/ASLT (ARREST MANDATORY),N1
2026-07-21 01:01:17,1,DISTURBANCE - DV CRITICAL,DV - DOMESTIC VIOL/ASLT (ARREST MANDATORY),N1
2026-07-21 01:01:17,1,DISTURBANCE - DV CRITICAL,DV - DOMESTIC VIOL/ASLT (ARREST MANDATORY),N1
2026-07-21 01:01:17,1,DISTURBANCE - DV CRITICAL,DV - DOMESTIC VIOL/ASLT (ARREST MANDATORY),N1
2026-07-21 01:01:17,1,DISTURBANCE - DV CRITICAL,DV - DOMESTIC VIOL/ASLT (ARREST MANDATORY),N1
2026-07-21 00:49:34,4,NOISE - GENERAL,DISTURBANCE - NOISE,E3
2026-07-21 00:39:56,3,"SUSPICIOUS PERSON, VEHICLE, OR INCIDENT",DISTURBANCE - NOISE,R1
2026-07-21 00:28:46,1,DISTURBANCE - DV CRITICAL,DV - DOMESTIC VIOL/ASLT (ARREST MANDATORY),K3
2026-07-21 00:28:46,1,DISTURBANCE - DV CRITICAL,DV - DOMESTIC VIOL/ASLT (ARREST MANDATORY),K3
2026-07-21 00:21:11,2,DISTURBANCE - DV - NO ASLT,DISTURBANCE - DV - NO ASLT,S1
2026-07-21 00:21:11,2,DISTURBANCE - DV - NO ASLT,DISTURBANCE - DV - NO ASLT,S1
2026-07-21 00:21:11,2,DISTURBANCE - DV - NO ASLT,DISTURBANCE - DV - NO ASLT,S1
2026-07-21 00:18:33,2,DISTURBANCE,DISTURBANCE - OTHER,U1
2026-07-21 00:18:33,2,DISTURBANCE,DISTURBANCE - OTHER,U1
2026-07-21 00:17:00,2,"SUSPICIOUS PERSON, VEHICLE, OR INCIDENT",DISTURBANCE - OTHER,N3
2026-07-21 00:17:00,2,"SUSPICIOUS PERSON, VEHICLE, OR INCIDENT",DISTURBANCE - OTHER,N3
2026-07-21 00:13:08,4,NOISE - GENERAL,DISTURBANCE - NOISE,G1
2026-07-20 23:39:37,2,ASLT - DV,"DV - ARGUMENTS, DISTURBANCE (NO ARREST)",G1
2026-07-20 23:39:37,2,ASLT - DV,"DV - ARGUMENTS, DISTURBANCE (NO ARREST)",G1
2026-07-20 23:39:37,2,ASLT - DV,"DV - ARGUMENTS, DISTURBANCE (NO ARREST)",G1
2026-07-20 23:39:37,2,ASLT - DV,"DV - ARGUMENTS, DISTURBANCE (NO ARREST)",G1
2026-07-20 23:39:37,2,ASLT - DV,"DV - ARGUMENTS, DISTURBANCE (NO ARREST)",G1
2026-07-20 23:26:54,3,"ANIMAL - INJURED, DEAD HAZARD, OTHER","ANIMAL COMPLAINT - NOISE,STRAY,BITE",Q1
2026-07-20 23:26:54,3,"ANIMAL - INJURED, DEAD HAZARD, OTHER","ANIMAL COMPLAINT - NOISE,STRAY,BITE",Q1
2026-07-20 23:11:29,1,DISTURBANCE - DV CRITICAL,"DV - ARGUMENTS, DISTURBANCE (NO ARREST)",N1
2026-07-20 23:11:29,1,DISTURBANCE - DV CRITICAL,"DV - ARGUMENTS, DISTURBANCE (NO ARREST)",N1
2026-07-20 23:03:51,4,FIREWORKS (NO HAZARD),DISTURBANCE - NOISE,J2
2026-07-20 22:54:42,2,DISTURBANCE,DISTURBANCE - OTHER,U3
2026-07-20 22:53:17,1,DISTURBANCE - DV CRITICAL,DISTURBANCE - OTHER,W1
2026-07-20 22:53:17,1,DISTURBANCE - DV CRITICAL,DISTURBANCE - OTHER,W1
2026-07-20 22:53:17,1,DISTURBANCE - DV CRITICAL,DISTURBANCE - OTHER,W1
2026-07-20 22:52:26,4,NOISE - GENERAL,SUSPICIOUS CIRCUM. - SUSPICIOUS VEHICLE,S2
2026-07-20 22:48:03,2,DISTURBANCE,DISTURBANCE - OTHER,E1
2026-07-20 22:41:36,4,FIREWORKS (NO HAZARD),DISTURBANCE - NOISE,O3
2026-07-20 22:41:36,4,FIREWORKS (NO HAZARD),DISTURBANCE - NOISE,O3
2026-07-20 22:41:36,4,FIREWORKS (NO HAZARD),DISTURBANCE - NOISE,O3
2026-07-20 22:41:36,4,FIREWORKS (NO HAZARD),DISTURBANCE - NOISE,O3
2026-07-20 22:41:36,4,FIREWORKS (NO HAZARD),DISTURBANCE - NOISE,O3
2026-07-20 22:36:48,2,DISTURBANCE,"ARSON,BOMBS,EXPLO - BOMBS, EXPLO,LARGE FIREWORKS",R2
2026-07-20 22:35:16,3,ASLT - WITH OR W/O WPNS (NO SHOOTINGS),DISTURBANCE - FIGHT,U3
2026-07-20 22:35:16,3,ASLT - WITH OR W/O WPNS (NO SHOOTINGS),DISTURBANCE - FIGHT,U3
2026-07-20 22:16:44,2,SHOTS HEARD - DELAY,DISTURBANCE - NOISE,U1
2026-07-20 22:16:44,2,SHOTS HEARD - DELAY,DISTURBANCE - NOISE,U1
2026-07-20 22:16:44,2,SHOTS HEARD - DELAY,DISTURBANCE - NOISE,U1
2026-07-20 22:16:44,2,SHOTS HEARD - DELAY,DISTURBANCE - NOISE,U1
2026-07-20 22:11:31,3,NUISANCE,DISTURBANCE - OTHER,J1
2026-07-20 22:02:20,3,ANIMAL - DANGEROUS,"ANIMAL COMPLAINT - NOISE,STRAY,BITE",S1
2026-07-20 22:02:20,3,ANIMAL - DANGEROUS,"ANIMAL COMPLAINT - NOISE,STRAY,BITE",S1
2026-07-20 22:02:20,3,ANIMAL - DANGEROUS,"ANIMAL COMPLAINT - NOISE,STRAY,BITE",S1
2026-07-20 22:00:35,4,NOISE - GENERAL,DISTURBANCE - NOISE,J3
2026-07-20 21:55:51,2,ASLT - WITH OR W/O WPNS (NO SHOOTINGS),DISTURBANCE - OTHER,U2
2026-07-20 21:55:51,2,ASLT - WITH OR W/O WPNS (NO SHOOTINGS),DISTURBANCE - OTHER,U2
2026-07-20 21:54:58,4,NOISE - GENERAL,DISTURBANCE - NOISE RESIDENTIAL,K3
2026-07-20 21:49:15,1,SHOTS HEARD - IN PROGRESS,DISTURBANCE - OTHER,R2
2026-07-20 21:49:15,1,SHOTS HEARD - IN PROGRESS,DISTURBANCE - OTHER,R2
2026-07-20 21:44:30,2,DISTURBANCE,DISTURBANCE - OTHER,E3
2026-07-20 21:44:30,2,DISTURBANCE,DISTURBANCE - OTHER,E3
2026-07-20 21:42:34,1,SHOTS HEARD - IN PROGRESS,DISTURBANCE - NOISE,L1
2026-07-20 21:42:34,1,SHOTS HEARD - IN PROGRESS,DISTURBANCE - NOISE,L1
2026-07-20 21:42:05,4,NOISE - GENERAL,DISTURBANCE - NOISE,C2
2026-07-20 21:35:19,2,SFD - ASSIST ON FIRE OR MEDIC RESPONSE,DISTURBANCE - OTHER,G3
2026-07-20 21:35:19,2,SFD - ASSIST ON FIRE OR MEDIC RESPONSE,DISTURBANCE - OTHER,G3
2026-07-20 21:31:43,2,DISTURBANCE,DISTURBANCE - OTHER,R3
2026-07-20 21:31:43,2,DISTURBANCE,DISTURBANCE - OTHER,R3
2026-07-20 21:31:43,2,DISTURBANCE,DISTURBANCE - OTHER,R3
2026-07-20 21:30:39,2,ASLT - WITH OR W/O WPNS (NO SHOOTINGS),"DV - ARGUMENTS, DISTURBANCE (NO ARREST)",L3
2026-07-20 21:30:39,2,ASLT - WITH OR W/O WPNS (NO SHOOTINGS),"DV - ARGUMENTS, DISTURBANCE (NO ARREST)",L3
2026-07-20 21:30:39,2,ASLT - WITH OR W/O WPNS (NO SHOOTINGS),"DV - ARGUMENTS, DISTURBANCE (NO ARREST)",L3
2026-07-20 21:15:26,7,SUSPICIOUS STOP - OFFICER INITIATED ONVIEW,DISTURBANCE - OTHER,E1
2026-07-20 21:15:26,7,SUSPICIOUS STOP - OFFICER INITIATED ONVIEW,DISTURBANCE - OTHER,E1
2026-07-20 21:15:26,7,SUSPICIOUS STOP - OFFICER INITIATED ONVIEW,DISTURBANCE - OTHER,E1
2026-07-20 21:12:29,2,DISTURBANCE,DISTURBANCE - OTHER,J2
2026-07-20 20:55:50,2,ASLT - DV,DISTURBANCE - OTHER,COMM
2026-07-20 20:46:20,4,FIREWORKS (NO HAZARD),DISTURBANCE - NOISE,K1
2026-07-20 20:44:23,2,DISTURBANCE - DV - NO ASLT,CRISIS COMPLAINT - GENERAL,R1
2026-07-20 20:44:23,2,DISTURBANCE - DV - NO ASLT,CRISIS COMPLAINT - GENERAL,R1
2026-07-20 20:44:23,2,DISTURBANCE - DV - NO ASLT,CRISIS COMPLAINT - GENERAL,R1
2026-07-20 20:44:23,2,DISTURBANCE - DV - NO ASLT,CRISIS COMPLAINT - GENERAL,R1
2026-07-20 20:44:23,2,DISTURBANCE - DV - NO ASLT,CRISIS COMPLAINT - GENERAL,R1
2026-07-20 20:44:23,2,DISTURBANCE - DV - NO ASLT,CRISIS COMPLAINT - GENERAL,R1
2026-07-20 20:43:39,3,ASLT - WITH OR W/O WPNS (NO SHOOTINGS),DISTURBANCE - OTHER,D2
2026-07-20 20:43:39,3,ASLT - WITH OR W/O WPNS (NO SHOOTINGS),DISTURBANCE - OTHER,D2
2026-07-20 20:43:23,2,DISTURBANCE,SUSPICIOUS CIRCUM. - SUSPICIOUS PERSON,Q2
2026-07-20 20:27:43,2,DISTURBANCE,DISTURBANCE - OTHER,W2
2026-07-20 20:22:07,2,DISTURBANCE,ASSIST PUBLIC - OTHER (NON-SPECIFIED),W2
2026-07-20 20:22:07,2,DISTURBANCE,ASSIST PUBLIC - OTHER (NON-SPECIFIED),W2
2026-07-20 19:59:12,3,DISTURBANCE - DV - NO ASLT,"DV - ARGUMENTS, DISTURBANCE (NO ARREST)",J2
2026-07-20 19:53:19,4,NOISE - GENERAL,DISTURBANCE - OTHER,D1
2026-07-20 19:49:09,2,HAZ - POTENTIAL THRT TO PHYS SAFETY,DISTURBANCE - OTHER,S3
2026-07-20 19:49:09,2,HAZ - POTENTIAL THRT TO PHYS SAFETY,DISTURBANCE - OTHER,S3
2026-07-20 19:47:55,4,NOISE - GENERAL,DISTURBANCE - NOISE RESIDENTIAL,Q2
2026-07-20 19:37:56,2,THREATS (INCLS IN-PERSON/BY PHONE/IN WRITING),DISTURBANCE - OTHER,L2
2026-07-20 19:37:56,2,THREATS (INCLS IN-PERSON/BY PHONE/IN WRITING),DISTURBANCE - OTHER,L2
2026-07-20 19:37:56,2,THREATS (INCLS IN-PERSON/BY PHONE/IN WRITING),DISTURBANCE - OTHER,L2
2026-07-20 19:36:51,1,UNKNOWN - ANI/ALI - WRLS PHNS (INCL OPEN LINE),DISTURBANCE - OTHER,G1
2026-07-20 19:35:11,2,"SUSPICIOUS PERSON, VEHICLE, OR INCIDENT",DISTURBANCE - OTHER,B2
2026-07-20 19:35:11,2,"SUSPICIOUS PERSON, VEHICLE, OR INCIDENT",DISTURBANCE - OTHER,B2
2026-07-20 19:22:57,1,DOWN - CHECK FOR DOWN PERSON,DISTURBANCE - OTHER,E1
2026-07-20 19:20:44,2,DISTURBANCE,SUSPICIOUS CIRCUM. - SUSPICIOUS PERSON,R2
2026-07-20 19:20:44,2,DISTURBANCE,SUSPICIOUS CIRCUM. - SUSPICIOUS PERSON,R2
2026-07-20 19:20:44,2,DISTURBANCE,SUSPICIOUS CIRCUM. - SUSPICIOUS PERSON,R2
2026-07-20 19:11:57,1,DISTURBANCE,DISTURBANCE - NOISE RESIDENTIAL,S3
2026-07-20 19:11:57,1,DISTURBANCE,DISTURBANCE - NOISE RESIDENTIAL,S3
2026-07-20 19:11:57,1,DISTURBANCE,DISTURBANCE - NOISE RESIDENTIAL,S3
2026-07-20 19:10:37,2,DISTURBANCE,DISTURBANCE - OTHER,L1
2026-07-20 19:03:33,2,DISTURBANCE,DISTURBANCE - OTHER,K3
2026-07-20 18:41:05,2,DISTURBANCE,DISTURBANCE - OTHER,W2
2026-07-20 18:41:05,2,DISTURBANCE,DISTURBANCE - OTHER,W2
2026-07-20 18:41:05,2,DISTURBANCE,DISTURBANCE - OTHER,W2
2026-07-20 18:38:10,1,UNKNOWN - ANI/ALI - WRLS PHNS (INCL OPEN LINE),DISTURBANCE - OTHER,K3
2026-07-20 18:38:10,1,UNKNOWN - ANI/ALI - WRLS PHNS (INCL OPEN LINE),DISTURBANCE - OTHER,K3
2026-07-20 18:38:10,1,UNKNOWN - ANI/ALI - WRLS PHNS (INCL OPEN LINE),DISTURBANCE - OTHER,K3
2026-07-20 18:27:17,2,DISTURBANCE - DV - NO ASLT,"DV - ARGUMENTS, DISTURBANCE (NO ARREST)",L3
2026-07-20 18:27:17,2,DISTURBANCE - DV - NO ASLT,"DV - ARGUMENTS, DISTURBANCE (NO ARREST)",L3
2026-07-20 18:19:58,2,"LEWD -  (EXPOSING, FLASHING)",DISTURBANCE - OTHER,L2
2026-07-20 18:19:50,3,DISTURBANCE,DISTURBANCE - OTHER,B1
2026-07-20 18:17:40,2,DISTURBANCE - DV - NO ASLT,CRISIS COMPLAINT - PICK-UP OR TRANSPORT,R3
2026-07-20 18:17:40,2,DISTURBANCE - DV - NO ASLT,CRISIS COMPLAINT - PICK-UP OR TRANSPORT,R3
2026-07-20 18:17:40,2,DISTURBANCE - DV - NO ASLT,CRISIS COMPLAINT - PICK-UP OR TRANSPORT,R3
2026-07-20 18:17:40,2,DISTURBANCE - DV - NO ASLT,CRISIS COMPLAINT - PICK-UP OR TRANSPORT,R3
2026-07-20 18:17:40,2,DISTURBANCE - DV - NO ASLT,CRISIS COMPLAINT - PICK-UP OR TRANSPORT,R3
2026-07-20 18:17:00,2,DISTURBANCE,DISTURBANCE - OTHER,N1
2026-07-20 18:17:00,2,DISTURBANCE,DISTURBANCE - OTHER,N1
2026-07-20 17:49:54,2,DISTURBANCE,DISTURBANCE - OTHER,L3
2026-07-20 17:47:19,2,DISTURBANCE,DISTURBANCE - OTHER,W1
2026-07-20 17:47:19,2,DISTURBANCE,DISTURBANCE - OTHER,W1
2026-07-20 17:44:26,2,ROBBERY (INCL STRONG ARM),DISTURBANCE - OTHER,K3
2026-07-20 17:31:50,2,DISTURBANCE,DISTURBANCE - OTHER,U1
2026-07-20 17:31:50,2,DISTURBANCE,DISTURBANCE - OTHER,U1
2026-07-20 17:31:50,2,DISTURBANCE,DISTURBANCE - OTHER,U1
2026-07-20 17:11:32,2,DISTURBANCE,SUSPICIOUS CIRCUM. - SUSPICIOUS PERSON,K1
2026-07-20 17:09:57,2,TRAFFIC - ROAD RAGE,DISTURBANCE - OTHER,F1
2026-07-20 17:09:25,2,DISTURBANCE - DV - NO ASLT,"DV - ARGUMENTS, DISTURBANCE (NO ARREST)",D3
2026-07-20 17:09:25,2,DISTURBANCE - DV - NO ASLT,"DV - ARGUMENTS, DISTURBANCE (NO ARREST)",D3
2026-07-20 17:09:25,2,DISTURBANCE - DV - NO ASLT,"DV - ARGUMENTS, DISTURBANCE (NO ARREST)",D3
2026-07-20 17:07:00,2,DISTURBANCE,DISTURBANCE - OTHER,B2
2026-07-20 17:01:46,2,"LEWD -  (EXPOSING, FLASHING)",DISTURBANCE - OTHER,L2
2026-07-20 16:55:58,1,FIGHT - CRITICAL WITH WEAPONS,DISTURBANCE - FIGHT,D3
2026-07-20 16:55:58,1,FIGHT - CRITICAL WITH WEAPONS,DISTURBANCE - FIGHT,D3
2026-07-20 16:55:58,1,FIGHT - CRITICAL WITH WEAPONS,DISTURBANCE - FIGHT,D3
2026-07-20 16:55:58,1,FIGHT - CRITICAL WITH WEAPONS,DISTURBANCE - FIGHT,D3
2026-07-20 16:55:58,1,FIGHT - CRITICAL WITH WEAPONS,DISTURBANCE - FIGHT,D3
2026-07-20 16:55:58,1,FIGHT - CRITICAL WITH WEAPONS,DISTURBANCE - FIGHT,D3
2026-07-20 16:55:14,2,ORDER - VIOLATION OF COURT ORDER (NON DV),DISTURBANCE - OTHER,J3
2026-07-20 16:48:07,7,TRAF - ELUDING POLICE,DISTURBANCE - OTHER,R2
2026-07-20 16:48:07,7,TRAF - ELUDING POLICE,DISTURBANCE - OTHER,R2
2026-07-20 16:48:07,7,TRAF - ELUDING POLICE,DISTURBANCE - OTHER,R2
2026-07-20 16:48:07,7,TRAF - ELUDING POLICE,DISTURBANCE - OTHER,R2
2026-07-20 16:38:07,5,TRU - HARASSMENT,DISTURBANCE - OTHER,J1
2026-07-20 16:35:21,3,NUISANCE,DISTURBANCE - OTHER,Q1
2026-07-20 16:34:24,3,SERVICE - WELFARE CHECK,DISTURBANCE - OTHER,B1
2026-07-20 16:34:24,3,SERVICE - WELFARE CHECK,DISTURBANCE - OTHER,B1
2026-07-20 16:31:18,2,FIGHT - PHYSICAL (NO WEAPONS),DISTURBANCE - OTHER,M1
2026-07-20 16:31:18,2,FIGHT - PHYSICAL (NO WEAPONS),DISTURBANCE - OTHER,M1
2026-07-20 16:31:18,2,FIGHT - PHYSICAL (NO WEAPONS),DISTURBANCE - OTHER,M1
2026-07-20 16:17:21,2,DISTURBANCE,DISTURBANCE,L3
2026-07-20 16:17:21,2,DISTURBANCE,DISTURBANCE,L3
2026-07-20 16:14:43,5,TRU - DISTURBANCE,DISTURBANCE - OTHER,R1
2026-07-20 16:00:55,1,UNKNOWN - ANI/ALI - LANDLINE (INCLUDES OPEN LINE),DISTURBANCE - OTHER,Q3
2026-07-20 16:00:55,1,UNKNOWN - ANI/ALI - LANDLINE (INCLUDES OPEN LINE),DISTURBANCE - OTHER,Q3
2026-07-20 15:59:48,2,DISTURBANCE,DISTURBANCE - OTHER,R2
2026-07-20 15:59:48,2,DISTURBANCE,DISTURBANCE - OTHER,R2
2026-07-20 15:56:27,2,DISTURBANCE,SUSPICIOUS CIRCUM. - SUSPICIOUS PERSON,Q1
2026-07-20 15:55:39,5,TRU - FOLLOW UP,DISTURBANCE - OTHER,L3
2026-07-20 15:42:43,5,TRU - FOLLOW UP,DISTURBANCE - OTHER,S3
2026-07-20 15:40:11,2,DISTURBANCE,DISTURBANCE - OTHER,K3
2026-07-20 15:36:38,3,HARAS - NO BIAS OR THREATS,DISTURBANCE - OTHER,S1
2026-07-20 15:36:38,3,HARAS - NO BIAS OR THREATS,DISTURBANCE - OTHER,S1
2026-07-20 15:36:38,3,HARAS - NO BIAS OR THREATS,DISTURBANCE - OTHER,S1
2026-07-20 15:29:11,3,"NARCOTICS - VIOLATIONS (LOITER, USE, SELL, NARS)",DISTURBANCE - OTHER,M3
2026-07-20 15:26:59,1,DISTURBANCE,"ASSAULTS - HARASSMENT, THREATS",C3
2026-07-20 15:26:59,1,DISTURBANCE,"ASSAULTS - HARASSMENT, THREATS",C3
2026-07-20 15:26:59,1,DISTURBANCE,"ASSAULTS - HARASSMENT, THREATS",C3
2026-07-20 15:26:59,1,DISTURBANCE,"ASSAULTS - HARASSMENT, THREATS",C3
2026-07-20 15:26:59,1,DISTURBANCE,"ASSAULTS - HARASSMENT, THREATS",C3
2026-07-20 15:26:59,1,DISTURBANCE,"ASSAULTS - HARASSMENT, THREATS",C3
2026-07-20 15:23:06,1,ORDER - CRITICAL VIOLATION OF DV COURT ORDER,DISTURBANCE - OTHER,R1
2026-07-20 15:23:06,1,ORDER - CRITICAL VIOLATION OF DV COURT ORDER,DISTURBANCE - OTHER,R1
2026-07-20 15:23:06,1,ORDER - CRITICAL VIOLATION OF DV COURT ORDER,DISTURBANCE - OTHER,R1
2026-07-20 15:23:06,1,ORDER - CRITICAL VIOLATION OF DV COURT ORDER,DISTURBANCE - OTHER,R1
2026-07-20 15:23:06,1,ORDER - CRITICAL VIOLATION OF DV COURT ORDER,DISTURBANCE - OTHER,R1
2026-07-20 15:23:06,1,ORDER - CRITICAL VIOLATION OF DV COURT ORDER,DISTURBANCE - OTHER,R1
2026-07-20 15:23:06,1,ORDER - CRITICAL VIOLATION OF DV COURT ORDER,DISTURBANCE - OTHER,R1
2026-07-20 15:14:46,2,DISTURBANCE,MISC MISD AND VIOLS - RECKLESS ENDANGERMENT,R2
2026-07-20 15:03:52,2,DUI - DRIVING UNDER INFLUENCE,DISTURBANCE - OTHER,L1
2026-07-20 15:03:18,3,NUISANCE,DISTURBANCE - OTHER,U2
2026-07-20 14:55:06,5,TRU - FRAUD,DISTURBANCE - JUVENILE,W3
2026-07-20 14:52:18,2,DISTURBANCE,SUSPICIOUS CIRCUM. - SUSPICIOUS PERSON,B1
2026-07-20 14:34:42,2,ASLT - WITH OR W/O WPNS (NO SHOOTINGS),DISTURBANCE - OTHER,K3
2026-07-20 14:32:37,2,DISTURBANCE,DISTURBANCE - OTHER,F2
2026-07-20 14:32:37,2,DISTURBANCE,DISTURBANCE - OTHER,F2
2026-07-20 14:32:37,2,DISTURBANCE,DISTURBANCE - OTHER,F2
2026-07-20 14:32:35,2,THREATS (INCLS IN-PERSON/BY PHONE/IN WRITING),DISTURBANCE - OTHER,O1
2026-07-20 14:21:40,2,DISTURBANCE,DISTURBANCE - OTHER,D2
2026-07-20 14:06:17,3,"SUSPICIOUS PERSON, VEHICLE, OR INCIDENT",DISTURBANCE - OTHER,M3
2026-07-20 14:04:04,5,TRU - THREATS,DISTURBANCE - OTHER,L3
2026-07-20 14:01:15,1,ASLT - PERSON SHOT OR SHOT AT,DISTURBANCE - NOISE RESIDENTIAL,N2
2026-07-20 14:01:15,1,ASLT - PERSON SHOT OR SHOT AT,DISTURBANCE - NOISE RESIDENTIAL,N2
2026-07-20 14:01:15,1,ASLT - PERSON SHOT OR SHOT AT,DISTURBANCE - NOISE RESIDENTIAL,N2
2026-07-20 14:01:15,1,ASLT - PERSON SHOT OR SHOT AT,DISTURBANCE - NOISE RESIDENTIAL,N2
2026-07-20 14:01:15,1,ASLT - PERSON SHOT OR SHOT AT,DISTURBANCE - NOISE RESIDENTIAL,N2
2026-07-20 14:01:15,1,ASLT - PERSON SHOT OR SHOT AT,DISTURBANCE - NOISE RESIDENTIAL,N2
2026-07-20 14:01:15,1,ASLT - PERSON SHOT OR SHOT AT,DISTURBANCE - NOISE RESIDENTIAL,N2
2026-07-20 14:01:15,1,ASLT - PERSON SHOT OR SHOT AT,DISTURBANCE - NOISE RESIDENTIAL,N2
2026-07-20 14:01:15,1,ASLT - PERSON SHOT OR SHOT AT,DISTURBANCE - NOISE RESIDENTIAL,N2
2026-07-20 14:01:15,1,ASLT - PERSON SHOT OR SHOT AT,DISTURBANCE - NOISE RESIDENTIAL,N2
2026-07-20 14:01:15,1,ASLT - PERSON SHOT OR SHOT AT,DISTURBANCE - NOISE RESIDENTIAL,N2
2026-07-20 14:01:15,1,ASLT - PERSON SHOT OR SHOT AT,DISTURBANCE - NOISE RESIDENTIAL,N2
2026-07-20 14:01:15,1,ASLT - PERSON SHOT OR SHOT AT,DISTURBANCE - NOISE RESIDENTIAL,N2
2026-07-20 13:49:36,2,DISTURBANCE,SUSPICIOUS CIRCUM. - SUSPICIOUS PERSON,E1
2026-07-20 13:49:36,2,DISTURBANCE,SUSPICIOUS CIRCUM. - SUSPICIOUS PERSON,E1
2026-07-20 13:47:35,2,DISTURBANCE,SUSPICIOUS CIRCUM. - SUSPICIOUS PERSON,F2
2026-07-20 13:36:42,2,ALARM - RESIDENTIAL - SILENT/AUD PANIC/DURESS,DISTURBANCE - NOISE RESIDENTIAL,J2
2026-07-20 13:30:53,3,DISTURBANCE,DISTURBANCE - OTHER,M3
2026-07-20 13:27:49,2,ORDER - VIOLATING DV COURT ORDER,"DV - ARGUMENTS, DISTURBANCE (NO ARREST)",E2
2026-07-20 13:20:04,3,"SUSPICIOUS PERSON, VEHICLE, OR INCIDENT",DISTURBANCE - OTHER,D2
2026-07-20 13:16:08,2,FIGHT - PHYSICAL (NO WEAPONS),DISTURBANCE - FIGHT,C2
2026-07-20 13:16:08,2,FIGHT - PHYSICAL (NO WEAPONS),DISTURBANCE - FIGHT,C2
2026-07-20 13:16:08,2,FIGHT - PHYSICAL (NO WEAPONS),DISTURBANCE - FIGHT,C2
2026-07-20 13:16:08,2,FIGHT - PHYSICAL (NO WEAPONS),DISTURBANCE - FIGHT,C2
2026-07-20 13:16:08,2,FIGHT - PHYSICAL (NO WEAPONS),DISTURBANCE - FIGHT,C2
2026-07-20 13:16:08,2,FIGHT - PHYSICAL (NO WEAPONS),DISTURBANCE - FIGHT,C2
2026-07-20 12:53:47,2,"ANIMAL - INJURED, DEAD HAZARD, OTHER",DISTURBANCE - OTHER,M2
2026-07-20 12:49:44,2,ASLT - DV,"DV - ARGUMENTS, DISTURBANCE (NO ARREST)",S3
2026-07-20 12:49:44,2,ASLT - DV,"DV - ARGUMENTS, DISTURBANCE (NO ARREST)",S3
2026-07-20 12:49:44,2,ASLT - DV,"DV - ARGUMENTS, DISTURBANCE (NO ARREST)",S3
2026-07-20 12:49:44,2,ASLT - DV,"DV - ARGUMENTS, DISTURBANCE (NO ARREST)",S3
2026-07-20 12:49:44,2,ASLT - DV,"DV - ARGUMENTS, DISTURBANCE (NO ARREST)",S3
2026-07-20 12:42:30,2,THREATS (INCLS IN-PERSON/BY PHONE/IN WRITING),DISTURBANCE - OTHER,M1
2026-07-20 12:28:49,3,DISTURBANCE,DISTURBANCE - OTHER,S2
2026-07-20 12:28:49,3,DISTURBANCE,DISTURBANCE - OTHER,S2
2026-07-20 12:24:11,2,THREATS (INCLS IN-PERSON/BY PHONE/IN WRITING),DISTURBANCE - OTHER,M3
2026-07-20 12:20:38,2,DISTURBANCE,SUSPICIOUS CIRCUM. - SUSPICIOUS PERSON,Q2
2026-07-20 12:20:16,2,DISTURBANCE,DISTURBANCE - OTHER,R2
2026-07-20 12:20:16,2,DISTURBANCE,DISTURBANCE - OTHER,R2
2026-07-20 12:07:46,2,SEX IN PUBLIC PLACE (INCL MASTURBATION),DISTURBANCE - OTHER,E2
2026-07-20 11:58:44,2,"CHILD - ABAND, ABUSE, MOLEST, NEGLECT","DV - ARGUMENTS, DISTURBANCE (NO ARREST)",E2
2026-07-20 11:58:44,2,"CHILD - ABAND, ABUSE, MOLEST, NEGLECT","DV - ARGUMENTS, DISTURBANCE (NO ARREST)",E2
2026-07-20 11:58:44,2,"CHILD - ABAND, ABUSE, MOLEST, NEGLECT","DV - ARGUMENTS, DISTURBANCE (NO ARREST)",E2
2026-07-20 11:58:44,2,"CHILD - ABAND, ABUSE, MOLEST, NEGLECT","DV - ARGUMENTS, DISTURBANCE (NO ARREST)",E2
2026-07-20 11:58:16,2,DISTURBANCE,DISTURBANCE - OTHER,J3
2026-07-20 11:58:16,2,DISTURBANCE,DISTURBANCE - OTHER,J3
2026-07-20 11:46:28,5,TRU - DISTURBANCE,SUSPICIOUS CIRCUM. - SUSPICIOUS VEHICLE,L1
2026-07-20 11:43:03,2,DISTURBANCE,PROWLER - TRESPASS,R2
2026-07-20 11:37:40,2,DISTURBANCE,DISTURBANCE - OTHER,S3
2026-07-20 11:37:40,2,DISTURBANCE,DISTURBANCE - OTHER,S3
2026-07-20 11:37:40,2,DISTURBANCE,DISTURBANCE - OTHER,S3
2026-07-20 11:37:40,2,DISTURBANCE,DISTURBANCE - OTHER,S3
2026-07-20 11:37:40,2,DISTURBANCE,DISTURBANCE - OTHER,S3
2026-07-20 11:28:27,2,DISTURBANCE,DISTURBANCE - OTHER,L3
2026-07-20 11:28:27,2,DISTURBANCE,DISTURBANCE - OTHER,L3
2026-07-20 11:28:27,2,DISTURBANCE,DISTURBANCE - OTHER,L3
2026-07-20 11:26:21,2,DISTURBANCE,"DV - ARGUMENTS, DISTURBANCE (NO ARREST)",W2
2026-07-20 11:26:21,2,DISTURBANCE,"DV - ARGUMENTS, DISTURBANCE (NO ARREST)",W2
2026-07-20 11:26:21,2,DISTURBANCE,"DV - ARGUMENTS, DISTURBANCE (NO ARREST)",W2
2026-07-20 11:17:12,3,FOLLOW UP,"DV - ARGUMENTS, DISTURBANCE (NO ARREST)",S1
2026-07-20 11:17:12,3,FOLLOW UP,"DV - ARGUMENTS, DISTURBANCE (NO ARREST)",S1
2026-07-20 11:17:12,3,FOLLOW UP,"DV - ARGUMENTS, DISTURBANCE (NO ARREST)",S1
2026-07-20 10:56:37,3,AUTO THEFT - VEH THEFT OR THEFT AND RECOVERY,DISTURBANCE - OTHER,S1
2026-07-20 10:40:56,3,"SUSPICIOUS PERSON, VEHICLE, OR INCIDENT",DISTURBANCE - OTHER,J2
2026-07-20 10:02:17,2,DISTURBANCE,ASSIST PUBLIC - OTHER (NON-SPECIFIED),M2
2026-07-20 10:02:17,2,DISTURBANCE,ASSIST PUBLIC - OTHER (NON-SPECIFIED),M2
2026-07-20 10:02:17,2,DISTURBANCE,ASSIST PUBLIC - OTHER (NON-SPECIFIED),M2
2026-07-20 09:59:37,2,DISTURBANCE - DV - NO ASLT,"ASSAULTS, OTHER",R3
2026-07-20 09:59:37,2,DISTURBANCE - DV - NO ASLT,"ASSAULTS, OTHER",R3
2026-07-20 09:44:38,3,NUISANCE,DISTURBANCE - OTHER,K3
2026-07-20 09:31:59,2,DISTURBANCE - DV - NO ASLT,"DV - ARGUMENTS, DISTURBANCE (NO ARREST)",W3
2026-07-20 09:31:59,2,DISTURBANCE - DV - NO ASLT,"DV - ARGUMENTS, DISTURBANCE (NO ARREST)",W3
2026-07-20 09:11:27,2,"WIRES DOWN (PHONE, ELECTRICAL,ETC.)",DISTURBANCE - OTHER,B2
2026-07-20 09:11:27,2,"WIRES DOWN (PHONE, ELECTRICAL,ETC.)",DISTURBANCE - OTHER,B2
2026-07-20 09:05:26,4,NOISE - GENERAL,DISTURBANCE - OTHER,S1
2026-07-20 09:01:30,2,DISTURBANCE,DISTURBANCE - OTHER,W2
2026-07-20 09:00:08,3,DISTURBANCE,SUSPICIOUS CIRCUM. - SUSPICIOUS PERSON,J3
2026-07-20 08:37:50,5,TRU - FOLLOW UP,DISTURBANCE - OTHER,Q2
2026-07-20 08:23:57,2,DISTURBANCE,DISTURBANCE - OTHER,R2
2026-07-20 08:23:57,2,DISTURBANCE,DISTURBANCE - OTHER,R2
2026-07-20 08:03:25,1,DISTURBANCE - DV CRITICAL,"DV - ARGUMENTS, DISTURBANCE (NO ARREST)",J2
2026-07-20 08:03:25,1,DISTURBANCE - DV CRITICAL,"DV - ARGUMENTS, DISTURBANCE (NO ARREST)",J2
2026-07-20 07:55:28,4,NOISE - GENERAL,DISTURBANCE - NOISE,G2
2026-07-20 07:28:32,3,DISTURBANCE,PROWLER - TRESPASS,R2
2026-07-20 07:13:38,2,DISTURBANCE - DV - NO ASLT,"ASSAULTS, OTHER",S1
2026-07-20 07:13:38,2,DISTURBANCE - DV - NO ASLT,"ASSAULTS, OTHER",S1
2026-07-20 07:13:38,2,DISTURBANCE - DV - NO ASLT,"ASSAULTS, OTHER",S1
2026-07-20 07:13:38,2,DISTURBANCE - DV - NO ASLT,"ASSAULTS, OTHER",S1
2026-07-20 07:13:38,2,DISTURBANCE - DV - NO ASLT,"ASSAULTS, OTHER",S1
2026-07-20 07:02:42,2,BURG - RESD (INCL UNOCC STRUCTURES ON PROP),"DV - ARGUMENTS, DISTURBANCE (NO ARREST)",W2
2026-07-20 07:02:42,2,BURG - RESD (INCL UNOCC STRUCTURES ON PROP),"DV - ARGUMENTS, DISTURBANCE (NO ARREST)",W2
2026-07-20 07:02:42,2,BURG - RESD (INCL UNOCC STRUCTURES ON PROP),"DV - ARGUMENTS, DISTURBANCE (NO ARREST)",W2
2026-07-20 06:53:32,2,DISTURBANCE,SUSPICIOUS CIRCUM. - SUSPICIOUS PERSON,B3
2026-07-20 06:26:09,1,DISTURBANCE,"ASSAULTS, OTHER",L1
2026-07-20 06:26:09,1,DISTURBANCE,"ASSAULTS, OTHER",L1
2026-07-20 06:26:09,1,DISTURBANCE,"ASSAULTS, OTHER",L1
2026-07-20 05:35:08,2,"ALARM - COMM, SILENT/AUD BURG (INCL BANKS)",DISTURBANCE - OTHER,J3
2026-07-20 05:35:08,2,"ALARM - COMM, SILENT/AUD BURG (INCL BANKS)",DISTURBANCE - OTHER,J3
2026-07-20 05:16:44,3,DISTURBANCE,SUSPICIOUS CIRCUM. - SUSPICIOUS PERSON,U2
2026-07-20 05:16:44,3,DISTURBANCE,SUSPICIOUS CIRCUM. - SUSPICIOUS PERSON,U2
2026-07-20 05:04:00,2,DISTURBANCE,DISTURBANCE,E2
2026-07-20 05:02:49,2,DISTURBANCE,DISTURBANCE - OTHER,M2
2026-07-20 05:02:49,2,DISTURBANCE,DISTURBANCE - OTHER,M2
2026-07-20 05:02:49,2,DISTURBANCE,DISTURBANCE - OTHER,M2
2026-07-20 04:32:02,1,SHOTS HEARD - IN PROGRESS,DISTURBANCE - NOISE,R1
2026-07-20 04:32:02,1,SHOTS HEARD - IN PROGRESS,DISTURBANCE - NOISE,R1
2026-07-20 04:32:02,1,SHOTS HEARD - IN PROGRESS,DISTURBANCE - NOISE,R1
2026-07-20 04:32:02,1,SHOTS HEARD - IN PROGRESS,DISTURBANCE - NOISE,R1
2026-07-20 04:32:02,1,SHOTS HEARD - IN PROGRESS,DISTURBANCE - NOISE,R1
2026-07-20 04:32:02,1,SHOTS HEARD - IN PROGRESS,DISTURBANCE - NOISE,R1
2026-07-20 04:32:02,1,SHOTS HEARD - IN PROGRESS,DISTURBANCE - NOISE,R1
2026-07-20 03:50:04,2,SHOPLIFT - THEFT,DISTURBANCE - OTHER,N3
2026-07-20 03:50:04,2,SHOPLIFT - THEFT,DISTURBANCE - OTHER,N3
2026-07-20 03:50:04,2,SHOPLIFT - THEFT,DISTURBANCE - OTHER,N3
2026-07-20 03:38:23,2,DISTURBANCE,DISTURBANCE - OTHER,D3
2026-07-20 03:38:23,2,DISTURBANCE,DISTURBANCE - OTHER,D3
2026-07-20 03:25:20,2,DISTURBANCE,DISTURBANCE - OTHER,U1
2026-07-20 03:25:20,2,DISTURBANCE,DISTURBANCE - OTHER,U1
2026-07-20 03:25:20,2,DISTURBANCE,DISTURBANCE - OTHER,U1
2026-07-20 03:25:20,2,DISTURBANCE,DISTURBANCE - OTHER,U1
2026-07-20 03:25:20,2,DISTURBANCE,DISTURBANCE - OTHER,U1
2026-07-20 03:17:31,1,SUICIDE - CRITICAL,DISTURBANCE - NOISE,E3
2026-07-20 03:17:31,1,SUICIDE - CRITICAL,DISTURBANCE - NOISE,E3
2026-07-20 03:17:31,1,SUICIDE - CRITICAL,DISTURBANCE - NOISE,E3
2026-07-20 03:11:19,2,SERVICE - WELFARE CHECK,DISTURBANCE - OTHER,E1
2026-07-20 03:11:19,2,SERVICE - WELFARE CHECK,DISTURBANCE - OTHER,E1
2026-07-20 03:00:32,4,NOISE - GENERAL,DISTURBANCE - NOISE RESIDENTIAL,N3
2026-07-20 02:54:04,1,DISTURBANCE,DISTURBANCE - OTHER,M3
2026-07-20 02:54:04,1,DISTURBANCE,DISTURBANCE - OTHER,M3
2026-07-20 02:54:04,1,DISTURBANCE,DISTURBANCE - OTHER,M3
2026-07-20 02:54:04,1,DISTURBANCE,DISTURBANCE - OTHER,M3
2026-07-20 02:54:04,1,DISTURBANCE,DISTURBANCE - OTHER,M3
2026-07-20 02:39:41,2,SERVICE - WELFARE CHECK,DISTURBANCE - OTHER,E2
2026-07-20 02:32:38,4,NOISE - GENERAL,DISTURBANCE - NOISE RESIDENTIAL,R3
2026-07-20 02:27:47,2,TRESPASS,DISTURBANCE - OTHER,N3
2026-07-20 02:27:47,2,TRESPASS,DISTURBANCE - OTHER,N3
2026-07-20 02:09:01,1,UNKNOWN - COMPLAINT OF UNKNOWN NATURE,DISTURBANCE - OTHER,U2
2026-07-20 02:09:01,1,UNKNOWN - COMPLAINT OF UNKNOWN NATURE,DISTURBANCE - OTHER,U2
2026-07-20 02:08:46,2,THREATS - DV - NO ASSAULT,"DV - ARGUMENTS, DISTURBANCE (NO ARREST)",W1
2026-07-20 02:08:46,2,THREATS - DV - NO ASSAULT,"DV - ARGUMENTS, DISTURBANCE (NO ARREST)",W1
2026-07-20 02:02:19,2,ASLT - WITH OR W/O WPNS (NO SHOOTINGS),DISTURBANCE - OTHER,K1
2026-07-20 02:02:19,2,ASLT - WITH OR W/O WPNS (NO SHOOTINGS),DISTURBANCE - OTHER,K1
2026-07-20 01:56:31,2,EXPLOSION,DISTURBANCE - NOISE,E2
2026-07-20 01:48:11,2,FIREWORKS (NO HAZARD),DISTURBANCE - NOISE,R1
2026-07-20 01:48:11,2,FIREWORKS (NO HAZARD),DISTURBANCE - NOISE,R1
2026-07-20 01:45:39,1,SHOTS HEARD - IN PROGRESS,DISTURBANCE - OTHER,U3
2026-07-20 01:45:39,1,SHOTS HEARD - IN PROGRESS,DISTURBANCE - OTHER,U3
2026-07-20 01:45:39,1,SHOTS HEARD - IN PROGRESS,DISTURBANCE - OTHER,U3
2026-07-20 01:45:39,1,SHOTS HEARD - IN PROGRESS,DISTURBANCE - OTHER,U3
2026-07-20 01:42:42,1,SHOTS HEARD - IN PROGRESS,DISTURBANCE - NOISE,L3
2026-07-20 01:42:42,1,SHOTS HEARD - IN PROGRESS,DISTURBANCE - NOISE,L3
2026-07-20 01:42:42,1,SHOTS HEARD - IN PROGRESS,DISTURBANCE - NOISE,L3
2026-07-20 01:42:42,1,SHOTS HEARD - IN PROGRESS,DISTURBANCE - NOISE,L3
2026-07-20 01:29:24,1,SHOTS HEARD - IN PROGRESS,DISTURBANCE - NOISE,R1
2026-07-20 01:29:24,1,SHOTS HEARD - IN PROGRESS,DISTURBANCE - NOISE,R1
2026-07-20 01:26:49,2,TRESPASS,DISTURBANCE - OTHER,K3
2026-07-20 01:25:16,4,NOISE - GENERAL,DISTURBANCE - NOISE RESIDENTIAL,B2
2026-07-20 01:23:42,2,ASLT - WITH OR W/O WPNS (NO SHOOTINGS),DISTURBANCE - OTHER,E2
2026-07-20 01:23:42,2,ASLT - WITH OR W/O WPNS (NO SHOOTINGS),DISTURBANCE - OTHER,E2
2026-07-20 01:23:42,2,ASLT - WITH OR W/O WPNS (NO SHOOTINGS),DISTURBANCE - OTHER,E2
2026-07-20 01:23:42,2,ASLT - WITH OR W/O WPNS (NO SHOOTINGS),DISTURBANCE - OTHER,E2
2026-07-20 01:23:42,2,ASLT - WITH OR W/O WPNS (NO SHOOTINGS),DISTURBANCE - OTHER,E2
2026-07-20 01:23:42,2,ASLT - WITH OR W/O WPNS (NO SHOOTINGS),DISTURBANCE - OTHER,E2
2026-07-20 01:23:42,2,ASLT - WITH OR W/O WPNS (NO SHOOTINGS),DISTURBANCE - OTHER,E2
2026-07-20 01:23:42,2,ASLT - WITH OR W/O WPNS (NO SHOOTINGS),DISTURBANCE - OTHER,E2
2026-07-20 01:12:02,2,DISTURBANCE - DV - NO ASLT,"DV - ARGUMENTS, DISTURBANCE (NO ARREST)",L1
2026-07-20 01:12:02,2,DISTURBANCE - DV - NO ASLT,"DV - ARGUMENTS, DISTURBANCE (NO ARREST)",L1
2026-07-20 01:12:02,2,DISTURBANCE - DV - NO ASLT,"DV - ARGUMENTS, DISTURBANCE (NO ARREST)",L1
2026-07-20 01:12:02,2,DISTURBANCE - DV - NO ASLT,"DV - ARGUMENTS, DISTURBANCE (NO ARREST)",L1
2026-07-20 01:12:02,2,DISTURBANCE - DV - NO ASLT,"DV - ARGUMENTS, DISTURBANCE (NO ARREST)",L1
2026-07-20 01:12:02,2,DISTURBANCE - DV - NO ASLT,"DV - ARGUMENTS, DISTURBANCE (NO ARREST)",L1
2026-07-20 01:08:11,1,SHOTS HEARD - IN PROGRESS,DISTURBANCE - OTHER,N2
2026-07-20 01:08:11,1,SHOTS HEARD - IN PROGRESS,DISTURBANCE - OTHER,N2
2026-07-20 01:08:11,1,SHOTS HEARD - IN PROGRESS,DISTURBANCE - OTHER,N2
2026-07-20 00:51:27,2,DISTURBANCE,"ASSAULTS, OTHER",L1
2026-07-20 00:51:27,2,DISTURBANCE,"ASSAULTS, OTHER",L1
2026-07-20 00:51:27,2,DISTURBANCE,"ASSAULTS, OTHER",L1
2026-07-20 00:51:27,2,DISTURBANCE,"ASSAULTS, OTHER",L1
2026-07-20 00:51:27,2,DISTURBANCE,"ASSAULTS, OTHER",L1
2026-07-20 00:38:25,1,SHOTS HEARD - IN PROGRESS,DISTURBANCE - OTHER,J1
2026-07-20 00:38:25,1,SHOTS HEARD - IN PROGRESS,DISTURBANCE - OTHER,J1
2026-07-20 00:38:25,1,SHOTS HEARD - IN PROGRESS,DISTURBANCE - OTHER,J1
2026-07-20 00:38:25,1,SHOTS HEARD - IN PROGRESS,DISTURBANCE - OTHER,J1
2026-07-20 00:31:18,4,NOISE - GENERAL,DISTURBANCE - NOISE,J1
2026-07-20 00:28:49,1,SHOTS HEARD - IN PROGRESS,DISTURBANCE - NOISE,J3
2026-07-20 00:21:13,2,DISTURBANCE,DISTURBANCE - OTHER,E3
2026-07-20 00:15:04,2,EXPLOSION,DISTURBANCE - OTHER,E2
2026-07-20 00:07:19,2,DISTURBANCE - DV - NO ASLT,THEFT - ALL OTHER,N1
2026-07-19 23:56:00,4,NOISE - GENERAL,DISTURBANCE - NOISE RESIDENTIAL,S1
2026-07-19 23:53:47,2,EXPLOSION,DISTURBANCE - OTHER,E3
2026-07-19 23:52:43,2,DISTURBANCE,SUSPICIOUS CIRCUM. - SUSPICIOUS VEHICLE,N1
2026-07-19 23:52:43,2,DISTURBANCE,SUSPICIOUS CIRCUM. - SUSPICIOUS VEHICLE,N1
2026-07-19 23:52:43,2,DISTURBANCE,SUSPICIOUS CIRCUM. - SUSPICIOUS VEHICLE,N1
2026-07-19 23:46:10,4,FIREWORKS (NO HAZARD),DISTURBANCE - NOISE,E2
2026-07-19 23:46:10,4,FIREWORKS (NO HAZARD),DISTURBANCE - NOISE,E2
2026-07-19 23:42:13,1,SHOTS HEARD - IN PROGRESS,DISTURBANCE - NOISE,B1
2026-07-19 23:42:13,1,SHOTS HEARD - IN PROGRESS,DISTURBANCE - NOISE,B1
2026-07-19 23:40:51,2,DISTURBANCE,DISTURBANCE - OTHER,B2
2026-07-19 23:40:51,2,DISTURBANCE,DISTURBANCE - OTHER,B2
2026-07-19 23:40:48,1,DOWN - CHECK FOR DOWN PERSON,DISTURBANCE - OTHER,U1
2026-07-19 23:40:48,1,DOWN - CHECK FOR DOWN PERSON,DISTURBANCE - OTHER,U1
2026-07-19 23:40:48,1,DOWN - CHECK FOR DOWN PERSON,DISTURBANCE - OTHER,U1
2026-07-19 23:40:48,1,DOWN - CHECK FOR DOWN PERSON,DISTURBANCE - OTHER,U1
2026-07-19 23:38:45,4,NOISE - GENERAL,DISTURBANCE - NOISE RESIDENTIAL,S2
2026-07-19 23:35:56,4,NOISE - GENERAL,DISTURBANCE - NOISE,U1
2026-07-19 23:33:04,1,SHOTS HEARD - IN PROGRESS,DISTURBANCE - NOISE,C2
2026-07-19 23:33:04,1,SHOTS HEARD - IN PROGRESS,DISTURBANCE - NOISE,C2
2026-07-19 23:32:29,2,FIREWORKS (NO HAZARD),DISTURBANCE - NOISE,R1
2026-07-19 23:32:29,2,FIREWORKS (NO HAZARD),DISTURBANCE - NOISE,R1
2026-07-19 23:26:53,2,THREATS - DV - NO ASSAULT,"DV - ARGUMENTS, DISTURBANCE (NO ARREST)",J2
2026-07-19 23:26:53,2,THREATS - DV - NO ASSAULT,"DV - ARGUMENTS, DISTURBANCE (NO ARREST)",J2
2026-07-19 23:18:13,4,NOISE - GENERAL,DISTURBANCE - NOISE RESIDENTIAL,B2
2026-07-19 23:11:02,2,DISTURBANCE - DV - NO ASLT,DISTURBANCE - OTHER,J3
2026-07-19 23:11:02,2,DISTURBANCE - DV - NO ASLT,DISTURBANCE - OTHER,J3
2026-07-19 23:05:47,4,NOISE - GENERAL,DISTURBANCE - NOISE,W1
2026-07-19 23:05:31,4,NOISE - GENERAL,DISTURBANCE - NOISE RESIDENTIAL,G3
2026-07-19 23:02:53,4,NOISE - GENERAL,DISTURBANCE - NOISE RESIDENTIAL,R3
2026-07-19 23:02:46,2,TRESPASS,DISTURBANCE - OTHER,K3
2026-07-19 23:02:27,2,SHOTS HEARD - DELAY,DISTURBANCE - OTHER,W1
2026-07-19 23:02:27,2,SHOTS HEARD - DELAY,DISTURBANCE - OTHER,W1
2026-07-19 22:56:04,2,DISTURBANCE - DV - NO ASLT,"DV - ARGUMENTS, DISTURBANCE (NO ARREST)",L1
2026-07-19 22:56:02,1,SHOTS HEARD - IN PROGRESS,DISTURBANCE - NOISE,W3
2026-07-19 22:56:02,1,SHOTS HEARD - IN PROGRESS,DISTURBANCE - NOISE,W3
2026-07-19 22:56:02,1,SHOTS HEARD - IN PROGRESS,DISTURBANCE - NOISE,W3
2026-07-19 22:43:40,4,NOISE - GENERAL,SUSPICIOUS CIRCUM. - SUSPICIOUS VEHICLE,G2
2026-07-19 22:38:21,4,NOISE - GENERAL,DISTURBANCE - NOISE,N2
2026-07-19 22:37:27,2,DISTURBANCE,DISTURBANCE - OTHER,W2
2026-07-19 22:35:50,1,UNKNOWN - ANI/ALI - WRLS PHNS (INCL OPEN LINE),DISTURBANCE - OTHER,G3
2026-07-19 22:35:50,1,UNKNOWN - ANI/ALI - WRLS PHNS (INCL OPEN LINE),DISTURBANCE - OTHER,G3
2026-07-19 22:35:32,1,SHOTS HEARD - IN PROGRESS,DISTURBANCE - NOISE,N2
2026-07-19 22:23:54,2,DISTURBANCE - DV - NO ASLT,DISTURBANCE - NOISE RESIDENTIAL,U3
2026-07-19 22:23:54,2,DISTURBANCE - DV - NO ASLT,DISTURBANCE - NOISE RESIDENTIAL,U3
2026-07-19 22:23:54,2,DISTURBANCE - DV - NO ASLT,DISTURBANCE - NOISE RESIDENTIAL,U3
2026-07-19 22:21:16,3,DISTURBANCE,DISTURBANCE - NOISE RESIDENTIAL,L1
2026-07-19 22:21:16,3,DISTURBANCE,DISTURBANCE - NOISE RESIDENTIAL,L1
2026-07-19 22:21:16,3,DISTURBANCE,DISTURBANCE - NOISE RESIDENTIAL,L1
2026-07-19 22:18:04,4,FIREWORKS (NO HAZARD),DISTURBANCE - OTHER,R3
2026-07-19 22:15:21,1,"SUSPICIOUS PERSON, VEHICLE, OR INCIDENT","DV - ARGUMENTS, DISTURBANCE (NO ARREST)",L3
2026-07-19 22:12:06,1,SHOTS HEARD - IN PROGRESS,DISTURBANCE - OTHER,U1
2026-07-19 22:12:06,1,SHOTS HEARD - IN PROGRESS,DISTURBANCE - OTHER,U1
2026-07-19 22:12:06,1,SHOTS HEARD - IN PROGRESS,DISTURBANCE - OTHER,U1
2026-07-19 22:12:06,1,SHOTS HEARD - IN PROGRESS,DISTURBANCE - OTHER,U1
2026-07-19 22:12:06,1,SHOTS HEARD - IN PROGRESS,DISTURBANCE - OTHER,U1
2026-07-19 22:09:35,4,NOISE - GENERAL,DISTURBANCE - NOISE,U3
2026-07-19 21:59:35,4,FIREWORKS (NO HAZARD),DISTURBANCE - NOISE,W1
2026-07-19 21:55:40,2,PROPERTY - DAMAGE,DISTURBANCE - OTHER,E3
2026-07-19 21:51:03,2,DISTURBANCE - DV - NO ASLT,"DV - ARGUMENTS, DISTURBANCE (NO ARREST)",W1
2026-07-19 21:49:51,1,SHOTS HEARD - IN PROGRESS,DISTURBANCE - NOISE RESIDENTIAL,S1
2026-07-19 21:47:08,1,UNKNOWN - ANI/ALI - WRLS PHNS (INCL OPEN LINE),DISTURBANCE - OTHER,W2
2026-07-19 21:36:28,3,DISTURBANCE,DISTURBANCE - OTHER,W2
2026-07-19 21:28:14,2,"SUSPICIOUS PERSON, VEHICLE, OR INCIDENT",DISTURBANCE - NOISE RESIDENTIAL,B1
2026-07-19 21:25:35,4,NOISE - GENERAL,DISTURBANCE - NOISE,B1
2026-07-19 21:25:04,1,SHOTS HEARD - IN PROGRESS,DISTURBANCE - NOISE,R3
2026-07-19 21:20:25,1,SHOTS HEARD - IN PROGRESS,DISTURBANCE - NOISE,R3
2026-07-19 20:55:15,4,FIREWORKS (NO HAZARD),DISTURBANCE - NOISE,L3
2026-07-19 20:47:36,1,DISTURBANCE - DV CRITICAL,DISTURBANCE - OTHER,G3
2026-07-19 20:47:36,1,DISTURBANCE - DV CRITICAL,DISTURBANCE - OTHER,G3
2026-07-19 20:47:36,1,DISTURBANCE - DV CRITICAL,DISTURBANCE - OTHER,G3
2026-07-19 20:47:36,1,DISTURBANCE - DV CRITICAL,DISTURBANCE - OTHER,G3
2026-07-19 20:47:36,1,DISTURBANCE - DV CRITICAL,DISTURBANCE - OTHER,G3
2026-07-19 20:47:34,1,UNKNOWN - COMPLAINT OF UNKNOWN NATURE,DISTURBANCE - OTHER,M1
2026-07-19 20:47:34,1,UNKNOWN - COMPLAINT OF UNKNOWN NATURE,DISTURBANCE - OTHER,M1
2026-07-19 20:44:40,1,DISTURBANCE,DISTURBANCE - OTHER,U1
2026-07-19 20:44:40,1,DISTURBANCE,DISTURBANCE - OTHER,U1
2026-07-19 20:31:02,1,SHOTS HEARD - IN PROGRESS,DISTURBANCE - NOISE,R1
2026-07-19 20:31:02,1,SHOTS HEARD - IN PROGRESS,DISTURBANCE - NOISE,R1
2026-07-19 20:11:58,2,DISTURBANCE,DISTURBANCE - OTHER,G2
2026-07-19 20:11:58,2,DISTURBANCE,DISTURBANCE - OTHER,G2
2026-07-19 20:11:58,2,DISTURBANCE,DISTURBANCE - OTHER,G2
2026-07-19 20:11:58,2,DISTURBANCE,DISTURBANCE - OTHER,G2
2026-07-19 20:11:58,2,DISTURBANCE,DISTURBANCE - OTHER,G2
2026-07-19 20:11:58,2,DISTURBANCE,DISTURBANCE - OTHER,G2
2026-07-19 20:03:05,4,NOISE - GENERAL,DISTURBANCE - NOISE,M1
2026-07-19 20:01:37,4,NOISE - GENERAL,DISTURBANCE - NOISE,W1
2026-07-19 19:58:52,2,ANIMAL BITE,"ANIMAL COMPLAINT - NOISE,STRAY,BITE",E1
2026-07-19 19:58:52,2,ANIMAL BITE,"ANIMAL COMPLAINT - NOISE,STRAY,BITE",E1
2026-07-19 19:58:52,2,ANIMAL BITE,"ANIMAL COMPLAINT - NOISE,STRAY,BITE",E1
2026-07-19 19:42:28,4,NOISE - GENERAL,DISTURBANCE - NOISE,B1
2026-07-19 19:36:24,2,FIGHT - PHYSICAL (NO WEAPONS),DISTURBANCE - FIGHT,K2
2026-07-19 19:22:39,3,DISTURBANCE,DISTURBANCE - OTHER,D2
2026-07-19 19:20:52,1,ASLT - CRITICAL (NO SHOOTINGS),DISTURBANCE - OTHER,N3
2026-07-19 19:20:52,1,ASLT - CRITICAL (NO SHOOTINGS),DISTURBANCE - OTHER,N3
2026-07-19 19:09:00,4,NOISE - GENERAL,DISTURBANCE - NOISE,R3
2026-07-19 19:09:00,4,NOISE - GENERAL,DISTURBANCE - NOISE,R3
2026-07-19 19:09:00,4,NOISE - GENERAL,DISTURBANCE - NOISE,R3
2026-07-19 19:06:01,2,"SUSPICIOUS PERSON, VEHICLE, OR INCIDENT",DISTURBANCE - OTHER,L3
2026-07-19 19:06:01,2,"SUSPICIOUS PERSON, VEHICLE, OR INCIDENT",DISTURBANCE - OTHER,L3
2026-07-19 19:06:01,2,"SUSPICIOUS PERSON, VEHICLE, OR INCIDENT",DISTURBANCE - OTHER,L3
2026-07-19 18:56:18,2,FIGHT - PHYSICAL (NO WEAPONS),DISTURBANCE - OTHER,J2
2026-07-19 18:48:27,2,HAZ - POTENTIAL THRT TO PHYS SAFETY,DISTURBANCE - OTHER,M1
2026-07-19 18:47:50,2,DISTURBANCE - DV - NO ASLT,"DV - ARGUMENTS, DISTURBANCE (NO ARREST)",L1
2026-07-19 18:47:50,2,DISTURBANCE - DV - NO ASLT,"DV - ARGUMENTS, DISTURBANCE (NO ARREST)",L1
2026-07-19 18:47:50,2,DISTURBANCE - DV - NO ASLT,"DV - ARGUMENTS, DISTURBANCE (NO ARREST)",L1
2026-07-19 18:47:31,4,NOISE - GENERAL,DISTURBANCE - NOISE,M1
2026-07-19 18:36:46,2,ASLT - WITH OR W/O WPNS (NO SHOOTINGS),DISTURBANCE - OTHER,W2
2026-07-19 18:32:53,2,DISTURBANCE,DISTURBANCE - OTHER,K3
2026-07-19 18:26:05,1,DISTURBANCE,BURGLARY - RESIDENTIAL OCCUPIED,C2
2026-07-19 18:26:05,1,DISTURBANCE,BURGLARY - RESIDENTIAL OCCUPIED,C2
2026-07-19 18:26:05,1,DISTURBANCE,BURGLARY - RESIDENTIAL OCCUPIED,C2
2026-07-19 18:26:05,1,DISTURBANCE,BURGLARY - RESIDENTIAL OCCUPIED,C2
2026-07-19 18:26:05,1,DISTURBANCE,BURGLARY - RESIDENTIAL OCCUPIED,C2
2026-07-19 18:26:05,1,DISTURBANCE,BURGLARY - RESIDENTIAL OCCUPIED,C2
2026-07-19 18:26:05,1,DISTURBANCE,BURGLARY - RESIDENTIAL OCCUPIED,C2
2026-07-19 18:04:03,4,NOISE - GENERAL,MISCHIEF OR NUISANCE - GENERAL,Q3
2026-07-19 18:02:19,2,DISTURBANCE - DV - NO ASLT,ASSIST PUBLIC - OTHER (NON-SPECIFIED),J3
2026-07-19 18:00:36,2,SHOPLIFT - THEFT,DISTURBANCE - OTHER,W2
2026-07-19 17:58:59,1,"CHILD - CRITICAL ABAND, ABUSE, MOLEST, NEGLECT",DISTURBANCE - OTHER,N3
2026-07-19 17:58:59,1,"CHILD - CRITICAL ABAND, ABUSE, MOLEST, NEGLECT",DISTURBANCE - OTHER,N3
2026-07-19 17:55:10,2,DISTURBANCE,DISTURBANCE - OTHER,B2
2026-07-19 17:53:09,5,TRU - DISTURBANCE,DISTURBANCE - OTHER,J1
2026-07-19 17:40:27,2,DISTURBANCE,DISTURBANCE - OTHER,D1
2026-07-19 17:40:27,2,DISTURBANCE,DISTURBANCE - OTHER,D1
2026-07-19 17:40:27,2,DISTURBANCE,DISTURBANCE - OTHER,D1
2026-07-19 17:40:27,2,DISTURBANCE,DISTURBANCE - OTHER,D1
2026-07-19 17:40:27,2,DISTURBANCE,DISTURBANCE - OTHER,D1
2026-07-19 17:40:27,2,DISTURBANCE,DISTURBANCE - OTHER,D1
2026-07-19 17:40:27,2,DISTURBANCE,DISTURBANCE - OTHER,D1
2026-07-19 17:40:27,2,DISTURBANCE,DISTURBANCE - OTHER,D1
2026-07-19 17:40:27,2,DISTURBANCE,DISTURBANCE - OTHER,D1
2026-07-19 17:35:51,2,DISTURBANCE,DISTURBANCE - NOISE RESIDENTIAL,N3
2026-07-19 17:26:31,1,THREATS (INCLS IN-PERSON/BY PHONE/IN WRITING),DISTURBANCE - OTHER,O1
2026-07-19 17:26:31,1,THREATS (INCLS IN-PERSON/BY PHONE/IN WRITING),DISTURBANCE - OTHER,O1
2026-07-19 17:23:18,2,THREATS (INCLS IN-PERSON/BY PHONE/IN WRITING),DISTURBANCE - OTHER,W1
2026-07-19 17:16:51,2,THREATS - DV - NO ASSAULT,"DV - ARGUMENTS, DISTURBANCE (NO ARREST)",W3
2026-07-19 17:16:51,2,THREATS - DV - NO ASSAULT,"DV - ARGUMENTS, DISTURBANCE (NO ARREST)",W3
2026-07-19 17:16:51,2,THREATS - DV - NO ASSAULT,"DV - ARGUMENTS, DISTURBANCE (NO ARREST)",W3
2026-07-19 17:11:44,1,ASLT - DV CRITICAL,"DV - ARGUMENTS, DISTURBANCE (NO ARREST)",S1
2026-07-19 17:11:44,1,ASLT - DV CRITICAL,"DV - ARGUMENTS, DISTURBANCE (NO ARREST)",S1
2026-07-19 17:11:44,1,ASLT - DV CRITICAL,"DV - ARGUMENTS, DISTURBANCE (NO ARREST)",S1
2026-07-19 17:11:44,1,ASLT - DV CRITICAL,"DV - ARGUMENTS, DISTURBANCE (NO ARREST)",S1
2026-07-19 17:11:44,1,ASLT - DV CRITICAL,"DV - ARGUMENTS, DISTURBANCE (NO ARREST)",S1
2026-07-19 17:11:44,1,ASLT - DV CRITICAL,"DV - ARGUMENTS, DISTURBANCE (NO ARREST)",S1
2026-07-19 17:11:44,1,ASLT - DV CRITICAL,"DV - ARGUMENTS, DISTURBANCE (NO ARREST)",S1
2026-07-19 16:24:14,2,DISTURBANCE - DV - NO ASLT,"ASSAULTS, OTHER",M2
2026-07-19 16:24:14,2,DISTURBANCE - DV - NO ASLT,"ASSAULTS, OTHER",M2
2026-07-19 16:24:14,2,DISTURBANCE - DV - NO ASLT,"ASSAULTS, OTHER",M2
2026-07-19 16:21:14,2,PERSON IN BEHAVIORAL/EMOTIONAL CRISIS,"DV - ARGUMENTS, DISTURBANCE (NO ARREST)",W3
2026-07-19 16:16:46,4,NOISE - GENERAL,DISTURBANCE - NOISE,R3
2026-07-19 16:16:46,4,NOISE - GENERAL,DISTURBANCE - NOISE,R3
2026-07-19 15:57:42,5,TRU - PROPERTY DESTRUCTION/DAMAGE,DISTURBANCE - OTHER,W2
2026-07-19 15:53:13,4,NOISE - GENERAL,DISTURBANCE - OTHER,B1
2026-07-19 15:50:10,2,PERSON IN BEHAVIORAL/EMOTIONAL CRISIS,"DV - ARGUMENTS, DISTURBANCE (NO ARREST)",N1
2026-07-19 15:50:10,2,PERSON IN BEHAVIORAL/EMOTIONAL CRISIS,"DV - ARGUMENTS, DISTURBANCE (NO ARREST)",N1
2026-07-19 15:37:15,2,DISTURBANCE,DISTURBANCE - OTHER,B1
2026-07-19 15:25:06,2,THREATS (INCLS IN-PERSON/BY PHONE/IN WRITING),DISTURBANCE - OTHER,W2
2026-07-19 15:24:26,2,DISTURBANCE,DISTURBANCE - OTHER,W2
2026-07-19 15:16:44,3,FOLLOW UP,"DV - ARGUMENTS, DISTURBANCE (NO ARREST)",D3
2026-07-19 15:12:31,4,FIREWORKS (NO HAZARD),DISTURBANCE - NOISE,R3
2026-07-19 15:10:28,2,DISTURBANCE,DISTURBANCE - OTHER,G3
2026-07-19 15:10:28,2,DISTURBANCE,DISTURBANCE - OTHER,G3
2026-07-19 15:06:31,1,THREATS (INCLS IN-PERSON/BY PHONE/IN WRITING),DISTURBANCE - OTHER,U2
2026-07-19 15:06:31,1,THREATS (INCLS IN-PERSON/BY PHONE/IN WRITING),DISTURBANCE - OTHER,U2
2026-07-19 15:06:31,1,THREATS (INCLS IN-PERSON/BY PHONE/IN WRITING),DISTURBANCE - OTHER,U2
2026-07-19 15:06:31,1,THREATS (INCLS IN-PERSON/BY PHONE/IN WRITING),DISTURBANCE - OTHER,U2
2026-07-19 14:49:59,2,DISTURBANCE,DISTURBANCE - FIGHT,K2
2026-07-19 14:32:29,3,"SUSPICIOUS PERSON, VEHICLE, OR INCIDENT",DISTURBANCE - OTHER,C2
2026-07-19 14:32:29,3,"SUSPICIOUS PERSON, VEHICLE, OR INCIDENT",DISTURBANCE - OTHER,C2
2026-07-19 13:54:17,3,NUISANCE,DISTURBANCE - OTHER,M1
2026-07-19 13:43:59,4,NOISE - GENERAL,DISTURBANCE - NOISE,R3
2026-07-19 13:10:49,2,DISTURBANCE,"ASSAULTS, OTHER",Q3
2026-07-19 12:56:21,3,FOLLOW UP,DISTURBANCE - OTHER,D2
2026-07-19 12:46:21,1,DISTURBANCE,DV - DOMESTIC VIOL/ASLT (ARREST MANDATORY),K3
2026-07-19 12:46:21,1,DISTURBANCE,DV - DOMESTIC VIOL/ASLT (ARREST MANDATORY),K3
2026-07-19 12:46:21,1,DISTURBANCE,DV - DOMESTIC VIOL/ASLT (ARREST MANDATORY),K3
2026-07-19 12:46:21,1,DISTURBANCE,DV - DOMESTIC VIOL/ASLT (ARREST MANDATORY),K3
2026-07-19 12:46:21,1,DISTURBANCE,DV - DOMESTIC VIOL/ASLT (ARREST MANDATORY),K3
2026-07-19 12:27:59,2,DISTURBANCE - DV - NO ASLT,DISTURBANCE - DV - NO ASLT,S3
2026-07-19 12:27:59,2,DISTURBANCE - DV - NO ASLT,DISTURBANCE - DV - NO ASLT,S3
2026-07-19 12:27:59,2,DISTURBANCE - DV - NO ASLT,DISTURBANCE - DV - NO ASLT,S3
2026-07-19 12:27:59,2,DISTURBANCE - DV - NO ASLT,DISTURBANCE - DV - NO ASLT,S3
2026-07-19 12:27:59,2,DISTURBANCE - DV - NO ASLT,DISTURBANCE - DV - NO ASLT,S3
2026-07-19 12:27:59,2,DISTURBANCE - DV - NO ASLT,DISTURBANCE - DV - NO ASLT,S3
2026-07-19 12:16:17,2,DISTURBANCE,SUSPICIOUS CIRCUM. - SUSPICIOUS PERSON,S1
2026-07-19 12:16:17,2,DISTURBANCE,SUSPICIOUS CIRCUM. - SUSPICIOUS PERSON,S1
2026-07-19 11:57:47,2,THREATS (INCLS IN-PERSON/BY PHONE/IN WRITING),DISTURBANCE - OTHER,E2
2026-07-19 11:57:47,2,THREATS (INCLS IN-PERSON/BY PHONE/IN WRITING),DISTURBANCE - OTHER,E2
2026-07-19 11:57:47,2,THREATS (INCLS IN-PERSON/BY PHONE/IN WRITING),DISTURBANCE - OTHER,E2
2026-07-19 11:42:38,3,DISTURBANCE,DISTURBANCE - OTHER,G3
2026-07-19 11:41:03,4,NOISE - GENERAL,DISTURBANCE - NOISE,M1
2026-07-19 11:38:56,2,DISTURBANCE,AUTOMOBILES - AUTO THEFT & RECOVERY,K1
2026-07-19 11:38:56,2,DISTURBANCE,AUTOMOBILES - AUTO THEFT & RECOVERY,K1
2026-07-19 11:33:33,4,NOISE - GENERAL,DISTURBANCE - NOISE,K2
2026-07-19 11:32:41,2,DISTURBANCE - DV - NO ASLT,ASSIST PUBLIC - OTHER (NON-SPECIFIED),L3
2026-07-19 11:32:41,2,DISTURBANCE - DV - NO ASLT,ASSIST PUBLIC - OTHER (NON-SPECIFIED),L3
2026-07-19 11:32:41,2,DISTURBANCE - DV - NO ASLT,ASSIST PUBLIC - OTHER (NON-SPECIFIED),L3
2026-07-19 11:10:53,2,DISTURBANCE,DISTURBANCE - OTHER,C3
2026-07-19 10:58:59,3,DISTURBANCE,DISTURBANCE - OTHER,W2
2026-07-19 10:53:41,1,THREATS (INCLS IN-PERSON/BY PHONE/IN WRITING),DISTURBANCE - OTHER,W1
2026-07-19 10:53:41,1,THREATS (INCLS IN-PERSON/BY PHONE/IN WRITING),DISTURBANCE - OTHER,W1
2026-07-19 10:53:41,1,THREATS (INCLS IN-PERSON/BY PHONE/IN WRITING),DISTURBANCE - OTHER,W1
2026-07-19 10:51:35,2,DISTURBANCE,DISTURBANCE - OTHER,U1
2026-07-19 10:45:18,2,DISTURBANCE,DISTURBANCE - OTHER,E2
2026-07-19 10:40:35,2,ASLT - WITH OR W/O WPNS (NO SHOOTINGS),DISTURBANCE - FIGHT,B1
2026-07-19 10:34:12,3,ORDER - VIOLATION OF COURT ORDER (NON DV),DISTURBANCE - OTHER,B3
2026-07-19 10:31:45,2,DISTURBANCE,DISTURBANCE - OTHER,L1
2026-07-19 10:31:45,2,DISTURBANCE,DISTURBANCE - OTHER,L1
2026-07-19 10:31:45,2,DISTURBANCE,DISTURBANCE - OTHER,L1
2026-07-19 10:10:21,2,FIGHT - PHYSICAL (NO WEAPONS),DISTURBANCE - OTHER,L3
2026-07-19 10:10:21,2,FIGHT - PHYSICAL (NO WEAPONS),DISTURBANCE - OTHER,L3
2026-07-19 09:59:38,2,DISTURBANCE,DISTURBANCE - OTHER,B3
2026-07-19 09:59:38,2,DISTURBANCE,DISTURBANCE - OTHER,B3
2026-07-19 09:59:38,2,DISTURBANCE,DISTURBANCE - OTHER,B3
2026-07-19 09:45:43,2,ASLT - WITH OR W/O WPNS (NO SHOOTINGS),DISTURBANCE - OTHER,N1
2026-07-19 09:45:43,2,ASLT - WITH OR W/O WPNS (NO SHOOTINGS),DISTURBANCE - OTHER,N1
2026-07-19 09:45:43,2,ASLT - WITH OR W/O WPNS (NO SHOOTINGS),DISTURBANCE - OTHER,N1
2026-07-19 09:36:48,2,DISTURBANCE,SUSPICIOUS CIRCUM. - SUSPICIOUS PERSON,K1
2026-07-19 09:36:48,2,DISTURBANCE,SUSPICIOUS CIRCUM. - SUSPICIOUS PERSON,K1
2026-07-19 09:26:32,3,THREATS - DV - NO ASSAULT,"DV - ARGUMENTS, DISTURBANCE (NO ARREST)",J3
2026-07-19 09:26:32,3,THREATS - DV - NO ASSAULT,"DV - ARGUMENTS, DISTURBANCE (NO ARREST)",J3
2026-07-19 08:30:39,3,PERSON IN BEHAVIORAL/EMOTIONAL CRISIS,DISTURBANCE - OTHER,M2
2026-07-19 08:27:50,2,DISTURBANCE,MISCHIEF OR NUISANCE - GENERAL,J3
2026-07-19 07:47:30,2,DISTURBANCE,DISTURBANCE - OTHER,Q2
2026-07-19 07:47:30,2,DISTURBANCE,DISTURBANCE - OTHER,Q2
2026-07-19 07:23:30,2,DISTURBANCE,DISTURBANCE - OTHER,G1
2026-07-19 07:10:05,2,DISTURBANCE - DV - NO ASLT,ASSIST PUBLIC - OTHER (NON-SPECIFIED),N3
2026-07-19 07:10:05,2,DISTURBANCE - DV - NO ASLT,ASSIST PUBLIC - OTHER (NON-SPECIFIED),N3
2026-07-19 06:20:34,4,FIREWORKS (NO HAZARD),DISTURBANCE - NOISE,N2
2026-07-19 06:20:34,4,FIREWORKS (NO HAZARD),DISTURBANCE - NOISE,N2
2026-07-19 06:20:34,4,FIREWORKS (NO HAZARD),DISTURBANCE - NOISE,N2
2026-07-19 06:18:55,1,UNKNOWN - ANI/ALI - WRLS PHNS (INCL OPEN LINE),DISTURBANCE - OTHER,D2
2026-07-19 06:16:17,2,DISTURBANCE,DISTURBANCE - OTHER,U2
2026-07-19 06:16:17,2,DISTURBANCE,DISTURBANCE - OTHER,U2
2026-07-19 06:16:17,2,DISTURBANCE,DISTURBANCE - OTHER,U2
2026-07-19 06:08:44,1,UNKNOWN - ANI/ALI - WRLS PHNS (INCL OPEN LINE),DISTURBANCE - OTHER,Q1
2026-07-19 06:08:44,1,UNKNOWN - ANI/ALI - WRLS PHNS (INCL OPEN LINE),DISTURBANCE - OTHER,Q1
2026-07-19 05:45:53,3,DISTURBANCE,"ALARM-OTHER (VARDA,PDT,FIRE,LOCAL,METRO,ETC))",B1
2026-07-19 05:16:56,2,DISTURBANCE,DISTURBANCE - OTHER,U2
2026-07-19 05:07:32,1,DISTURBANCE - DV CRITICAL,"DV - ARGUMENTS, DISTURBANCE (NO ARREST)",E1
2026-07-19 05:04:58,2,THREATS (INCLS IN-PERSON/BY PHONE/IN WRITING),DISTURBANCE - OTHER,B2
2026-07-19 04:46:44,1,DISTURBANCE - DV CRITICAL,"DV - ARGUMENTS, DISTURBANCE (NO ARREST)",W2
2026-07-19 04:46:44,1,DISTURBANCE - DV CRITICAL,"DV - ARGUMENTS, DISTURBANCE (NO ARREST)",W2
2026-07-19 04:42:56,3,DISTURBANCE,NARCOTICS - OTHER,S3
2026-07-19 04:42:56,3,DISTURBANCE,NARCOTICS - OTHER,S3
2026-07-19 04:28:43,4,NOISE - GENERAL,DISTURBANCE - NOISE RESIDENTIAL,L1
2026-07-19 04:27:46,4,NOISE - GENERAL,DISTURBANCE - NOISE RESIDENTIAL,J3
2026-07-19 04:07:47,4,NOISE - GENERAL,DISTURBANCE - NOISE,C2
2026-07-19 03:49:53,2,"SUSPICIOUS PERSON, VEHICLE, OR INCIDENT",DISTURBANCE - OTHER,S3
2026-07-19 03:47:46,1,UNKNOWN - ANI/ALI - LANDLINE (INCLUDES OPEN LINE),DISTURBANCE - OTHER,G3
2026-07-19 03:47:46,1,UNKNOWN - ANI/ALI - LANDLINE (INCLUDES OPEN LINE),DISTURBANCE - OTHER,G3
2026-07-19 03:31:13,4,NOISE - GENERAL,DISTURBANCE - NOISE,E2
2026-07-19 03:26:17,1,UNKNOWN - COMPLAINT OF UNKNOWN NATURE,DISTURBANCE - OTHER,N1
2026-07-19 03:26:17,1,UNKNOWN - COMPLAINT OF UNKNOWN NATURE,DISTURBANCE - OTHER,N1
2026-07-19 03:13:35,2,"SUSPICIOUS PERSON, VEHICLE, OR INCIDENT",DISTURBANCE - OTHER,F1
2026-07-19 03:10:47,4,NOISE - GENERAL,DISTURBANCE - NOISE,E2
2026-07-19 03:05:26,2,FIGHT - PHYSICAL (NO WEAPONS),DISTURBANCE - FIGHT,S3
2026-07-19 03:02:04,2,FIGHT - PHYSICAL (NO WEAPONS),DISTURBANCE - NOISE,W3
2026-07-19 02:57:09,4,NOISE - GENERAL,DISTURBANCE - NOISE,R1
2026-07-19 02:52:51,4,NOISE - GENERAL,DISTURBANCE - NOISE RESIDENTIAL,D2
2026-07-19 02:47:47,4,NOISE - GENERAL,DISTURBANCE - NOISE,D1
2026-07-19 02:33:34,3,DISTURBANCE,DISTURBANCE - OTHER,J1
2026-07-19 02:31:30,2,DISTURBANCE,DISTURBANCE - OTHER,N3
2026-07-19 02:30:33,2,DISTURBANCE,SUSPICIOUS CIRCUM. - SUSPICIOUS PERSON,B3
2026-07-19 02:30:33,2,DISTURBANCE,SUSPICIOUS CIRCUM. - SUSPICIOUS PERSON,B3
2026-07-19 02:30:08,2,FIGHT - PHYSICAL (NO WEAPONS),DISTURBANCE - FIGHT,M3
2026-07-19 02:30:08,2,FIGHT - PHYSICAL (NO WEAPONS),DISTURBANCE - FIGHT,M3
2026-07-19 02:30:08,2,FIGHT - PHYSICAL (NO WEAPONS),DISTURBANCE - FIGHT,M3
2026-07-19 02:18:59,2,DISTURBANCE,DISTURBANCE - OTHER,B1
2026-07-19 02:07:39,2,HAZ - POTENTIAL THRT TO PHYS SAFETY,DISTURBANCE - OTHER,Q3
2026-07-19 02:07:39,2,HAZ - POTENTIAL THRT TO PHYS SAFETY,DISTURBANCE - OTHER,Q3
2026-07-19 02:07:39,2,HAZ - POTENTIAL THRT TO PHYS SAFETY,DISTURBANCE - OTHER,Q3
2026-07-19 02:05:22,4,NOISE - GENERAL,DISTURBANCE - NOISE,F2
2026-07-19 01:52:50,2,THREATS (INCLS IN-PERSON/BY PHONE/IN WRITING),DISTURBANCE - OTHER,D1
2026-07-19 01:40:10,3,NUISANCE,DISTURBANCE - OTHER,N3
2026-07-19 01:40:10,3,NUISANCE,DISTURBANCE - OTHER,N3
2026-07-19 01:28:26,2,DISTURBANCE,DISTURBANCE - OTHER,L3
2026-07-19 01:16:42,4,NOISE - GENERAL,DISTURBANCE - OTHER,W1
2026-07-19 01:13:43,2,EXPLOSION,DISTURBANCE - OTHER,F1
2026-07-19 01:12:36,2,DISTURBANCE,DISTURBANCE - OTHER,E2
2026-07-19 01:12:10,4,NOISE - GENERAL,DISTURBANCE - NOISE,F3
2026-07-19 01:05:41,4,NOISE - GENERAL,DISTURBANCE - NOISE,F1
2026-07-19 00:50:15,4,NOISE - GENERAL,DISTURBANCE - NOISE,D3
2026-07-19 00:48:17,4,NOISE - GENERAL,DISTURBANCE - NOISE,L1
2026-07-19 00:37:33,1,SHOTS HEARD - IN PROGRESS,DISTURBANCE - NOISE,L3
2026-07-19 00:37:33,1,SHOTS HEARD - IN PROGRESS,DISTURBANCE - NOISE,L3
2026-07-19 00:37:04,2,DISTURBANCE - DV - NO ASLT,"ASSAULTS, OTHER",U3
2026-07-19 00:37:04,2,DISTURBANCE - DV - NO ASLT,"ASSAULTS, OTHER",U3
2026-07-19 00:37:04,2,DISTURBANCE - DV - NO ASLT,"ASSAULTS, OTHER",U3
2026-07-19 00:37:04,2,DISTURBANCE - DV - NO ASLT,"ASSAULTS, OTHER",U3
2026-07-19 00:37:04,2,DISTURBANCE - DV - NO ASLT,"ASSAULTS, OTHER",U3
2026-07-19 00:37:04,2,DISTURBANCE - DV - NO ASLT,"ASSAULTS, OTHER",U3
2026-07-19 00:37:04,2,DISTURBANCE - DV - NO ASLT,"ASSAULTS, OTHER",U3
2026-07-19 00:37:04,2,DISTURBANCE - DV - NO ASLT,"ASSAULTS, OTHER",U3
2026-07-19 00:37:04,2,DISTURBANCE - DV - NO ASLT,"ASSAULTS, OTHER",U3
2026-07-19 00:37:04,2,DISTURBANCE - DV - NO ASLT,"ASSAULTS, OTHER",U3
2026-07-19 00:37:04,2,DISTURBANCE - DV - NO ASLT,"ASSAULTS, OTHER",U3
2026-07-19 00:37:04,2,DISTURBANCE - DV - NO ASLT,"ASSAULTS, OTHER",U3
2026-07-19 00:36:34,4,NOISE - GENERAL,MISCHIEF OR NUISANCE - GENERAL,U2
2026-07-19 00:35:15,7,"PREMISE CHECK, OFFICER INITIATED ONVIEW ONLY",DISTURBANCE - OTHER,E2
2026-07-19 00:35:15,7,"PREMISE CHECK, OFFICER INITIATED ONVIEW ONLY",DISTURBANCE - OTHER,E2
2026-07-19 00:35:15,7,"PREMISE CHECK, OFFICER INITIATED ONVIEW ONLY",DISTURBANCE - OTHER,E2
2026-07-19 00:35:15,7,"PREMISE CHECK, OFFICER INITIATED ONVIEW ONLY",DISTURBANCE - OTHER,E2
2026-07-19 00:35:15,7,"PREMISE CHECK, OFFICER INITIATED ONVIEW ONLY",DISTURBANCE - OTHER,E2
2026-07-19 00:35:15,7,"PREMISE CHECK, OFFICER INITIATED ONVIEW ONLY",DISTURBANCE - OTHER,E2
2026-07-19 00:35:15,7,"PREMISE CHECK, OFFICER INITIATED ONVIEW ONLY",DISTURBANCE - OTHER,E2
2026-07-19 00:35:15,7,"PREMISE CHECK, OFFICER INITIATED ONVIEW ONLY",DISTURBANCE - OTHER,E2
2026-07-19 00:35:15,7,"PREMISE CHECK, OFFICER INITIATED ONVIEW ONLY",DISTURBANCE - OTHER,E2
2026-07-19 00:33:12,1,SHOTS HEARD - IN PROGRESS,DISTURBANCE - NOISE,U2
2026-07-19 00:33:12,1,SHOTS HEARD - IN PROGRESS,DISTURBANCE - NOISE,U2
2026-07-19 00:33:12,1,SHOTS HEARD - IN PROGRESS,DISTURBANCE - NOISE,U2
2026-07-19 00:32:07,2,DISTURBANCE,DISTURBANCE - FIGHT,L3
2026-07-19 00:32:07,2,DISTURBANCE,DISTURBANCE - FIGHT,L3
2026-07-19 00:32:07,2,DISTURBANCE,DISTURBANCE - FIGHT,L3
2026-07-19 00:31:09,4,NOISE - GENERAL,DISTURBANCE - NOISE,J3
2026-07-19 00:25:03,1,THREATS (INCLS IN-PERSON/BY PHONE/IN WRITING),DISTURBANCE - OTHER,E2
2026-07-19 00:25:03,1,THREATS (INCLS IN-PERSON/BY PHONE/IN WRITING),DISTURBANCE - OTHER,E2
2026-07-19 00:25:03,1,THREATS (INCLS IN-PERSON/BY PHONE/IN WRITING),DISTURBANCE - OTHER,E2
2026-07-19 00:25:03,1,THREATS (INCLS IN-PERSON/BY PHONE/IN WRITING),DISTURBANCE - OTHER,E2
2026-07-19 00:25:03,1,THREATS (INCLS IN-PERSON/BY PHONE/IN WRITING),DISTURBANCE - OTHER,E2
2026-07-19 00:25:03,1,THREATS (INCLS IN-PERSON/BY PHONE/IN WRITING),DISTURBANCE - OTHER,E2
2026-07-19 00:25:03,1,THREATS (INCLS IN-PERSON/BY PHONE/IN WRITING),DISTURBANCE - OTHER,E2
2026-07-19 00:18:26,2,DISTURBANCE,DISTURBANCE - OTHER,B3
2026-07-19 00:18:26,2,DISTURBANCE,DISTURBANCE - OTHER,B3
2026-07-19 00:17:58,2,DISTURBANCE,DISTURBANCE - OTHER,Q3
2026-07-19 00:17:58,2,DISTURBANCE,DISTURBANCE - OTHER,Q3
2026-07-19 00:07:55,4,NOISE - GENERAL,DISTURBANCE - NOISE,Q2
2026-07-19 00:00:53,4,NOISE - GENERAL,DISTURBANCE - NOISE,B1
2026-07-18 23:56:52,4,NOISE - GENERAL,DISTURBANCE - NOISE,E2
2026-07-18 23:41:30,3,DISTURBANCE,MISCHIEF OR NUISANCE - GENERAL,D1
2026-07-18 23:30:09,1,SHOTS HEARD - IN PROGRESS,DISTURBANCE - NOISE,R2
2026-07-18 23:30:09,1,SHOTS HEARD - IN PROGRESS,DISTURBANCE - NOISE,R2
2026-07-18 23:21:32,2,DISTURBANCE,DISTURBANCE - OTHER,J1
2026-07-18 23:19:31,4,NOISE - GENERAL,DISTURBANCE - OTHER,W1
2026-07-18 23:17:22,2,DISTURBANCE,"ASSAULTS, OTHER",O1
2026-07-18 23:17:22,2,DISTURBANCE,"ASSAULTS, OTHER",O1
2026-07-18 23:17:22,2,DISTURBANCE,"ASSAULTS, OTHER",O1
2026-07-18 23:17:22,2,DISTURBANCE,"ASSAULTS, OTHER",O1
2026-07-18 23:17:22,2,DISTURBANCE,"ASSAULTS, OTHER",O1
2026-07-18 23:15:03,4,NOISE - GENERAL,DISTURBANCE - NOISE,E2
2026-07-18 23:15:03,2,DISTURBANCE,DISTURBANCE - OTHER,B2
2026-07-18 23:12:26,4,NOISE - GENERAL,DISTURBANCE - NOISE,F3
2026-07-18 23:12:11,4,NOISE - GENERAL,DISTURBANCE - NOISE,C3
2026-07-18 23:11:17,2,DISTURBANCE - DV - NO ASLT,SUSPICIOUS CIRCUM. - SUSPICIOUS PERSON,J3
2026-07-18 23:07:57,4,NOISE - GENERAL,DISTURBANCE - NOISE,S3
2026-07-18 23:07:11,2,SERVICE - WELFARE CHECK,DISTURBANCE - OTHER,E3
2026-07-18 23:07:11,2,SERVICE - WELFARE CHECK,DISTURBANCE - OTHER,E3
2026-07-18 22:56:38,4,NOISE - GENERAL,DISTURBANCE - OTHER,U3
2026-07-18 22:52:58,2,DISTURBANCE,DISTURBANCE - OTHER,Q3
2026-07-18 22:52:06,4,NOISE - GENERAL,DISTURBANCE - NOISE,J1
2026-07-18 22:42:04,4,FIREWORKS (NO HAZARD),DISTURBANCE - NOISE,E1
2026-07-18 22:42:04,4,FIREWORKS (NO HAZARD),DISTURBANCE - NOISE,E1
2026-07-18 22:41:21,4,NOISE - GENERAL,DISTURBANCE - NOISE,Q1
2026-07-18 22:37:35,2,DISTURBANCE - DV - NO ASLT,DISTURBANCE - OTHER,E1
2026-07-18 22:37:35,2,DISTURBANCE - DV - NO ASLT,DISTURBANCE - OTHER,E1
2026-07-18 22:27:53,4,NOISE - GENERAL,DISTURBANCE - NOISE,M1
2026-07-18 22:27:43,4,NOISE - GENERAL,DISTURBANCE - NOISE,R2
2026-07-18 22:24:01,4,NOISE - GENERAL,DISTURBANCE - NOISE RESIDENTIAL,S2
2026-07-18 22:24:01,4,NOISE - GENERAL,DISTURBANCE - NOISE RESIDENTIAL,S2
2026-07-18 22:21:59,2,DISTURBANCE,DISTURBANCE - OTHER,W3
2026-07-18 22:21:47,1,UNKNOWN - COMPLAINT OF UNKNOWN NATURE,DISTURBANCE - NOISE RESIDENTIAL,J3
2026-07-18 22:20:32,3,DISTURBANCE,MISCHIEF OR NUISANCE - GENERAL,D1
2026-07-18 22:15:31,1,THREATS (INCLS IN-PERSON/BY PHONE/IN WRITING),DISTURBANCE - OTHER,U2
2026-07-18 22:15:31,1,THREATS (INCLS IN-PERSON/BY PHONE/IN WRITING),DISTURBANCE - OTHER,U2
2026-07-18 22:15:31,1,THREATS (INCLS IN-PERSON/BY PHONE/IN WRITING),DISTURBANCE - OTHER,U2
2026-07-18 22:06:46,3,DISTURBANCE,DISTURBANCE - OTHER,D2
2026-07-18 22:00:35,1,ASLT - CRITICAL (NO SHOOTINGS),DISTURBANCE - OTHER,J1
2026-07-18 22:00:35,1,ASLT - CRITICAL (NO SHOOTINGS),DISTURBANCE - OTHER,J1
2026-07-18 22:00:35,1,ASLT - CRITICAL (NO SHOOTINGS),DISTURBANCE - OTHER,J1
2026-07-18 22:00:35,1,ASLT - CRITICAL (NO SHOOTINGS),DISTURBANCE - OTHER,J1
2026-07-18 21:59:45,2,BURG - RESD (INCL UNOCC STRUCTURES ON PROP),DISTURBANCE - OTHER,N3
2026-07-18 21:59:45,2,BURG - RESD (INCL UNOCC STRUCTURES ON PROP),DISTURBANCE - OTHER,N3
2026-07-18 21:55:29,4,PROPERTY - FOUND,"ANIMAL COMPLAINT - NOISE,STRAY,BITE",G2
2026-07-18 21:52:22,4,NOISE - GENERAL,DISTURBANCE - NOISE,L2
2026-07-18 21:48:05,1,UNKNOWN - COMPLAINT OF UNKNOWN NATURE,DISTURBANCE - OTHER,K3
2026-07-18 21:48:05,1,UNKNOWN - COMPLAINT OF UNKNOWN NATURE,DISTURBANCE - OTHER,K3
2026-07-18 21:44:46,1,SHOTS HEARD - IN PROGRESS,DISTURBANCE - OTHER,Q1
2026-07-18 21:44:46,1,SHOTS HEARD - IN PROGRESS,DISTURBANCE - OTHER,Q1
2026-07-18 21:31:03,3,"ANIMAL - INJURED, DEAD HAZARD, OTHER","ANIMAL COMPLAINT - NOISE,STRAY,BITE",W1
2026-07-18 21:28:21,1,DISTURBANCE,DISTURBANCE - OTHER,O1
2026-07-18 21:28:21,1,DISTURBANCE,DISTURBANCE - OTHER,O1
2026-07-18 21:22:40,4,NOISE - GENERAL,DISTURBANCE - NOISE,G2
2026-07-18 21:22:18,1,UNKNOWN - COMPLAINT OF UNKNOWN NATURE,DISTURBANCE - OTHER,G1
2026-07-18 21:22:18,1,UNKNOWN - COMPLAINT OF UNKNOWN NATURE,DISTURBANCE - OTHER,G1
2026-07-18 21:16:01,3,DISTURBANCE,MISCHIEF OR NUISANCE - GENERAL,S2
2026-07-18 21:11:02,2,DISTURBANCE,SUSPICIOUS CIRCUM. - SUSPICIOUS PERSON,D1
2026-07-18 21:05:30,2,ORDER - VIOLATING DV COURT ORDER,DISTURBANCE - OTHER,B2
2026-07-18 21:05:30,2,ORDER - VIOLATING DV COURT ORDER,DISTURBANCE - OTHER,B2
2026-07-18 21:02:24,3,FIGHT - PHYSICAL (NO WEAPONS),DISTURBANCE - FIGHT,E2
2026-07-18 21:02:24,3,FIGHT - PHYSICAL (NO WEAPONS),DISTURBANCE - FIGHT,E2
2026-07-18 20:57:52,2,DISTURBANCE,"SUSPICIOUS CIRCUM. - BUILDING (OPEN DOOR, ETC)",B1
2026-07-18 20:52:26,2,ORDER - VIOLATION OF COURT ORDER (NON DV),DISTURBANCE - OTHER,B3
2026-07-18 20:52:26,2,ORDER - VIOLATION OF COURT ORDER (NON DV),DISTURBANCE - OTHER,B3
2026-07-18 20:50:42,2,ASLT - DV,"DV - ARGUMENTS, DISTURBANCE (NO ARREST)",Q3
2026-07-18 20:50:42,2,ASLT - DV,"DV - ARGUMENTS, DISTURBANCE (NO ARREST)",Q3
2026-07-18 20:50:10,1,UNKNOWN - COMPLAINT OF UNKNOWN NATURE,DISTURBANCE - OTHER,B3
2026-07-18 20:50:10,1,UNKNOWN - COMPLAINT OF UNKNOWN NATURE,DISTURBANCE - OTHER,B3
2026-07-18 20:49:34,3,NUISANCE,DISTURBANCE - OTHER,R1
2026-07-18 20:39:32,4,FIREWORKS (NO HAZARD),DISTURBANCE - OTHER,W1
2026-07-18 20:28:55,3,NUISANCE,DISTURBANCE - OTHER,K3
2026-07-18 20:27:52,3,DISTURBANCE - DV - NO ASLT,DISTURBANCE - OTHER,N3
2026-07-18 20:11:38,2,DISTURBANCE,DISTURBANCE - OTHER,W2
2026-07-18 19:55:26,2,DISTURBANCE - DV - NO ASLT,DISTURBANCE - OTHER,K2
2026-07-18 19:47:25,2,DISTURBANCE,PROWLER - TRESPASS,S3
2026-07-18 19:47:25,2,DISTURBANCE,PROWLER - TRESPASS,S3
2026-07-18 19:47:25,2,DISTURBANCE,PROWLER - TRESPASS,S3
2026-07-18 19:45:44,3,"ANIMAL - INJURED, DEAD HAZARD, OTHER","ANIMAL COMPLAINT - NOISE,STRAY,BITE",W1
2026-07-18 19:40:54,2,SERVICE - WELFARE CHECK,DISTURBANCE - NOISE,U1
2026-07-18 19:39:56,2,DISTURBANCE,DISTURBANCE - OTHER,N2
2026-07-18 19:39:56,2,DISTURBANCE,DISTURBANCE - OTHER,N2
2026-07-18 19:39:56,2,DISTURBANCE,DISTURBANCE - OTHER,N2
2026-07-18 19:19:40,2,DISTURBANCE,DISTURBANCE - OTHER,C2
2026-07-18 19:19:40,2,DISTURBANCE,DISTURBANCE - OTHER,C2
2026-07-18 19:19:40,2,DISTURBANCE,DISTURBANCE - OTHER,C2
2026-07-18 19:19:40,2,DISTURBANCE,DISTURBANCE - OTHER,C2
2026-07-18 19:14:33,2,THREATS (INCLS IN-PERSON/BY PHONE/IN WRITING),DISTURBANCE - OTHER,U2
2026-07-18 19:14:33,2,THREATS (INCLS IN-PERSON/BY PHONE/IN WRITING),DISTURBANCE - OTHER,U2
2026-07-18 19:13:28,2,DISTURBANCE - DV - NO ASLT,DV - DOMESTIC VIOLENCE (ARREST DISCRETIONARY),K1
2026-07-18 19:13:28,2,DISTURBANCE - DV - NO ASLT,DV - DOMESTIC VIOLENCE (ARREST DISCRETIONARY),K1
2026-07-18 19:05:30,2,THREATS (INCLS IN-PERSON/BY PHONE/IN WRITING),DISTURBANCE - OTHER,W1
2026-07-18 19:05:26,2,DISTURBANCE,DISTURBANCE - OTHER,Q3
2026-07-18 18:25:38,2,DISTURBANCE,DISTURBANCE,F3
2026-07-18 18:25:38,2,DISTURBANCE,DISTURBANCE,F3
2026-07-18 18:22:42,2,DISTURBANCE,DISTURBANCE - OTHER,U2
2026-07-18 18:22:42,2,DISTURBANCE,DISTURBANCE - OTHER,U2
2026-07-18 18:22:42,2,DISTURBANCE,DISTURBANCE - OTHER,U2
2026-07-18 18:22:42,2,DISTURBANCE,DISTURBANCE - OTHER,U2
2026-07-18 18:18:48,2,TRAFFIC - MOVING VIOLATION,DISTURBANCE - OTHER,D3
2026-07-18 18:18:48,2,TRAFFIC - MOVING VIOLATION,DISTURBANCE - OTHER,D3
2026-07-18 18:09:36,2,"PANHANDLING, AGGRESSIVE",DISTURBANCE - OTHER,D2
2026-07-18 17:52:36,3,HARAS - NO BIAS OR THREATS,DISTURBANCE - OTHER,G2
2026-07-18 17:52:36,3,HARAS - NO BIAS OR THREATS,DISTURBANCE - OTHER,G2
2026-07-18 17:51:16,2,ORDER - VIOLATING DV COURT ORDER,DISTURBANCE - OTHER,K3
2026-07-18 17:50:45,3,HARAS - NO BIAS OR THREATS,DISTURBANCE - OTHER,W3
2026-07-18 17:50:45,3,HARAS - NO BIAS OR THREATS,DISTURBANCE - OTHER,W3
2026-07-18 17:49:04,2,DISTURBANCE,DISTURBANCE - OTHER,K2
2026-07-18 17:30:22,4,NOISE - GENERAL,DISTURBANCE - NOISE,W2
2026-07-18 17:29:46,2,DISTURBANCE,WARRANT SERVICES - MISDEMEANOR,C2
2026-07-18 17:29:46,2,DISTURBANCE,WARRANT SERVICES - MISDEMEANOR,C2
2026-07-18 17:29:46,2,DISTURBANCE,WARRANT SERVICES - MISDEMEANOR,C2
2026-07-18 17:23:34,2,DISTURBANCE,DISTURBANCE - OTHER,K3
2026-07-18 17:23:11,2,DISTURBANCE,ASSIST OTHER AGENCY - CITY AGENCY,E3
2026-07-18 17:23:11,2,DISTURBANCE,ASSIST OTHER AGENCY - CITY AGENCY,E3
2026-07-18 17:23:11,2,DISTURBANCE,ASSIST OTHER AGENCY - CITY AGENCY,E3
2026-07-18 17:23:11,2,DISTURBANCE,ASSIST OTHER AGENCY - CITY AGENCY,E3
2026-07-18 17:20:12,3,CUSTODIAL INTERFERENCE - DV,"DV - ARGUMENTS, DISTURBANCE (NO ARREST)",F1
2026-07-18 17:19:46,3,DISTURBANCE,DISTURBANCE - OTHER,L2
2026-07-18 17:19:46,3,DISTURBANCE,DISTURBANCE - OTHER,L2
2026-07-18 17:05:53,2,FIGHT - PHYSICAL (NO WEAPONS),DISTURBANCE - FIGHT,K3
2026-07-18 17:05:53,2,FIGHT - PHYSICAL (NO WEAPONS),DISTURBANCE - FIGHT,K3
2026-07-18 16:59:24,2,DISTURBANCE,SUSPICIOUS CIRCUM. - SUSPICIOUS PERSON,N1
2026-07-18 16:54:35,3,TRAFFIC - MOVING VIOLATION,DISTURBANCE - OTHER,U3
2026-07-18 16:47:44,2,DISTURBANCE,DISTURBANCE - OTHER,B1
2026-07-18 16:47:44,2,DISTURBANCE,DISTURBANCE - OTHER,B1
2026-07-18 16:46:45,2,DISTURBANCE,DISTURBANCE - OTHER,C1
2026-07-18 16:46:45,2,DISTURBANCE,DISTURBANCE - OTHER,C1
2026-07-18 16:46:45,2,DISTURBANCE,DISTURBANCE - OTHER,C1
2026-07-18 16:46:45,2,DISTURBANCE,DISTURBANCE - OTHER,C1
2026-07-18 16:27:23,4,NOISE - GENERAL,DISTURBANCE - NOISE,M1
2026-07-18 16:23:58,2,BURG - RESD (INCL UNOCC STRUCTURES ON PROP),DISTURBANCE - OTHER,R1
2026-07-18 16:23:58,2,BURG - RESD (INCL UNOCC STRUCTURES ON PROP),DISTURBANCE - OTHER,R1
2026-07-18 16:01:28,3,HARAS - NO BIAS OR THREATS,DISTURBANCE - OTHER,G2
2026-07-18 16:01:28,3,HARAS - NO BIAS OR THREATS,DISTURBANCE - OTHER,G2
2026-07-18 15:55:34,4,NOISE - GENERAL,DISTURBANCE - OTHER,R2
2026-07-18 15:53:58,2,HAZ - POTENTIAL THRT TO PHYS SAFETY,DISTURBANCE - OTHER,B3
2026-07-18 15:48:03,2,DISTURBANCE,DISTURBANCE - OTHER,N3
2026-07-18 15:48:03,2,DISTURBANCE,DISTURBANCE - OTHER,N3
2026-07-18 15:46:20,2,ASLT - WITH OR W/O WPNS (NO SHOOTINGS),DISTURBANCE - FIGHT,M2
2026-07-18 15:46:20,2,ASLT - WITH OR W/O WPNS (NO SHOOTINGS),DISTURBANCE - FIGHT,M2
2026-07-18 15:46:20,2,ASLT - WITH OR W/O WPNS (NO SHOOTINGS),DISTURBANCE - FIGHT,M2
2026-07-18 15:23:05,2,DISTURBANCE,DISTURBANCE - FIGHT,S3
2026-07-18 15:23:05,2,DISTURBANCE,DISTURBANCE - FIGHT,S3
2026-07-18 15:23:05,2,DISTURBANCE,DISTURBANCE - FIGHT,S3
2026-07-18 15:09:25,3,DISTURBANCE,THEFT - ALL OTHER,B1
2026-07-18 14:54:54,1,DISTURBANCE - DV CRITICAL,DISTURBANCE - DV CRITICAL,U1
2026-07-18 14:54:54,1,DISTURBANCE - DV CRITICAL,DISTURBANCE - DV CRITICAL,U1
2026-07-18 14:54:54,1,DISTURBANCE - DV CRITICAL,DISTURBANCE - DV CRITICAL,U1
2026-07-18 14:45:29,4,NOISE - GENERAL,CRISIS COMPLAINT - GENERAL,B1
2026-07-18 14:43:23,2,DISTURBANCE,DISTURBANCE - OTHER,B1
2026-07-18 14:43:23,2,DISTURBANCE,DISTURBANCE - OTHER,B1
2026-07-18 14:25:47,1,DISTURBANCE - DV CRITICAL,"DV - ARGUMENTS, DISTURBANCE (NO ARREST)",R1
2026-07-18 14:25:47,1,DISTURBANCE - DV CRITICAL,"DV - ARGUMENTS, DISTURBANCE (NO ARREST)",R1
2026-07-18 14:25:47,1,DISTURBANCE - DV CRITICAL,"DV - ARGUMENTS, DISTURBANCE (NO ARREST)",R1
2026-07-18 14:25:47,1,DISTURBANCE - DV CRITICAL,"DV - ARGUMENTS, DISTURBANCE (NO ARREST)",R1
2026-07-18 14:25:47,1,DISTURBANCE - DV CRITICAL,"DV - ARGUMENTS, DISTURBANCE (NO ARREST)",R1
2026-07-18 14:23:15,1,DISTURBANCE - DV CRITICAL,DISTURBANCE - OTHER,S2
2026-07-18 14:23:15,1,DISTURBANCE - DV CRITICAL,DISTURBANCE - OTHER,S2
2026-07-18 14:19:45,1,UNKNOWN - COMPLAINT OF UNKNOWN NATURE,DISTURBANCE - OTHER,B1
2026-07-18 14:19:45,1,UNKNOWN - COMPLAINT OF UNKNOWN NATURE,DISTURBANCE - OTHER,B1
2026-07-18 14:19:45,1,UNKNOWN - COMPLAINT OF UNKNOWN NATURE,DISTURBANCE - OTHER,B1
2026-07-18 14:16:02,1,UNKNOWN - ANI/ALI - WRLS PHNS (INCL OPEN LINE),"DV - ARGUMENTS, DISTURBANCE (NO ARREST)",U1
2026-07-18 14:16:02,1,UNKNOWN - ANI/ALI - WRLS PHNS (INCL OPEN LINE),"DV - ARGUMENTS, DISTURBANCE (NO ARREST)",U1
2026-07-18 14:16:02,1,UNKNOWN - ANI/ALI - WRLS PHNS (INCL OPEN LINE),"DV - ARGUMENTS, DISTURBANCE (NO ARREST)",U1
2026-07-18 14:11:14,3,DISTURBANCE,DISTURBANCE - OTHER,E3
2026-07-18 14:11:14,3,DISTURBANCE,DISTURBANCE - OTHER,E3
2026-07-18 14:08:53,2,MVC - COLLISION (ALL),DISTURBANCE - OTHER,W1
2026-07-18 13:38:53,3,NUISANCE,DISTURBANCE - OTHER,R1
2026-07-18 13:34:11,3,DISTURBANCE,SUSPICIOUS CIRCUM. - SUSPICIOUS PERSON,F3
2026-07-18 13:26:33,1,UNKNOWN - ANI/ALI - WRLS PHNS (INCL OPEN LINE),DISTURBANCE - OTHER,R2
2026-07-18 13:26:33,1,UNKNOWN - ANI/ALI - WRLS PHNS (INCL OPEN LINE),DISTURBANCE - OTHER,R2
2026-07-18 13:26:33,1,UNKNOWN - ANI/ALI - WRLS PHNS (INCL OPEN LINE),DISTURBANCE - OTHER,R2
2026-07-18 13:16:37,2,TRAFFIC - ROAD RAGE,DISTURBANCE - OTHER,B2
2026-07-18 13:15:00,1,DISTURBANCE - DV CRITICAL,DISTURBANCE - OTHER,Q2
2026-07-18 13:15:00,1,DISTURBANCE - DV CRITICAL,DISTURBANCE - OTHER,Q2
2026-07-18 13:15:00,1,DISTURBANCE - DV CRITICAL,DISTURBANCE - OTHER,Q2
2026-07-18 13:15:00,1,DISTURBANCE - DV CRITICAL,DISTURBANCE - OTHER,Q2
2026-07-18 12:45:22,4,NOISE - GENERAL,DISTURBANCE - OTHER,R1
2026-07-18 12:42:26,2,DISTURBANCE,DISTURBANCE - OTHER,U3
2026-07-18 12:42:26,2,DISTURBANCE,DISTURBANCE - OTHER,U3
2026-07-18 12:42:26,2,DISTURBANCE,DISTURBANCE - OTHER,U3
2026-07-18 12:41:53,2,DISTURBANCE,"ASSAULTS, OTHER",E1
2026-07-18 12:41:53,2,DISTURBANCE,"ASSAULTS, OTHER",E1
2026-07-18 12:41:53,2,DISTURBANCE,"ASSAULTS, OTHER",E1
2026-07-18 12:41:53,2,DISTURBANCE,"ASSAULTS, OTHER",E1
2026-07-18 12:41:53,2,DISTURBANCE,"ASSAULTS, OTHER",E1
2026-07-18 12:41:53,2,DISTURBANCE,"ASSAULTS, OTHER",E1
2026-07-18 12:27:06,3,BURG - RESD (INCL UNOCC STRUCTURES ON PROP),DISTURBANCE - OTHER,D3
2026-07-18 12:24:46,3,DEMONSTRATIONS,DISTURBANCE - OTHER,S3
2026-07-18 12:23:00,2,ASLT - WITH OR W/O WPNS (NO SHOOTINGS),DISTURBANCE - OTHER,N3
2026-07-18 12:16:11,4,NOISE - GENERAL,DISTURBANCE - NOISE,G2
2026-07-18 12:11:24,2,DISTURBANCE,DISTURBANCE - OTHER,W3
2026-07-18 12:08:33,2,DISTURBANCE,DISTURBANCE - OTHER,R2
2026-07-18 12:06:13,4,NOISE - GENERAL,DISTURBANCE - NOISE,Q3
2026-07-18 12:06:11,2,DISTURBANCE,DISTURBANCE - OTHER,C1
2026-07-18 12:00:33,3,DISTURBANCE,DISTURBANCE,S3
2026-07-18 11:56:19,2,TRESPASS,DISTURBANCE - OTHER,K1
2026-07-18 11:56:19,2,TRESPASS,DISTURBANCE - OTHER,K1
2026-07-18 11:07:28,2,DISTURBANCE,DISTURBANCE - OTHER,B2
2026-07-18 11:03:12,2,DISTURBANCE,WARRANT SERVICES - MISDEMEANOR,R2
2026-07-18 11:03:12,2,DISTURBANCE,WARRANT SERVICES - MISDEMEANOR,R2
2026-07-18 11:03:12,2,DISTURBANCE,WARRANT SERVICES - MISDEMEANOR,R2
2026-07-18 11:03:10,3,SERVICE - WELFARE CHECK,DISTURBANCE - OTHER,E1
2026-07-18 10:54:11,1,DISTURBANCE - DV CRITICAL,"ASSAULTS - HARASSMENT, THREATS",K3
2026-07-18 10:54:11,1,DISTURBANCE - DV CRITICAL,"ASSAULTS - HARASSMENT, THREATS",K3
2026-07-18 10:54:11,1,DISTURBANCE - DV CRITICAL,"ASSAULTS - HARASSMENT, THREATS",K3
2026-07-18 10:54:11,1,DISTURBANCE - DV CRITICAL,"ASSAULTS - HARASSMENT, THREATS",K3
2026-07-18 10:54:11,1,DISTURBANCE - DV CRITICAL,"ASSAULTS - HARASSMENT, THREATS",K3
2026-07-18 10:54:11,1,DISTURBANCE - DV CRITICAL,"ASSAULTS - HARASSMENT, THREATS",K3
2026-07-18 10:52:52,2,DISTURBANCE,PROWLER - TRESPASS,J1
2026-07-18 10:29:11,2,DISTURBANCE,DISTURBANCE - OTHER,B1
2026-07-18 10:28:30,2,DISTURBANCE,"ASSAULTS, OTHER",L3
2026-07-18 10:28:30,2,DISTURBANCE,"ASSAULTS, OTHER",L3
2026-07-18 10:28:30,2,DISTURBANCE,"ASSAULTS, OTHER",L3
2026-07-18 10:25:38,2,THREATS - DV - NO ASSAULT,"DV - ARGUMENTS, DISTURBANCE (NO ARREST)",F1
2026-07-18 10:25:38,2,THREATS - DV - NO ASSAULT,"DV - ARGUMENTS, DISTURBANCE (NO ARREST)",F1
2026-07-18 10:19:04,3,HARAS - NO BIAS OR THREATS,DISTURBANCE - OTHER,Q2
2026-07-18 10:16:34,2,DISTURBANCE,DISTURBANCE - OTHER,D1
2026-07-18 10:16:34,2,DISTURBANCE,DISTURBANCE - OTHER,D1
2026-07-18 10:14:01,2,DISTURBANCE,DISTURBANCE - OTHER,B3
2026-07-18 10:12:05,1,DISTURBANCE - DV CRITICAL,DISTURBANCE - OTHER,B2
2026-07-18 10:12:05,1,DISTURBANCE - DV CRITICAL,DISTURBANCE - OTHER,B2
2026-07-18 10:01:41,2,ASLT - WITH OR W/O WPNS (NO SHOOTINGS),DISTURBANCE - OTHER,O1
2026-07-18 10:01:41,2,ASLT - WITH OR W/O WPNS (NO SHOOTINGS),DISTURBANCE - OTHER,O1
2026-07-18 10:01:41,2,ASLT - WITH OR W/O WPNS (NO SHOOTINGS),DISTURBANCE - OTHER,O1
2026-07-18 10:01:41,2,ASLT - WITH OR W/O WPNS (NO SHOOTINGS),DISTURBANCE - OTHER,O1
2026-07-18 10:00:12,4,NOISE - GENERAL,DISTURBANCE - NOISE,Q2
2026-07-18 09:58:04,2,DISTURBANCE,DISTURBANCE - NOISE,B1
2026-07-18 09:42:23,3,"SUSPICIOUS PERSON, VEHICLE, OR INCIDENT",DISTURBANCE - OTHER,E2
2026-07-18 09:42:23,3,"SUSPICIOUS PERSON, VEHICLE, OR INCIDENT",DISTURBANCE - OTHER,E2
2026-07-18 09:18:48,2,DISTURBANCE - DV - NO ASLT,DISTURBANCE - OTHER,L3
2026-07-18 09:18:48,2,DISTURBANCE - DV - NO ASLT,DISTURBANCE - OTHER,L3
2026-07-18 09:17:27,2,DISTURBANCE,ASSIST OTHER AGENCY - CITY AGENCY,C2
2026-07-18 09:17:27,2,DISTURBANCE,ASSIST OTHER AGENCY - CITY AGENCY,C2
2026-07-18 09:11:33,1,DISTURBANCE - DV CRITICAL,"DV - ARGUMENTS, DISTURBANCE (NO ARREST)",R3
2026-07-18 09:11:33,1,DISTURBANCE - DV CRITICAL,"DV - ARGUMENTS, DISTURBANCE (NO ARREST)",R3
2026-07-18 09:11:33,1,DISTURBANCE - DV CRITICAL,"DV - ARGUMENTS, DISTURBANCE (NO ARREST)",R3
2026-07-18 08:44:18,1,ASLT - DV CRITICAL,"DV - ARGUMENTS, DISTURBANCE (NO ARREST)",N1
2026-07-18 08:44:18,1,ASLT - DV CRITICAL,"DV - ARGUMENTS, DISTURBANCE (NO ARREST)",N1
2026-07-18 08:33:45,1,DISTURBANCE,DISTURBANCE - OTHER,B1
2026-07-18 08:33:45,1,DISTURBANCE,DISTURBANCE - OTHER,B1
2026-07-18 08:33:45,1,DISTURBANCE,DISTURBANCE - OTHER,B1
2026-07-18 08:33:45,1,DISTURBANCE,DISTURBANCE - OTHER,B1
2026-07-18 07:51:09,2,DISTURBANCE - DV - NO ASLT,CRISIS COMPLAINT - GENERAL,K2
2026-07-18 07:51:09,2,DISTURBANCE - DV - NO ASLT,CRISIS COMPLAINT - GENERAL,K2
2026-07-18 07:51:09,2,DISTURBANCE - DV - NO ASLT,CRISIS COMPLAINT - GENERAL,K2
2026-07-18 07:51:09,2,DISTURBANCE - DV - NO ASLT,CRISIS COMPLAINT - GENERAL,K2
2026-07-18 07:51:09,2,DISTURBANCE - DV - NO ASLT,CRISIS COMPLAINT - GENERAL,K2
2026-07-18 07:45:46,2,DISTURBANCE - DV - NO ASLT,ASSIST OTHER AGENCY - CITY AGENCY,N3
2026-07-18 07:45:46,2,DISTURBANCE - DV - NO ASLT,ASSIST OTHER AGENCY - CITY AGENCY,N3
2026-07-18 07:35:07,3,NUISANCE,DISTURBANCE - OTHER,M3
2026-07-18 06:16:33,2,DISTURBANCE,DISTURBANCE - OTHER,C3
2026-07-18 06:15:58,1,UNKNOWN - ANI/ALI - WRLS PHNS (INCL OPEN LINE),DISTURBANCE - OTHER,E2
2026-07-18 05:50:11,2,DISTURBANCE - DV - NO ASLT,"DV - ARGUMENTS, DISTURBANCE (NO ARREST)",L3
2026-07-18 05:50:11,2,DISTURBANCE - DV - NO ASLT,"DV - ARGUMENTS, DISTURBANCE (NO ARREST)",L3
2026-07-18 05:50:11,2,DISTURBANCE - DV - NO ASLT,"DV - ARGUMENTS, DISTURBANCE (NO ARREST)",L3
2026-07-18 05:50:11,2,DISTURBANCE - DV - NO ASLT,"DV - ARGUMENTS, DISTURBANCE (NO ARREST)",L3
2026-07-18 05:33:23,2,DISTURBANCE,PROWLER - TRESPASS,K3
2026-07-18 05:33:23,2,DISTURBANCE,PROWLER - TRESPASS,K3
2026-07-18 05:33:23,2,DISTURBANCE,PROWLER - TRESPASS,K3
2026-07-18 05:16:48,2,ASLT - WITH OR W/O WPNS (NO SHOOTINGS),DISTURBANCE - JUVENILE,K3
2026-07-18 05:16:48,2,ASLT - WITH OR W/O WPNS (NO SHOOTINGS),DISTURBANCE - JUVENILE,K3
2026-07-18 05:16:48,2,ASLT - WITH OR W/O WPNS (NO SHOOTINGS),DISTURBANCE - JUVENILE,K3
2026-07-18 05:16:48,2,ASLT - WITH OR W/O WPNS (NO SHOOTINGS),DISTURBANCE - JUVENILE,K3
2026-07-18 05:16:48,2,ASLT - WITH OR W/O WPNS (NO SHOOTINGS),DISTURBANCE - JUVENILE,K3
2026-07-18 05:07:18,2,ASLT - WITH OR W/O WPNS (NO SHOOTINGS),DISTURBANCE - OTHER,E1
2026-07-18 05:03:57,1,UNKNOWN - COMPLAINT OF UNKNOWN NATURE,"DV - ARGUMENTS, DISTURBANCE (NO ARREST)",J1
2026-07-18 05:03:57,1,UNKNOWN - COMPLAINT OF UNKNOWN NATURE,"DV - ARGUMENTS, DISTURBANCE (NO ARREST)",J1
2026-07-18 04:48:49,2,"SUSPICIOUS PERSON, VEHICLE, OR INCIDENT",DISTURBANCE - OTHER,M1
2026-07-18 04:44:59,1,THREATS (INCLS IN-PERSON/BY PHONE/IN WRITING),DISTURBANCE - OTHER,E3
2026-07-18 04:44:59,1,THREATS (INCLS IN-PERSON/BY PHONE/IN WRITING),DISTURBANCE - OTHER,E3
2026-07-18 04:44:59,1,THREATS (INCLS IN-PERSON/BY PHONE/IN WRITING),DISTURBANCE - OTHER,E3
2026-07-18 04:35:34,2,DISTURBANCE,SUSPICIOUS CIRCUM. - SUSPICIOUS PERSON,D3
2026-07-18 04:35:34,2,DISTURBANCE,SUSPICIOUS CIRCUM. - SUSPICIOUS PERSON,D3
2026-07-18 04:35:34,2,DISTURBANCE,SUSPICIOUS CIRCUM. - SUSPICIOUS PERSON,D3
2026-07-18 04:16:29,1,DISTURBANCE,"DV - ARGUMENTS, DISTURBANCE (NO ARREST)",R1
2026-07-18 04:16:29,1,DISTURBANCE,"DV - ARGUMENTS, DISTURBANCE (NO ARREST)",R1
2026-07-18 03:53:37,4,NOISE - GENERAL,DISTURBANCE - OTHER,L1
2026-07-18 03:47:20,2,DISTURBANCE,DISTURBANCE - OTHER,N1
2026-07-18 03:32:22,1,ASLT - DV CRITICAL,"DV - ARGUMENTS, DISTURBANCE (NO ARREST)",N3
2026-07-18 03:32:22,1,ASLT - DV CRITICAL,"DV - ARGUMENTS, DISTURBANCE (NO ARREST)",N3
2026-07-18 03:32:22,1,ASLT - DV CRITICAL,"DV - ARGUMENTS, DISTURBANCE (NO ARREST)",N3
2026-07-18 03:32:22,1,ASLT - DV CRITICAL,"DV - ARGUMENTS, DISTURBANCE (NO ARREST)",N3
2026-07-18 03:32:22,1,ASLT - DV CRITICAL,"DV - ARGUMENTS, DISTURBANCE (NO ARREST)",N3
2026-07-18 03:32:22,1,ASLT - DV CRITICAL,"DV - ARGUMENTS, DISTURBANCE (NO ARREST)",N3
2026-07-18 03:08:48,2,DISTURBANCE,DISTURBANCE,J3
2026-07-18 03:08:48,2,DISTURBANCE,DISTURBANCE,J3
2026-07-18 03:08:48,2,DISTURBANCE,DISTURBANCE,J3
2026-07-18 03:01:51,2,DISTURBANCE,DISTURBANCE - FIGHT,U2
2026-07-18 02:50:42,1,DISTURBANCE,DISTURBANCE - OTHER,L2
2026-07-18 02:50:42,1,DISTURBANCE,DISTURBANCE - OTHER,L2
2026-07-18 02:50:42,1,DISTURBANCE,DISTURBANCE - OTHER,L2
2026-07-18 02:50:42,1,DISTURBANCE,DISTURBANCE - OTHER,L2
2026-07-18 02:39:06,2,"SUSPICIOUS PERSON, VEHICLE, OR INCIDENT",DISTURBANCE - OTHER,E2
2026-07-18 02:33:58,4,NOISE - GENERAL,DISTURBANCE - NOISE,R3
2026-07-18 02:32:26,4,NOISE - GENERAL,DISTURBANCE - NOISE,E1
2026-07-18 02:26:58,2,DISTURBANCE,SUSPICIOUS CIRCUM. - SUSPICIOUS PERSON,J3
2026-07-18 02:26:58,2,DISTURBANCE,SUSPICIOUS CIRCUM. - SUSPICIOUS PERSON,J3
2026-07-18 02:22:23,1,DISTURBANCE,DV - DOMESTIC VIOL/ASLT (ARREST MANDATORY),K3
2026-07-18 02:22:23,1,DISTURBANCE,DV - DOMESTIC VIOL/ASLT (ARREST MANDATORY),K3
2026-07-18 02:22:23,1,DISTURBANCE,DV - DOMESTIC VIOL/ASLT (ARREST MANDATORY),K3
2026-07-18 02:22:23,1,DISTURBANCE,DV - DOMESTIC VIOL/ASLT (ARREST MANDATORY),K3
2026-07-18 02:22:23,1,DISTURBANCE,DV - DOMESTIC VIOL/ASLT (ARREST MANDATORY),K3
2026-07-18 02:22:23,1,DISTURBANCE,DV - DOMESTIC VIOL/ASLT (ARREST MANDATORY),K3
2026-07-18 02:22:23,1,DISTURBANCE,DV - DOMESTIC VIOL/ASLT (ARREST MANDATORY),K3
2026-07-18 02:22:23,1,DISTURBANCE,DV - DOMESTIC VIOL/ASLT (ARREST MANDATORY),K3
2026-07-18 02:02:13,2,FIGHT - PHYSICAL (NO WEAPONS),DISTURBANCE - FIGHT,E2
2026-07-18 02:02:13,2,FIGHT - PHYSICAL (NO WEAPONS),DISTURBANCE - FIGHT,E2
2026-07-18 02:02:13,2,FIGHT - PHYSICAL (NO WEAPONS),DISTURBANCE - FIGHT,E2
2026-07-18 02:02:13,2,FIGHT - PHYSICAL (NO WEAPONS),DISTURBANCE - FIGHT,E2
2026-07-18 02:02:13,2,FIGHT - PHYSICAL (NO WEAPONS),DISTURBANCE - FIGHT,E2
2026-07-18 01:46:06,2,TRESPASS,DISTURBANCE - OTHER,E2
2026-07-18 01:46:06,2,TRESPASS,DISTURBANCE - OTHER,E2
2026-07-18 01:35:11,3,DISTURBANCE,DISTURBANCE - OTHER,E2
2026-07-18 01:35:11,3,DISTURBANCE,DISTURBANCE - OTHER,E2
2026-07-18 01:35:11,3,DISTURBANCE,DISTURBANCE - OTHER,E2
2026-07-18 01:35:11,3,DISTURBANCE,DISTURBANCE - OTHER,E2
2026-07-18 01:28:54,4,NOISE - GENERAL,NOISE - GENERAL,J1
2026-07-18 01:28:08,2,DISTURBANCE,ASSIST PUBLIC - OTHER (NON-SPECIFIED),F1
2026-07-18 01:28:08,2,DISTURBANCE,ASSIST PUBLIC - OTHER (NON-SPECIFIED),F1
2026-07-18 01:27:56,4,NOISE - GENERAL,DISTURBANCE - NOISE,S1
2026-07-18 01:16:53,4,NOISE - GENERAL,DISTURBANCE - NOISE,W1
2026-07-18 01:13:08,1,SHOTS HEARD - IN PROGRESS,DISTURBANCE - OTHER,U3
2026-07-18 01:12:32,4,NOISE - GENERAL,DISTURBANCE - NOISE,E2
2026-07-18 01:09:37,3,DISTURBANCE,DISTURBANCE - FIGHT,N3
2026-07-18 01:09:37,3,DISTURBANCE,DISTURBANCE - FIGHT,N3
2026-07-18 01:09:37,3,DISTURBANCE,DISTURBANCE - FIGHT,N3
2026-07-18 01:09:37,3,DISTURBANCE,DISTURBANCE - FIGHT,N3
2026-07-18 01:09:37,3,DISTURBANCE,DISTURBANCE - FIGHT,N3
2026-07-18 01:09:00,1,UNKNOWN - ANI/ALI - WRLS PHNS (INCL OPEN LINE),DISTURBANCE - OTHER,S1
2026-07-18 01:09:00,1,UNKNOWN - ANI/ALI - WRLS PHNS (INCL OPEN LINE),DISTURBANCE - OTHER,S1
2026-07-18 01:09:00,1,UNKNOWN - ANI/ALI - WRLS PHNS (INCL OPEN LINE),DISTURBANCE - OTHER,S1
2026-07-18 01:09:00,1,UNKNOWN - ANI/ALI - WRLS PHNS (INCL OPEN LINE),DISTURBANCE - OTHER,S1
2026-07-18 01:09:00,1,UNKNOWN - ANI/ALI - WRLS PHNS (INCL OPEN LINE),DISTURBANCE - OTHER,S1
2026-07-18 01:09:00,1,UNKNOWN - ANI/ALI - WRLS PHNS (INCL OPEN LINE),DISTURBANCE - OTHER,S1
2026-07-18 01:04:59,2,FIGHT - PHYSICAL (NO WEAPONS),DISTURBANCE - FIGHT,B3
2026-07-18 01:04:59,2,FIGHT - PHYSICAL (NO WEAPONS),DISTURBANCE - FIGHT,B3
2026-07-18 01:04:59,2,FIGHT - PHYSICAL (NO WEAPONS),DISTURBANCE - FIGHT,B3
2026-07-18 01:04:59,2,FIGHT - PHYSICAL (NO WEAPONS),DISTURBANCE - FIGHT,B3
2026-07-18 01:00:33,2,HAZ - POTENTIAL THRT TO PHYS SAFETY,DISTURBANCE - OTHER,O3
2026-07-18 00:56:00,1,DISTURBANCE,"DV - ARGUMENTS, DISTURBANCE (NO ARREST)",G3
2026-07-18 00:56:00,1,DISTURBANCE,"DV - ARGUMENTS, DISTURBANCE (NO ARREST)",G3
2026-07-18 00:56:00,1,DISTURBANCE,"DV - ARGUMENTS, DISTURBANCE (NO ARREST)",G3
2026-07-18 00:52:18,4,NOISE - GENERAL,DISTURBANCE - NOISE,F2
2026-07-18 00:40:53,3,THREATS (INCLS IN-PERSON/BY PHONE/IN WRITING),DISTURBANCE - OTHER,W1
2026-07-18 00:40:43,2,DISTURBANCE,DISTURBANCE - OTHER,N2
2026-07-18 00:37:57,2,DISTURBANCE - DV - NO ASLT,DISTURBANCE - OTHER,L3
2026-07-18 00:37:57,2,DISTURBANCE - DV - NO ASLT,DISTURBANCE - OTHER,L3
2026-07-18 00:35:55,1,ASLT - WITH OR W/O WPNS (NO SHOOTINGS),DISTURBANCE - OTHER,E1
2026-07-18 00:32:26,2,DISTURBANCE,DISTURBANCE - OTHER,E1
2026-07-18 00:30:14,3,DISTURBANCE - DV - NO ASLT,ASSIST PUBLIC - OTHER (NON-SPECIFIED),K2
2026-07-18 00:25:10,4,FIREWORKS (NO HAZARD),DISTURBANCE - NOISE RESIDENTIAL,R3
2026-07-18 00:23:41,3,ASSIST PUBLIC - NO WELFARE CHK OR DV ORDER SERVICE,DISTURBANCE - OTHER,E1
2026-07-18 00:22:45,4,NOISE - GENERAL,DISTURBANCE - NOISE,N3
2026-07-18 00:19:57,4,NOISE - GENERAL,DISTURBANCE - NOISE,D3
2026-07-18 00:16:01,2,THREATS (INCLS IN-PERSON/BY PHONE/IN WRITING),DISTURBANCE - OTHER,Q1
2026-07-18 00:15:27,4,NOISE - GENERAL,DISTURBANCE - NOISE,C2
2026-07-18 00:09:45,4,NOISE - GENERAL,DISTURBANCE - NOISE,E1
2026-07-18 00:05:50,1,UNKNOWN - COMPLAINT OF UNKNOWN NATURE,DISTURBANCE - OTHER,N3
2026-07-18 00:05:50,1,UNKNOWN - COMPLAINT OF UNKNOWN NATURE,DISTURBANCE - OTHER,N3
2026-07-17 23:54:49,1,ASLT - CRITICAL (NO SHOOTINGS),DISTURBANCE - OTHER,U1
2026-07-17 23:54:49,1,ASLT - CRITICAL (NO SHOOTINGS),DISTURBANCE - OTHER,U1
2026-07-17 23:54:49,1,ASLT - CRITICAL (NO SHOOTINGS),DISTURBANCE - OTHER,U1
2026-07-17 23:51:59,3,NUISANCE,DISTURBANCE - OTHER,W2
2026-07-17 23:51:07,1,DISTURBANCE - DV CRITICAL,DV - DOMESTIC VIOL/ASLT (ARREST MANDATORY),M2
2026-07-17 23:51:07,1,DISTURBANCE - DV CRITICAL,DV - DOMESTIC VIOL/ASLT (ARREST MANDATORY),M2
2026-07-17 23:51:07,1,DISTURBANCE - DV CRITICAL,DV - DOMESTIC VIOL/ASLT (ARREST MANDATORY),M2
2026-07-17 23:43:27,4,NOISE - GENERAL,DISTURBANCE - NOISE,C3
2026-07-17 23:43:06,4,NOISE - GENERAL,DISTURBANCE - NOISE,U1
2026-07-17 23:36:08,1,FIGHT - WITH WEAPONS,DISTURBANCE - FIGHT,E1
2026-07-17 23:36:08,1,FIGHT - WITH WEAPONS,DISTURBANCE - FIGHT,E1
2026-07-17 23:36:08,1,FIGHT - WITH WEAPONS,DISTURBANCE - FIGHT,E1
2026-07-17 23:36:08,1,FIGHT - WITH WEAPONS,DISTURBANCE - FIGHT,E1
2026-07-17 23:36:08,1,FIGHT - WITH WEAPONS,DISTURBANCE - FIGHT,E1
2026-07-17 23:34:01,2,THREATS - DV - NO ASSAULT,DISTURBANCE - OTHER,N1
2026-07-17 23:31:38,2,DISTURBANCE - DV - NO ASLT,"DV - ARGUMENTS, DISTURBANCE (NO ARREST)",O3
2026-07-17 23:30:41,1,SHOTS HEARD - IN PROGRESS,DISTURBANCE - NOISE,S2
2026-07-17 23:30:41,1,SHOTS HEARD - IN PROGRESS,DISTURBANCE - NOISE,S2
2026-07-17 23:29:28,2,LIQUOR VIOLATIONS - MINOR,DISTURBANCE - OTHER,Q2
2026-07-17 23:27:29,4,NOISE - GENERAL,DISTURBANCE - NOISE,U3
2026-07-17 23:26:45,2,FIGHT - PHYSICAL (NO WEAPONS),DISTURBANCE - OTHER,M1
2026-07-17 23:26:45,2,FIGHT - PHYSICAL (NO WEAPONS),DISTURBANCE - OTHER,M1
2026-07-17 23:24:51,2,DISTURBANCE,DISTURBANCE - OTHER,Q2
2026-07-17 23:21:37,1,DISTURBANCE - DV CRITICAL,DISTURBANCE - DV - NO ASLT,F1
2026-07-17 23:21:37,1,DISTURBANCE - DV CRITICAL,DISTURBANCE - DV - NO ASLT,F1
2026-07-17 23:15:40,4,NOISE - GENERAL,DISTURBANCE - NOISE,B1
2026-07-17 23:15:35,4,FIREWORKS (NO HAZARD),DISTURBANCE - NOISE,G3
2026-07-17 23:14:34,3,DISTURBANCE,SUSPICIOUS CIRCUM. - SUSPICIOUS PERSON,N3
2026-07-17 23:10:20,4,FIREWORKS (NO HAZARD),DISTURBANCE - NOISE,F1
2026-07-17 23:08:56,2,DISTURBANCE,DISTURBANCE - OTHER,D1
2026-07-17 23:08:56,2,DISTURBANCE,DISTURBANCE - OTHER,D1
2026-07-17 23:07:43,2,"SUSPICIOUS PERSON, VEHICLE, OR INCIDENT",DISTURBANCE - OTHER,U1
2026-07-17 23:07:25,4,FIREWORKS (NO HAZARD),DISTURBANCE - NOISE RESIDENTIAL,R3
2026-07-17 23:05:04,4,NOISE - GENERAL,DISTURBANCE - NOISE,G3
2026-07-17 23:03:01,2,THREATS (INCLS IN-PERSON/BY PHONE/IN WRITING),DISTURBANCE - OTHER,D1
2026-07-17 23:03:01,2,THREATS (INCLS IN-PERSON/BY PHONE/IN WRITING),DISTURBANCE - OTHER,D1
2026-07-17 23:01:43,3,NUISANCE,DISTURBANCE - OTHER,W2
2026-07-17 22:46:39,1,DISTURBANCE - DV CRITICAL,"DV - ARGUMENTS, DISTURBANCE (NO ARREST)",S2
2026-07-17 22:46:39,1,DISTURBANCE - DV CRITICAL,"DV - ARGUMENTS, DISTURBANCE (NO ARREST)",S2
2026-07-17 22:46:39,1,DISTURBANCE - DV CRITICAL,"DV - ARGUMENTS, DISTURBANCE (NO ARREST)",S2
2026-07-17 22:46:39,1,DISTURBANCE - DV CRITICAL,"DV - ARGUMENTS, DISTURBANCE (NO ARREST)",S2
2026-07-17 22:44:32,4,NOISE - GENERAL,DISTURBANCE - NOISE,U1
2026-07-17 22:42:16,2,DISTURBANCE,DISTURBANCE - OTHER,G1
2026-07-17 22:42:16,2,DISTURBANCE,DISTURBANCE - OTHER,G1
2026-07-17 22:42:05,2,ASLT - WITH OR W/O WPNS (NO SHOOTINGS),DISTURBANCE - OTHER,M1
2026-07-17 22:42:05,2,ASLT - WITH OR W/O WPNS (NO SHOOTINGS),DISTURBANCE - OTHER,M1
2026-07-17 22:40:07,1,SHOTS HEARD - IN PROGRESS,DISTURBANCE - NOISE RESIDENTIAL,S2
2026-07-17 22:37:46,2,DISTURBANCE,DISTURBANCE - JUVENILE,S3
2026-07-17 22:37:46,2,DISTURBANCE,DISTURBANCE - JUVENILE,S3
2026-07-17 22:37:45,1,THREATS (INCLS IN-PERSON/BY PHONE/IN WRITING),DISTURBANCE - OTHER,C1
2026-07-17 22:37:45,1,THREATS (INCLS IN-PERSON/BY PHONE/IN WRITING),DISTURBANCE - OTHER,C1
2026-07-17 22:37:45,1,THREATS (INCLS IN-PERSON/BY PHONE/IN WRITING),DISTURBANCE - OTHER,C1
2026-07-17 22:33:12,2,DISTURBANCE,DISTURBANCE - OTHER,R1
2026-07-17 22:32:50,2,DISTURBANCE - DV - NO ASLT,DV - DOMESTIC THREATS BY PHONE OR WRITING,B3
2026-07-17 22:32:50,2,DISTURBANCE - DV - NO ASLT,DV - DOMESTIC THREATS BY PHONE OR WRITING,B3
2026-07-17 22:32:50,2,DISTURBANCE - DV - NO ASLT,DV - DOMESTIC THREATS BY PHONE OR WRITING,B3
2026-07-17 22:32:50,2,DISTURBANCE - DV - NO ASLT,DV - DOMESTIC THREATS BY PHONE OR WRITING,B3
2026-07-17 22:32:33,2,THREATS (INCLS IN-PERSON/BY PHONE/IN WRITING),DISTURBANCE - OTHER,U2
2026-07-17 22:31:54,2,TRESPASS,DISTURBANCE - OTHER,R2
2026-07-17 22:28:42,1,SHOTS HEARD - IN PROGRESS,DISTURBANCE - NOISE,J2
2026-07-17 22:28:42,1,SHOTS HEARD - IN PROGRESS,DISTURBANCE - NOISE,J2
2026-07-17 22:27:52,4,NOISE - GENERAL,DISTURBANCE - NOISE,U2
2026-07-17 22:23:36,2,DISTURBANCE,DISTURBANCE - OTHER,N3
2026-07-17 22:19:52,2,DISTURBANCE - DV - NO ASLT,DISTURBANCE - OTHER,U1
2026-07-17 22:19:52,2,DISTURBANCE - DV - NO ASLT,DISTURBANCE - OTHER,U1
2026-07-17 22:07:22,4,NOISE - GENERAL,DISTURBANCE - NOISE RESIDENTIAL,S1
2026-07-17 22:06:15,4,NOISE - GENERAL,DISTURBANCE - NOISE,R3
2026-07-17 22:00:15,1,DISTURBANCE - DV CRITICAL,DISTURBANCE - OTHER,S2
2026-07-17 22:00:15,1,DISTURBANCE - DV CRITICAL,DISTURBANCE - OTHER,S2
2026-07-17 22:00:15,1,DISTURBANCE - DV CRITICAL,DISTURBANCE - OTHER,S2
2026-07-17 22:00:13,1,FIGHT - PHYSICAL (NO WEAPONS),DISTURBANCE - OTHER,E3
2026-07-17 22:00:13,1,FIGHT - PHYSICAL (NO WEAPONS),DISTURBANCE - OTHER,E3
2026-07-17 22:00:13,1,FIGHT - PHYSICAL (NO WEAPONS),DISTURBANCE - OTHER,E3
2026-07-17 22:00:13,1,FIGHT - PHYSICAL (NO WEAPONS),DISTURBANCE - OTHER,E3
2026-07-17 22:00:13,1,FIGHT - PHYSICAL (NO WEAPONS),DISTURBANCE - OTHER,E3
2026-07-17 21:56:19,1,DISTURBANCE - DV CRITICAL,DISTURBANCE - OTHER,M1
2026-07-17 21:56:19,1,DISTURBANCE - DV CRITICAL,DISTURBANCE - OTHER,M1
2026-07-17 21:56:19,1,DISTURBANCE - DV CRITICAL,DISTURBANCE - OTHER,M1
2026-07-17 21:56:19,1,DISTURBANCE - DV CRITICAL,DISTURBANCE - OTHER,M1
2026-07-17 21:56:19,1,DISTURBANCE - DV CRITICAL,DISTURBANCE - OTHER,M1
2026-07-17 21:49:23,2,LIQUOR VIOLATIONS - MINOR,DISTURBANCE - OTHER,J1
2026-07-17 21:49:23,2,LIQUOR VIOLATIONS - MINOR,DISTURBANCE - OTHER,J1
2026-07-17 21:44:49,1,UNKNOWN - ANI/ALI - WRLS PHNS (INCL OPEN LINE),DISTURBANCE - OTHER,N3
2026-07-17 21:44:49,1,UNKNOWN - ANI/ALI - WRLS PHNS (INCL OPEN LINE),DISTURBANCE - OTHER,N3
2026-07-17 21:44:49,1,UNKNOWN - ANI/ALI - WRLS PHNS (INCL OPEN LINE),DISTURBANCE - OTHER,N3
2026-07-17 21:38:15,1,ASLT - CRITICAL (NO SHOOTINGS),DISTURBANCE - OTHER,D1
2026-07-17 21:38:15,1,ASLT - CRITICAL (NO SHOOTINGS),DISTURBANCE - OTHER,D1
2026-07-17 21:38:15,1,ASLT - CRITICAL (NO SHOOTINGS),DISTURBANCE - OTHER,D1
2026-07-17 21:37:50,1,DISTURBANCE,"ASSAULTS, OTHER",S3
2026-07-17 21:37:50,1,DISTURBANCE,"ASSAULTS, OTHER",S3
2026-07-17 21:37:50,1,DISTURBANCE,"ASSAULTS, OTHER",S3
2026-07-17 21:37:50,1,DISTURBANCE,"ASSAULTS, OTHER",S3
2026-07-17 21:37:50,1,DISTURBANCE,"ASSAULTS, OTHER",S3
2026-07-17 21:35:57,3,DISTURBANCE,DISTURBANCE - NOISE,C1
2026-07-17 21:35:57,3,DISTURBANCE,DISTURBANCE - NOISE,C1
2026-07-17 21:24:08,2,DISTURBANCE,SUSPICIOUS CIRCUM. - SUSPICIOUS PERSON,M2
2026-07-17 21:24:08,2,DISTURBANCE,SUSPICIOUS CIRCUM. - SUSPICIOUS PERSON,M2
2026-07-17 21:17:33,2,DISTURBANCE,DISTURBANCE - OTHER,E1
2026-07-17 21:16:27,4,NOISE - GENERAL,DISTURBANCE - NOISE,E1
2026-07-17 21:09:37,3,NUISANCE,DISTURBANCE - OTHER,K3
2026-07-17 20:55:23,2,"SUSPICIOUS PERSON, VEHICLE, OR INCIDENT",DISTURBANCE - OTHER,W2
2026-07-17 20:54:45,2,SEX IN PUBLIC PLACE (INCL MASTURBATION),DISTURBANCE - OTHER,C3
2026-07-17 20:54:45,2,SEX IN PUBLIC PLACE (INCL MASTURBATION),DISTURBANCE - OTHER,C3
2026-07-17 20:52:47,3,THREATS (INCLS IN-PERSON/BY PHONE/IN WRITING),DISTURBANCE - OTHER,S1
2026-07-17 20:52:47,3,THREATS (INCLS IN-PERSON/BY PHONE/IN WRITING),DISTURBANCE - OTHER,S1
2026-07-17 20:51:54,1,UNKNOWN - COMPLAINT OF UNKNOWN NATURE,DISTURBANCE - OTHER,E2
2026-07-17 20:42:46,4,NOISE - GENERAL,NOISE - GENERAL,J3
2026-07-17 20:42:22,3,DISTURBANCE,SUSPICIOUS CIRCUM. - SUSPICIOUS PERSON,E3
2026-07-17 20:38:49,2,DISTURBANCE,DISTURBANCE - OTHER,U1
2026-07-17 20:38:49,2,DISTURBANCE,DISTURBANCE - OTHER,U1
2026-07-17 20:32:46,2,HAZ - POTENTIAL THRT TO PHYS SAFETY,"ANIMAL COMPLAINT - NOISE,STRAY,BITE",C3
2026-07-17 20:32:46,2,HAZ - POTENTIAL THRT TO PHYS SAFETY,"ANIMAL COMPLAINT - NOISE,STRAY,BITE",C3
2026-07-17 20:25:33,2,SUICIDE - SUICIDAL PERSON AND ATTEMPTS,DISTURBANCE - OTHER,D3
2026-07-17 20:25:33,2,SUICIDE - SUICIDAL PERSON AND ATTEMPTS,DISTURBANCE - OTHER,D3
2026-07-17 20:20:53,2,DISTURBANCE - DV - NO ASLT,DISTURBANCE - OTHER,F1
2026-07-17 20:05:42,4,PARKING VIOLATION (EXCEPT ABANDONED CAR),DISTURBANCE - OTHER,B2
2026-07-17 20:04:03,3,"SUSPICIOUS PERSON, VEHICLE, OR INCIDENT",DISTURBANCE - OTHER,G2
2026-07-17 19:58:45,4,NOISE - GENERAL,DISTURBANCE - NOISE RESIDENTIAL,L1
2026-07-17 19:52:48,2,DUI - DRIVING UNDER INFLUENCE,DISTURBANCE - OTHER,U1
2026-07-17 19:52:48,2,DUI - DRIVING UNDER INFLUENCE,DISTURBANCE - OTHER,U1
2026-07-17 19:45:46,2,DISTURBANCE,PROWLER - TRESPASS,M2
2026-07-17 19:45:46,2,DISTURBANCE,PROWLER - TRESPASS,M2
2026-07-17 19:36:14,1,ASLT - DV CRITICAL,DISTURBANCE - OTHER,U3
2026-07-17 19:36:14,1,ASLT - DV CRITICAL,DISTURBANCE - OTHER,U3
2026-07-17 19:36:14,1,ASLT - DV CRITICAL,DISTURBANCE - OTHER,U3
2026-07-17 19:36:14,1,ASLT - DV CRITICAL,DISTURBANCE - OTHER,U3
2026-07-17 19:36:14,1,ASLT - DV CRITICAL,DISTURBANCE - OTHER,U3
2026-07-17 19:35:37,2,DISTURBANCE,THEFT - ALL OTHER,R1
2026-07-17 19:35:37,2,DISTURBANCE,THEFT - ALL OTHER,R1
2026-07-17 19:35:37,2,DISTURBANCE,THEFT - ALL OTHER,R1
2026-07-17 19:22:07,1,DISTURBANCE - DV CRITICAL,DISTURBANCE - OTHER,E3
2026-07-17 19:22:07,1,DISTURBANCE - DV CRITICAL,DISTURBANCE - OTHER,E3
2026-07-17 19:22:07,1,DISTURBANCE - DV CRITICAL,DISTURBANCE - OTHER,E3
2026-07-17 19:21:26,3,CUSTODIAL INTERFERENCE - DV,DISTURBANCE - OTHER,E1
2026-07-17 19:21:26,3,CUSTODIAL INTERFERENCE - DV,DISTURBANCE - OTHER,E1
2026-07-17 19:21:26,3,CUSTODIAL INTERFERENCE - DV,DISTURBANCE - OTHER,E1
2026-07-17 19:21:26,3,CUSTODIAL INTERFERENCE - DV,DISTURBANCE - OTHER,E1
2026-07-17 19:19:52,1,DOWN - CHECK FOR DOWN PERSON,DISTURBANCE - OTHER,L1
2026-07-17 19:19:52,1,DOWN - CHECK FOR DOWN PERSON,DISTURBANCE - OTHER,L1
2026-07-17 19:11:55,2,DISTURBANCE,DISTURBANCE - OTHER,J3
2026-07-17 19:09:09,2,DISTURBANCE,ASSIST PUBLIC - OTHER (NON-SPECIFIED),E3
2026-07-17 19:09:09,2,DISTURBANCE,ASSIST PUBLIC - OTHER (NON-SPECIFIED),E3
2026-07-17 19:08:21,3,DISTURBANCE,DISTURBANCE - OTHER,B2
2026-07-17 19:08:21,3,DISTURBANCE,DISTURBANCE - OTHER,B2
2026-07-17 19:07:12,4,NOISE - GENERAL,DISTURBANCE - NOISE RESIDENTIAL,S1
2026-07-17 19:06:08,4,NOISE - GENERAL,DISTURBANCE - NOISE,E2
2026-07-17 18:58:43,2,DISTURBANCE,DISTURBANCE - OTHER,E3
2026-07-17 18:58:43,2,DISTURBANCE,DISTURBANCE - OTHER,E3
2026-07-17 18:57:33,2,DISTURBANCE,SUSPICIOUS CIRCUM. - SUSPICIOUS PERSON,M2
2026-07-17 18:54:21,2,DISTURBANCE,DISTURBANCE - OTHER,O3
2026-07-17 18:51:12,1,ASLT - DV CRITICAL,"DV - ARGUMENTS, DISTURBANCE (NO ARREST)",B2
2026-07-17 18:51:12,1,ASLT - DV CRITICAL,"DV - ARGUMENTS, DISTURBANCE (NO ARREST)",B2
2026-07-17 18:51:12,1,ASLT - DV CRITICAL,"DV - ARGUMENTS, DISTURBANCE (NO ARREST)",B2
2026-07-17 18:51:12,1,ASLT - DV CRITICAL,"DV - ARGUMENTS, DISTURBANCE (NO ARREST)",B2
2026-07-17 18:51:12,1,ASLT - DV CRITICAL,"DV - ARGUMENTS, DISTURBANCE (NO ARREST)",B2
2026-07-17 18:51:12,1,ASLT - DV CRITICAL,"DV - ARGUMENTS, DISTURBANCE (NO ARREST)",B2
2026-07-17 18:40:26,2,DISTURBANCE,DISTURBANCE - OTHER,R3
2026-07-17 18:40:26,2,DISTURBANCE,DISTURBANCE - OTHER,R3
2026-07-17 18:26:01,4,NOISE - GENERAL,DISTURBANCE - NOISE,U1
2026-07-17 18:24:03,1,OVERDOSE,DISTURBANCE - OTHER,U2
2026-07-17 18:24:03,1,OVERDOSE,DISTURBANCE - OTHER,U2
2026-07-17 18:18:03,3,"ANIMAL - INJURED, DEAD HAZARD, OTHER","ANIMAL COMPLAINT - NOISE,STRAY,BITE",S2
2026-07-17 18:12:45,1,"SUSPICIOUS PERSON, VEHICLE, OR INCIDENT",DISTURBANCE - OTHER,K1
2026-07-17 18:12:45,1,"SUSPICIOUS PERSON, VEHICLE, OR INCIDENT",DISTURBANCE - OTHER,K1
2026-07-17 18:12:45,1,"SUSPICIOUS PERSON, VEHICLE, OR INCIDENT",DISTURBANCE - OTHER,K1
2026-07-17 18:10:53,2,DISTURBANCE,DISTURBANCE - OTHER,J3
2026-07-17 18:05:39,1,DISTURBANCE - DV CRITICAL,DISTURBANCE - OTHER,Q2
2026-07-17 18:05:39,1,DISTURBANCE - DV CRITICAL,DISTURBANCE - OTHER,Q2
2026-07-17 18:05:39,1,DISTURBANCE - DV CRITICAL,DISTURBANCE - OTHER,Q2
2026-07-17 18:05:39,1,DISTURBANCE - DV CRITICAL,DISTURBANCE - OTHER,Q2
2026-07-17 17:59:42,2,DISTURBANCE,DISTURBANCE - OTHER,R2
2026-07-17 17:50:43,1,THREATS - DV - NO ASSAULT,"DV - ARGUMENTS, DISTURBANCE (NO ARREST)",U1
2026-07-17 17:50:43,1,THREATS - DV - NO ASSAULT,"DV - ARGUMENTS, DISTURBANCE (NO ARREST)",U1
2026-07-17 17:50:43,1,THREATS - DV - NO ASSAULT,"DV - ARGUMENTS, DISTURBANCE (NO ARREST)",U1
2026-07-17 17:50:43,1,THREATS - DV - NO ASSAULT,"DV - ARGUMENTS, DISTURBANCE (NO ARREST)",U1
2026-07-17 17:50:43,1,THREATS - DV - NO ASSAULT,"DV - ARGUMENTS, DISTURBANCE (NO ARREST)",U1
2026-07-17 17:50:43,1,THREATS - DV - NO ASSAULT,"DV - ARGUMENTS, DISTURBANCE (NO ARREST)",U1
2026-07-17 17:47:09,3,THREATS (INCLS IN-PERSON/BY PHONE/IN WRITING),DISTURBANCE - OTHER,W3
2026-07-17 17:32:09,3,DISTURBANCE,DISTURBANCE - OTHER,J2
2026-07-17 17:30:31,2,MVC - COLLISION (ALL),DISTURBANCE - OTHER,N2
2026-07-17 17:30:31,2,MVC - COLLISION (ALL),DISTURBANCE - OTHER,N2
2026-07-17 17:22:35,2,TRESPASS,DISTURBANCE - OTHER,E1
2026-07-17 17:22:35,2,TRESPASS,DISTURBANCE - OTHER,E1
2026-07-17 17:22:35,2,TRESPASS,DISTURBANCE - OTHER,E1
2026-07-17 17:16:03,1,DISTURBANCE - DV CRITICAL,"DV - ARGUMENTS, DISTURBANCE (NO ARREST)",U3
2026-07-17 17:16:03,1,DISTURBANCE - DV CRITICAL,"DV - ARGUMENTS, DISTURBANCE (NO ARREST)",U3
2026-07-17 17:16:03,1,DISTURBANCE - DV CRITICAL,"DV - ARGUMENTS, DISTURBANCE (NO ARREST)",U3
2026-07-17 17:07:02,3,DISTURBANCE,DISTURBANCE - OTHER,Q2
2026-07-17 17:06:44,2,DISTURBANCE,DISTURBANCE - OTHER,L1
2026-07-17 16:43:40,2,THREATS (INCLS IN-PERSON/BY PHONE/IN WRITING),DISTURBANCE - OTHER,U1
2026-07-17 16:32:26,2,DISTURBANCE,DISTURBANCE - OTHER,R3
2026-07-17 16:32:26,2,DISTURBANCE,DISTURBANCE - OTHER,R3
2026-07-17 16:32:26,2,DISTURBANCE,DISTURBANCE - OTHER,R3
2026-07-17 16:31:57,2,DISTURBANCE,DISTURBANCE - OTHER,Q2
2026-07-17 16:31:35,2,ASLT - WITH OR W/O WPNS (NO SHOOTINGS),DISTURBANCE - OTHER,Q3
2026-07-17 16:31:35,2,ASLT - WITH OR W/O WPNS (NO SHOOTINGS),DISTURBANCE - OTHER,Q3
2026-07-17 16:31:35,2,ASLT - WITH OR W/O WPNS (NO SHOOTINGS),DISTURBANCE - OTHER,Q3
2026-07-17 16:30:44,3,DISTURBANCE,SUSPICIOUS CIRCUM. - SUSPICIOUS PERSON,B1
2026-07-17 16:15:48,2,TRESPASS,DISTURBANCE - OTHER,G1
2026-07-17 16:15:48,2,TRESPASS,DISTURBANCE - OTHER,G1
2026-07-17 16:13:49,1,UNKNOWN - ANI/ALI - LANDLINE (INCLUDES OPEN LINE),DISTURBANCE - OTHER,G1
2026-07-17 16:13:49,1,UNKNOWN - ANI/ALI - LANDLINE (INCLUDES OPEN LINE),DISTURBANCE - OTHER,G1
2026-07-17 16:13:49,1,UNKNOWN - ANI/ALI - LANDLINE (INCLUDES OPEN LINE),DISTURBANCE - OTHER,G1
2026-07-17 16:13:49,1,UNKNOWN - ANI/ALI - LANDLINE (INCLUDES OPEN LINE),DISTURBANCE - OTHER,G1
2026-07-17 16:11:00,3,HARAS - NO BIAS OR THREATS,DISTURBANCE - OTHER,K1
2026-07-17 16:10:19,2,THREATS (INCLS IN-PERSON/BY PHONE/IN WRITING),DISTURBANCE - OTHER,R2
2026-07-17 16:03:20,1,DISTURBANCE - DV CRITICAL,"DV - ARGUMENTS, DISTURBANCE (NO ARREST)",R3
2026-07-17 16:03:20,1,DISTURBANCE - DV CRITICAL,"DV - ARGUMENTS, DISTURBANCE (NO ARREST)",R3
2026-07-17 16:03:20,1,DISTURBANCE - DV CRITICAL,"DV - ARGUMENTS, DISTURBANCE (NO ARREST)",R3
2026-07-17 16:03:20,1,DISTURBANCE - DV CRITICAL,"DV - ARGUMENTS, DISTURBANCE (NO ARREST)",R3
2026-07-17 16:03:20,1,DISTURBANCE - DV CRITICAL,"DV - ARGUMENTS, DISTURBANCE (NO ARREST)",R3
2026-07-17 15:55:46,2,DISTURBANCE - DV - NO ASLT,"DV - ARGUMENTS, DISTURBANCE (NO ARREST)",W2
2026-07-17 15:51:04,3,DISTURBANCE,DISTURBANCE - OTHER,M3
2026-07-17 15:48:14,3,NUISANCE,DISTURBANCE - OTHER,M1
2026-07-17 15:46:36,3,SERVICE - WELFARE CHECK,DISTURBANCE - OTHER,G3
2026-07-17 15:46:36,3,SERVICE - WELFARE CHECK,DISTURBANCE - OTHER,G3
2026-07-17 15:45:19,2,PROPERTY - DAMAGE,DISTURBANCE - OTHER,G2
2026-07-17 15:45:19,2,PROPERTY - DAMAGE,DISTURBANCE - OTHER,G2
2026-07-17 15:40:21,2,DISTURBANCE,DISTURBANCE - OTHER,R1
2026-07-17 15:40:21,2,DISTURBANCE,DISTURBANCE - OTHER,R1
2026-07-17 15:40:21,2,DISTURBANCE,DISTURBANCE - OTHER,R1
2026-07-17 15:40:21,2,DISTURBANCE,DISTURBANCE - OTHER,R1
2026-07-17 15:22:58,3,ASLT - WITH OR W/O WPNS (NO SHOOTINGS),DISTURBANCE - OTHER,B1
2026-07-17 15:22:36,2,DISTURBANCE,PROWLER - TRESPASS,N2
2026-07-17 15:22:36,2,DISTURBANCE,PROWLER - TRESPASS,N2
2026-07-17 15:22:36,2,DISTURBANCE,PROWLER - TRESPASS,N2
2026-07-17 15:22:36,2,DISTURBANCE,PROWLER - TRESPASS,N2
2026-07-17 15:12:04,2,DISTURBANCE,DISTURBANCE - OTHER,D3
2026-07-17 14:48:19,2,ORDER - VIOLATING DV COURT ORDER,DISTURBANCE - OTHER,W1
2026-07-17 14:40:31,3,"URINATING, DEFECATING IN PUBLIC",DISTURBANCE - OTHER,U2
2026-07-17 14:33:45,2,FOLLOW UP,"DV - ARGUMENTS, DISTURBANCE (NO ARREST)",F1
2026-07-17 14:23:16,2,THREATS (INCLS IN-PERSON/BY PHONE/IN WRITING),DISTURBANCE - OTHER,G1
2026-07-17 14:23:16,2,THREATS (INCLS IN-PERSON/BY PHONE/IN WRITING),DISTURBANCE - OTHER,G1
2026-07-17 14:23:16,2,THREATS (INCLS IN-PERSON/BY PHONE/IN WRITING),DISTURBANCE - OTHER,G1
2026-07-17 14:23:16,2,THREATS (INCLS IN-PERSON/BY PHONE/IN WRITING),DISTURBANCE - OTHER,G1
2026-07-17 14:17:05,2,DISTURBANCE - DV - NO ASLT,DV - DOMESTIC VIOL/ASLT (ARREST MANDATORY),U2
2026-07-17 14:17:05,2,DISTURBANCE - DV - NO ASLT,DV - DOMESTIC VIOL/ASLT (ARREST MANDATORY),U2
2026-07-17 14:17:05,2,DISTURBANCE - DV - NO ASLT,DV - DOMESTIC VIOL/ASLT (ARREST MANDATORY),U2
2026-07-17 14:17:05,2,DISTURBANCE - DV - NO ASLT,DV - DOMESTIC VIOL/ASLT (ARREST MANDATORY),U2
2026-07-17 14:17:05,2,DISTURBANCE - DV - NO ASLT,DV - DOMESTIC VIOL/ASLT (ARREST MANDATORY),U2
2026-07-17 14:10:59,2,DISTURBANCE - DV - NO ASLT,"DV - ARGUMENTS, DISTURBANCE (NO ARREST)",L3
2026-07-17 14:10:59,2,DISTURBANCE - DV - NO ASLT,"DV - ARGUMENTS, DISTURBANCE (NO ARREST)",L3
2026-07-17 14:10:59,2,DISTURBANCE - DV - NO ASLT,"DV - ARGUMENTS, DISTURBANCE (NO ARREST)",L3
2026-07-17 14:06:28,1,BURG - OCCUPIED RESD,DISTURBANCE - OTHER,R2
2026-07-17 14:06:28,1,BURG - OCCUPIED RESD,DISTURBANCE - OTHER,R2
2026-07-17 14:06:28,1,BURG - OCCUPIED RESD,DISTURBANCE - OTHER,R2
2026-07-17 13:33:26,1,ASLT - CRITICAL (NO SHOOTINGS),DISTURBANCE - OTHER,M3
2026-07-17 13:33:26,1,ASLT - CRITICAL (NO SHOOTINGS),DISTURBANCE - OTHER,M3
2026-07-17 13:33:26,1,ASLT - CRITICAL (NO SHOOTINGS),DISTURBANCE - OTHER,M3
2026-07-17 13:33:26,1,ASLT - CRITICAL (NO SHOOTINGS),DISTURBANCE - OTHER,M3
2026-07-17 13:20:02,1,DISTURBANCE - DV CRITICAL,CRISIS COMPLAINT - GENERAL,Q2
2026-07-17 13:20:02,1,DISTURBANCE - DV CRITICAL,CRISIS COMPLAINT - GENERAL,Q2
2026-07-17 13:20:02,1,DISTURBANCE - DV CRITICAL,CRISIS COMPLAINT - GENERAL,Q2
2026-07-17 13:20:02,1,DISTURBANCE - DV CRITICAL,CRISIS COMPLAINT - GENERAL,Q2
2026-07-17 12:47:40,2,DISTURBANCE,PROWLER - TRESPASS,N3
2026-07-17 12:47:40,2,DISTURBANCE,PROWLER - TRESPASS,N3
2026-07-17 12:47:40,2,DISTURBANCE,PROWLER - TRESPASS,N3
2026-07-17 12:46:55,3,"SUSPICIOUS PERSON, VEHICLE, OR INCIDENT",DISTURBANCE - OTHER,R1
2026-07-17 12:46:55,3,"SUSPICIOUS PERSON, VEHICLE, OR INCIDENT",DISTURBANCE - OTHER,R1
2026-07-17 12:40:25,2,DISTURBANCE,DISTURBANCE - OTHER,U1
2026-07-17 12:40:13,2,SERVICE - WELFARE CHECK,DISTURBANCE - OTHER,D3
2026-07-17 12:40:13,2,SERVICE - WELFARE CHECK,DISTURBANCE - OTHER,D3
2026-07-17 12:40:13,2,SERVICE - WELFARE CHECK,DISTURBANCE - OTHER,D3
2026-07-17 12:40:13,2,SERVICE - WELFARE CHECK,DISTURBANCE - OTHER,D3
2026-07-17 12:40:13,2,SERVICE - WELFARE CHECK,DISTURBANCE - OTHER,D3
2026-07-17 12:38:37,2,TRAFFIC - ROAD RAGE,DISTURBANCE - OTHER,E2
2026-07-17 12:30:21,2,"PANHANDLING, AGGRESSIVE",DISTURBANCE - OTHER,M1
2026-07-17 12:30:21,2,"PANHANDLING, AGGRESSIVE",DISTURBANCE - OTHER,M1
2026-07-17 12:30:21,2,"PANHANDLING, AGGRESSIVE",DISTURBANCE - OTHER,M1
2026-07-17 12:30:21,2,"PANHANDLING, AGGRESSIVE",DISTURBANCE - OTHER,M1
2026-07-17 12:26:14,3,DISTURBANCE,SUSPICIOUS CIRCUM. - SUSPICIOUS PERSON,M3
2026-07-17 12:26:14,3,DISTURBANCE,SUSPICIOUS CIRCUM. - SUSPICIOUS PERSON,M3
2026-07-17 12:26:14,3,DISTURBANCE,SUSPICIOUS CIRCUM. - SUSPICIOUS PERSON,M3
2026-07-17 12:10:53,1,SHOTS HEARD - IN PROGRESS,DISTURBANCE - OTHER,G1
2026-07-17 12:10:53,1,SHOTS HEARD - IN PROGRESS,DISTURBANCE - OTHER,G1
2026-07-17 12:10:53,1,SHOTS HEARD - IN PROGRESS,DISTURBANCE - OTHER,G1
2026-07-17 12:10:53,1,SHOTS HEARD - IN PROGRESS,DISTURBANCE - OTHER,G1
2026-07-17 12:10:53,1,SHOTS HEARD - IN PROGRESS,DISTURBANCE - OTHER,G1
2026-07-17 12:10:53,1,SHOTS HEARD - IN PROGRESS,DISTURBANCE - OTHER,G1
2026-07-17 12:10:53,1,SHOTS HEARD - IN PROGRESS,DISTURBANCE - OTHER,G1
2026-07-17 12:10:53,1,SHOTS HEARD - IN PROGRESS,DISTURBANCE - OTHER,G1
2026-07-17 12:10:53,1,SHOTS HEARD - IN PROGRESS,DISTURBANCE - OTHER,G1
2026-07-17 12:10:53,1,SHOTS HEARD - IN PROGRESS,DISTURBANCE - OTHER,G1
2026-07-17 12:10:53,1,SHOTS HEARD - IN PROGRESS,DISTURBANCE - OTHER,G1
2026-07-17 12:10:53,1,SHOTS HEARD - IN PROGRESS,DISTURBANCE - OTHER,G1
2026-07-17 12:10:53,1,SHOTS HEARD - IN PROGRESS,DISTURBANCE - OTHER,G1
2026-07-17 12:05:52,3,DEMONSTRATIONS,DISTURBANCE - OTHER,K1
2026-07-17 12:05:52,3,DEMONSTRATIONS,DISTURBANCE - OTHER,K1
2026-07-17 12:05:52,3,DEMONSTRATIONS,DISTURBANCE - OTHER,K1
2026-07-17 11:58:16,2,"ANIMAL - INJURED, DEAD HAZARD, OTHER",DISTURBANCE - OTHER,U3
2026-07-17 11:58:16,2,"ANIMAL - INJURED, DEAD HAZARD, OTHER",DISTURBANCE - OTHER,U3
2026-07-17 11:58:16,2,"ANIMAL - INJURED, DEAD HAZARD, OTHER",DISTURBANCE - OTHER,U3
2026-07-17 11:58:16,2,"ANIMAL - INJURED, DEAD HAZARD, OTHER",DISTURBANCE - OTHER,U3
2026-07-17 11:48:18,2,DISTURBANCE,DISTURBANCE - OTHER,M1
2026-07-17 11:48:18,2,DISTURBANCE,DISTURBANCE - OTHER,M1
2026-07-17 11:36:33,2,DISTURBANCE,DISTURBANCE - OTHER,B2
2026-07-17 11:36:33,2,DISTURBANCE,DISTURBANCE - OTHER,B2
2026-07-17 11:36:33,2,DISTURBANCE,DISTURBANCE - OTHER,B2
2026-07-17 11:16:45,2,THREATS (INCLS IN-PERSON/BY PHONE/IN WRITING),DISTURBANCE - OTHER,D3
2026-07-17 11:05:34,3,HARAS - NO BIAS OR THREATS,DISTURBANCE - OTHER,R2
2026-07-17 10:50:13,3,"SUSPICIOUS PERSON, VEHICLE, OR INCIDENT",DISTURBANCE - OTHER,K3
2026-07-17 10:45:08,2,DISTURBANCE - DV - NO ASLT,"DV - ARGUMENTS, DISTURBANCE (NO ARREST)",W2
2026-07-17 10:32:40,2,ANIMAL BITE,DISTURBANCE - OTHER,U2
2026-07-17 10:32:40,2,ANIMAL BITE,DISTURBANCE - OTHER,U2
2026-07-17 10:21:55,2,THREATS (INCLS IN-PERSON/BY PHONE/IN WRITING),DISTURBANCE - OTHER,E1
2026-07-17 10:21:55,2,THREATS (INCLS IN-PERSON/BY PHONE/IN WRITING),DISTURBANCE - OTHER,E1
2026-07-17 09:50:19,3,"ANIMAL - INJURED, DEAD HAZARD, OTHER","ANIMAL COMPLAINT - NOISE,STRAY,BITE",F3
2026-07-17 09:50:19,3,"ANIMAL - INJURED, DEAD HAZARD, OTHER","ANIMAL COMPLAINT - NOISE,STRAY,BITE",F3
2026-07-17 09:30:28,3,DISTURBANCE,SUSPICIOUS CIRCUM. - SUSPICIOUS PERSON,E3
2026-07-17 08:47:20,2,ASLT - WITH OR W/O WPNS (NO SHOOTINGS),DISTURBANCE - OTHER,D1
2026-07-17 08:47:20,2,ASLT - WITH OR W/O WPNS (NO SHOOTINGS),DISTURBANCE - OTHER,D1
2026-07-17 08:47:20,2,ASLT - WITH OR W/O WPNS (NO SHOOTINGS),DISTURBANCE - OTHER,D1
2026-07-17 08:47:20,2,ASLT - WITH OR W/O WPNS (NO SHOOTINGS),DISTURBANCE - OTHER,D1
2026-07-17 08:47:20,2,ASLT - WITH OR W/O WPNS (NO SHOOTINGS),DISTURBANCE - OTHER,D1
2026-07-17 08:47:20,2,ASLT - WITH OR W/O WPNS (NO SHOOTINGS),DISTURBANCE - OTHER,D1
2026-07-17 08:47:20,2,ASLT - WITH OR W/O WPNS (NO SHOOTINGS),DISTURBANCE - OTHER,D1
2026-07-17 08:47:20,2,ASLT - WITH OR W/O WPNS (NO SHOOTINGS),DISTURBANCE - OTHER,D1
2026-07-17 08:46:56,1,UNKNOWN - ANI/ALI - WRLS PHNS (INCL OPEN LINE),"DV - ARGUMENTS, DISTURBANCE (NO ARREST)",K3
2026-07-17 08:46:56,1,UNKNOWN - ANI/ALI - WRLS PHNS (INCL OPEN LINE),"DV - ARGUMENTS, DISTURBANCE (NO ARREST)",K3
2026-07-17 08:46:56,1,UNKNOWN - ANI/ALI - WRLS PHNS (INCL OPEN LINE),"DV - ARGUMENTS, DISTURBANCE (NO ARREST)",K3
2026-07-17 08:46:56,1,UNKNOWN - ANI/ALI - WRLS PHNS (INCL OPEN LINE),"DV - ARGUMENTS, DISTURBANCE (NO ARREST)",K3
2026-07-17 08:46:56,1,UNKNOWN - ANI/ALI - WRLS PHNS (INCL OPEN LINE),"DV - ARGUMENTS, DISTURBANCE (NO ARREST)",K3
2026-07-17 08:46:56,1,UNKNOWN - ANI/ALI - WRLS PHNS (INCL OPEN LINE),"DV - ARGUMENTS, DISTURBANCE (NO ARREST)",K3
2026-07-17 08:27:26,2,THEFT (DOES NOT INCLUDE SHOPLIFT OR SVCS),DISTURBANCE - OTHER,L1
2026-07-17 08:27:26,2,THEFT (DOES NOT INCLUDE SHOPLIFT OR SVCS),DISTURBANCE - OTHER,L1
2026-07-17 08:07:55,2,DISTURBANCE,DISTURBANCE - OTHER,B1
2026-07-17 08:07:55,2,DISTURBANCE,DISTURBANCE - OTHER,B1
2026-07-17 08:07:55,2,DISTURBANCE,DISTURBANCE - OTHER,B1
2026-07-17 08:07:55,2,DISTURBANCE,DISTURBANCE - OTHER,B1
2026-07-17 07:59:40,2,DISTURBANCE,SUSPICIOUS CIRCUM. - SUSPICIOUS PERSON,E2
2026-07-17 07:46:58,3,THREATS (INCLS IN-PERSON/BY PHONE/IN WRITING),DISTURBANCE - OTHER,G2
2026-07-17 07:46:58,3,THREATS (INCLS IN-PERSON/BY PHONE/IN WRITING),DISTURBANCE - OTHER,G2
2026-07-17 07:40:03,2,DISTURBANCE - DV - NO ASLT,DISTURBANCE - OTHER,W2
2026-07-17 07:40:03,2,DISTURBANCE - DV - NO ASLT,DISTURBANCE - OTHER,W2
2026-07-17 07:19:52,3,DEMONSTRATIONS,DISTURBANCE - OTHER,K2
2026-07-17 07:19:52,3,DEMONSTRATIONS,DISTURBANCE - OTHER,K2
2026-07-17 06:59:51,2,DISTURBANCE,SUSPICIOUS CIRCUM. - SUSPICIOUS PERSON,O3
2026-07-17 06:59:51,2,DISTURBANCE,SUSPICIOUS CIRCUM. - SUSPICIOUS PERSON,O3
2026-07-17 06:18:06,2,DISTURBANCE,DISTURBANCE - OTHER,K3
2026-07-17 06:10:28,2,ASLT - WITH OR W/O WPNS (NO SHOOTINGS),DISTURBANCE - OTHER,Q3
2026-07-17 06:10:28,2,ASLT - WITH OR W/O WPNS (NO SHOOTINGS),DISTURBANCE - OTHER,Q3
2026-07-17 05:45:49,4,NOISE - GENERAL,DISTURBANCE - NOISE,Q2
2026-07-17 04:19:54,1,SHOTS HEARD - IN PROGRESS,DISTURBANCE - NOISE,E3
2026-07-17 04:05:31,2,DISTURBANCE,DISTURBANCE - OTHER,K3
2026-07-17 04:01:06,4,NOISE - GENERAL,DISTURBANCE - NOISE,K2
2026-07-17 03:53:11,2,DISTURBANCE,ASSIST PUBLIC - OTHER (NON-SPECIFIED),N2
2026-07-17 03:33:51,2,DISTURBANCE - DV - NO ASLT,DISTURBANCE - OTHER,W2
2026-07-17 03:33:51,2,DISTURBANCE - DV - NO ASLT,DISTURBANCE - OTHER,W2
2026-07-17 03:33:01,3,ASSIST PUBLIC - NO WELFARE CHK OR DV ORDER SERVICE,"DV - ARGUMENTS, DISTURBANCE (NO ARREST)",G1
2026-07-17 03:30:25,1,SHOTS HEARD - IN PROGRESS,DISTURBANCE - NOISE,E1
2026-07-17 03:30:25,1,SHOTS HEARD - IN PROGRESS,DISTURBANCE - NOISE,E1
2026-07-17 03:28:06,2,FIGHT - PHYSICAL (NO WEAPONS),DISTURBANCE - OTHER,E2
2026-07-17 03:24:38,4,NOISE - GENERAL,MISCHIEF OR NUISANCE - GENERAL,Q3
2026-07-17 02:37:28,1,UNKNOWN - ANI/ALI - WRLS PHNS (INCL OPEN LINE),DISTURBANCE - OTHER,U1
2026-07-17 02:36:51,4,NOISE - GENERAL,DISTURBANCE - NOISE,U2
2026-07-17 02:32:04,4,NOISE - GENERAL,DISTURBANCE - NOISE RESIDENTIAL,C2
2026-07-17 02:26:02,4,NOISE - GENERAL,DISTURBANCE - NOISE,U2
2026-07-17 02:20:59,2,DISTURBANCE,HAZARDS - HAZARDS,L3
2026-07-17 02:20:59,2,DISTURBANCE,HAZARDS - HAZARDS,L3
2026-07-17 02:20:59,2,DISTURBANCE,HAZARDS - HAZARDS,L3
2026-07-17 02:20:59,2,DISTURBANCE,HAZARDS - HAZARDS,L3
2026-07-17 02:11:30,2,THREATS (INCLS IN-PERSON/BY PHONE/IN WRITING),DISTURBANCE - OTHER,E3
2026-07-17 02:07:39,2,ASLT - WITH OR W/O WPNS (NO SHOOTINGS),DISTURBANCE - OTHER,D1
2026-07-17 02:07:39,2,ASLT - WITH OR W/O WPNS (NO SHOOTINGS),DISTURBANCE - OTHER,D1
2026-07-17 01:31:40,4,NOISE - GENERAL,DISTURBANCE - OTHER,M1
2026-07-17 01:24:58,1,DISTURBANCE,DISTURBANCE - NOISE RESIDENTIAL,B1
2026-07-17 01:24:58,1,DISTURBANCE,DISTURBANCE - NOISE RESIDENTIAL,B1
2026-07-17 01:24:58,1,DISTURBANCE,DISTURBANCE - NOISE RESIDENTIAL,B1
2026-07-17 01:20:31,2,"SUSPICIOUS PERSON, VEHICLE, OR INCIDENT",DISTURBANCE - OTHER,E3
2026-07-17 01:18:49,2,ASLT - WITH OR W/O WPNS (NO SHOOTINGS),DISTURBANCE - OTHER,K3
2026-07-17 01:18:49,2,ASLT - WITH OR W/O WPNS (NO SHOOTINGS),DISTURBANCE - OTHER,K3
2026-07-17 01:13:44,3,DISTURBANCE,DISTURBANCE - OTHER,U3
2026-07-17 01:13:44,3,DISTURBANCE,DISTURBANCE - OTHER,U3
2026-07-17 01:11:27,2,DISTURBANCE - DV - NO ASLT,DV - DOMESTIC VIOLENCE (ARREST DISCRETIONARY),E1
2026-07-17 01:11:27,2,DISTURBANCE - DV - NO ASLT,DV - DOMESTIC VIOLENCE (ARREST DISCRETIONARY),E1
2026-07-17 01:11:27,2,DISTURBANCE - DV - NO ASLT,DV - DOMESTIC VIOLENCE (ARREST DISCRETIONARY),E1
2026-07-17 01:11:27,2,DISTURBANCE - DV - NO ASLT,DV - DOMESTIC VIOLENCE (ARREST DISCRETIONARY),E1
2026-07-17 00:55:57,2,DISTURBANCE,WARRANT SERVICES - FELONY,R3
2026-07-17 00:55:57,2,DISTURBANCE,WARRANT SERVICES - FELONY,R3
2026-07-17 00:55:57,2,DISTURBANCE,WARRANT SERVICES - FELONY,R3
2026-07-17 00:55:57,2,DISTURBANCE,WARRANT SERVICES - FELONY,R3
2026-07-17 00:55:57,2,DISTURBANCE,WARRANT SERVICES - FELONY,R3
2026-07-17 00:55:57,2,DISTURBANCE,WARRANT SERVICES - FELONY,R3
2026-07-17 00:55:57,2,DISTURBANCE,WARRANT SERVICES - FELONY,R3
2026-07-17 00:55:57,2,DISTURBANCE,WARRANT SERVICES - FELONY,R3
2026-07-17 00:55:57,2,DISTURBANCE,WARRANT SERVICES - FELONY,R3
2026-07-17 00:47:09,2,"ALARM - DURESS/PANIC,TAXI/CAR/PRSN - NOT DV",DISTURBANCE - OTHER,E2
2026-07-17 00:47:09,2,"ALARM - DURESS/PANIC,TAXI/CAR/PRSN - NOT DV",DISTURBANCE - OTHER,E2
2026-07-17 00:37:12,1,DISTURBANCE,DISTURBANCE - OTHER,W3
2026-07-17 00:37:12,1,DISTURBANCE,DISTURBANCE - OTHER,W3
2026-07-17 00:37:12,1,DISTURBANCE,DISTURBANCE - OTHER,W3
2026-07-17 00:27:14,1,DISTURBANCE,SUSPICIOUS CIRCUM. - SUSPICIOUS PERSON,K2
2026-07-17 00:27:14,1,DISTURBANCE,SUSPICIOUS CIRCUM. - SUSPICIOUS PERSON,K2
2026-07-17 00:27:14,1,DISTURBANCE,SUSPICIOUS CIRCUM. - SUSPICIOUS PERSON,K2
2026-07-17 00:25:05,4,NOISE - GENERAL,DISTURBANCE - OTHER,U1
2026-07-17 00:00:40,2,"SUSPICIOUS PERSON, VEHICLE, OR INCIDENT",DISTURBANCE - NOISE,W2
2026-07-16 23:35:00,3,HARAS - NO BIAS OR THREATS,DISTURBANCE - OTHER,L3
2026-07-16 23:31:08,2,DISTURBANCE,SUSPICIOUS CIRCUM. - SUSPICIOUS PERSON,D2
2026-07-16 23:26:25,4,NOISE - GENERAL,DISTURBANCE - NOISE,B1
2026-07-16 23:19:39,4,NOISE - GENERAL,DISTURBANCE - NOISE,E1
2026-07-16 23:09:41,2,DISTURBANCE - DV - NO ASLT,DISTURBANCE - NOISE RESIDENTIAL,F1
2026-07-16 23:09:41,2,DISTURBANCE - DV - NO ASLT,DISTURBANCE - NOISE RESIDENTIAL,F1
2026-07-16 23:09:19,2,DISTURBANCE - DV - NO ASLT,"DV - ARGUMENTS, DISTURBANCE (NO ARREST)",J3
2026-07-16 23:09:19,2,DISTURBANCE - DV - NO ASLT,"DV - ARGUMENTS, DISTURBANCE (NO ARREST)",J3
2026-07-16 23:07:29,3,THREATS (INCLS IN-PERSON/BY PHONE/IN WRITING),DISTURBANCE - OTHER,Q1
2026-07-16 23:02:08,1,FIGHT - CRITICAL WITH WEAPONS,DISTURBANCE - OTHER,Q2
2026-07-16 23:02:08,1,FIGHT - CRITICAL WITH WEAPONS,DISTURBANCE - OTHER,Q2
2026-07-16 23:02:08,1,FIGHT - CRITICAL WITH WEAPONS,DISTURBANCE - OTHER,Q2
2026-07-16 23:02:08,1,FIGHT - CRITICAL WITH WEAPONS,DISTURBANCE - OTHER,Q2
2026-07-16 23:02:08,1,FIGHT - CRITICAL WITH WEAPONS,DISTURBANCE - OTHER,Q2
2026-07-16 22:41:23,1,UNKNOWN - ANI/ALI - WRLS PHNS (INCL OPEN LINE),DISTURBANCE - OTHER,U2
2026-07-16 22:41:23,1,UNKNOWN - ANI/ALI - WRLS PHNS (INCL OPEN LINE),DISTURBANCE - OTHER,U2
2026-07-16 22:37:08,1,DISTURBANCE - DV - NO ASLT,DV - DOMESTIC VIOL/ASLT (ARREST MANDATORY),F3
2026-07-16 22:37:08,1,DISTURBANCE - DV - NO ASLT,DV - DOMESTIC VIOL/ASLT (ARREST MANDATORY),F3
2026-07-16 22:37:08,1,DISTURBANCE - DV - NO ASLT,DV - DOMESTIC VIOL/ASLT (ARREST MANDATORY),F3
2026-07-16 22:37:08,1,DISTURBANCE - DV - NO ASLT,DV - DOMESTIC VIOL/ASLT (ARREST MANDATORY),F3
2026-07-16 22:37:08,1,DISTURBANCE - DV - NO ASLT,DV - DOMESTIC VIOL/ASLT (ARREST MANDATORY),F3
2026-07-16 22:36:31,2,DISTURBANCE - DV - NO ASLT,DISTURBANCE - OTHER,E1
2026-07-16 22:36:31,2,DISTURBANCE - DV - NO ASLT,DISTURBANCE - OTHER,E1
2026-07-16 22:36:31,2,DISTURBANCE - DV - NO ASLT,DISTURBANCE - OTHER,E1
2026-07-16 22:35:29,1,UNKNOWN - ANI/ALI - LANDLINE (INCLUDES OPEN LINE),DISTURBANCE - OTHER,E3
2026-07-16 22:35:29,1,UNKNOWN - ANI/ALI - LANDLINE (INCLUDES OPEN LINE),DISTURBANCE - OTHER,E3
2026-07-16 22:34:39,2,LIQUOR VIOLATIONS - MINOR,DISTURBANCE - NOISE,Q2
2026-07-16 22:29:07,1,DISTURBANCE - DV CRITICAL,TRAFFIC - D.U.I.,L1
2026-07-16 22:29:07,1,DISTURBANCE - DV CRITICAL,TRAFFIC - D.U.I.,L1
2026-07-16 22:29:07,1,DISTURBANCE - DV CRITICAL,TRAFFIC - D.U.I.,L1
2026-07-16 22:26:05,2,ORDER - VIOLATION OF COURT ORDER (NON DV),DISTURBANCE - NOISE RESIDENTIAL,F2
2026-07-16 22:06:07,4,NOISE - GENERAL,DISTURBANCE - NOISE RESIDENTIAL,N2
2026-07-16 22:00:45,1,"SUSPICIOUS PERSON, VEHICLE, OR INCIDENT",DISTURBANCE - OTHER,M1
2026-07-16 22:00:45,1,"SUSPICIOUS PERSON, VEHICLE, OR INCIDENT",DISTURBANCE - OTHER,M1
2026-07-16 22:00:45,1,"SUSPICIOUS PERSON, VEHICLE, OR INCIDENT",DISTURBANCE - OTHER,M1
2026-07-16 21:55:53,1,DISTURBANCE - DV CRITICAL,DV - ENFORCE COURT ORDER (ARREST MANDATED),N1
2026-07-16 21:55:53,1,DISTURBANCE - DV CRITICAL,DV - ENFORCE COURT ORDER (ARREST MANDATED),N1
2026-07-16 21:55:53,1,DISTURBANCE - DV CRITICAL,DV - ENFORCE COURT ORDER (ARREST MANDATED),N1
2026-07-16 21:55:53,1,DISTURBANCE - DV CRITICAL,DV - ENFORCE COURT ORDER (ARREST MANDATED),N1
2026-07-16 21:55:53,1,DISTURBANCE - DV CRITICAL,DV - ENFORCE COURT ORDER (ARREST MANDATED),N1
2026-07-16 21:55:53,1,DISTURBANCE - DV CRITICAL,DV - ENFORCE COURT ORDER (ARREST MANDATED),N1
2026-07-16 21:55:53,1,DISTURBANCE - DV CRITICAL,DV - ENFORCE COURT ORDER (ARREST MANDATED),N1
2026-07-16 21:55:53,1,DISTURBANCE - DV CRITICAL,DV - ENFORCE COURT ORDER (ARREST MANDATED),N1
2026-07-16 21:34:30,4,NOISE - GENERAL,DISTURBANCE - NOISE,F2
2026-07-16 21:27:57,3,THREATS (INCLS IN-PERSON/BY PHONE/IN WRITING),DISTURBANCE - OTHER,D1
2026-07-16 21:13:57,3,NUISANCE,DISTURBANCE - OTHER,B2
2026-07-16 21:13:57,3,NUISANCE,DISTURBANCE - OTHER,B2
2026-07-16 21:10:50,4,NOISE - ANIMAL (INCLUDES BARKING DOGS),DISTURBANCE - NOISE,Q1
2026-07-16 21:06:14,3,NUISANCE,DISTURBANCE - OTHER,F3
2026-07-16 21:00:22,1,SHOTS HEARD - IN PROGRESS,DISTURBANCE - OTHER,W3
2026-07-16 21:00:22,1,SHOTS HEARD - IN PROGRESS,DISTURBANCE - OTHER,W3
2026-07-16 21:00:22,1,SHOTS HEARD - IN PROGRESS,DISTURBANCE - OTHER,W3
2026-07-16 21:00:22,1,SHOTS HEARD - IN PROGRESS,DISTURBANCE - OTHER,W3
2026-07-16 20:49:45,1,SHOTS HEARD - IN PROGRESS,DISTURBANCE - NOISE,J3
2026-07-16 20:49:45,1,SHOTS HEARD - IN PROGRESS,DISTURBANCE - NOISE,J3
2026-07-16 20:47:02,1,DISTURBANCE - DV CRITICAL,"DV - ARGUMENTS, DISTURBANCE (NO ARREST)",S3
2026-07-16 20:47:02,1,DISTURBANCE - DV CRITICAL,"DV - ARGUMENTS, DISTURBANCE (NO ARREST)",S3
2026-07-16 20:47:02,1,DISTURBANCE - DV CRITICAL,"DV - ARGUMENTS, DISTURBANCE (NO ARREST)",S3
2026-07-16 20:47:02,1,DISTURBANCE - DV CRITICAL,"DV - ARGUMENTS, DISTURBANCE (NO ARREST)",S3
2026-07-16 20:37:10,2,DISTURBANCE,DISTURBANCE - OTHER,K1
2026-07-16 20:15:57,2,THREATS (INCLS IN-PERSON/BY PHONE/IN WRITING),DISTURBANCE - OTHER,D2
2026-07-16 20:13:25,5,TRU - SUSPICIOUS CIRCUMSTANCES,DISTURBANCE - OTHER,B1
2026-07-16 20:11:02,2,DISTURBANCE,CRISIS COMPLAINT - GENERAL,W1
2026-07-16 19:50:45,4,FIREWORKS (NO HAZARD),DISTURBANCE - NOISE,F2
2026-07-16 19:21:26,1,UNKNOWN - ANI/ALI - WRLS PHNS (INCL OPEN LINE),DISTURBANCE - OTHER,S2
2026-07-16 19:21:26,1,UNKNOWN - ANI/ALI - WRLS PHNS (INCL OPEN LINE),DISTURBANCE - OTHER,S2
2026-07-16 19:15:42,5,TRU - HARASSMENT,DISTURBANCE - OTHER,R3
2026-07-16 19:07:10,3,"NARCOTICS - VIOLATIONS (LOITER, USE, SELL, NARS)",DISTURBANCE - OTHER,D1
2026-07-16 19:02:57,1,DISTURBANCE,"DV - ARGUMENTS, DISTURBANCE (NO ARREST)",U2
2026-07-16 19:02:57,1,DISTURBANCE,"DV - ARGUMENTS, DISTURBANCE (NO ARREST)",U2
2026-07-16 19:02:57,1,DISTURBANCE,"DV - ARGUMENTS, DISTURBANCE (NO ARREST)",U2
2026-07-16 19:02:57,1,DISTURBANCE,"DV - ARGUMENTS, DISTURBANCE (NO ARREST)",U2
2026-07-16 19:02:57,1,DISTURBANCE,"DV - ARGUMENTS, DISTURBANCE (NO ARREST)",U2
2026-07-16 19:02:57,1,DISTURBANCE,"DV - ARGUMENTS, DISTURBANCE (NO ARREST)",U2
2026-07-16 18:59:00,2,DISTURBANCE,DISTURBANCE - OTHER,G1
2026-07-16 18:55:56,2,THEFT OF SERVICES,DISTURBANCE - OTHER,B2
2026-07-16 18:55:56,2,THEFT OF SERVICES,DISTURBANCE - OTHER,B2
2026-07-16 18:48:05,1,HARBOR - WATER EMERGENCIES,DISTURBANCE - OTHER,Q1
2026-07-16 18:48:05,1,HARBOR - WATER EMERGENCIES,DISTURBANCE - OTHER,Q1
2026-07-16 18:46:57,3,BIAS,DISTURBANCE - OTHER,G3
2026-07-16 18:38:35,3,DEMONSTRATIONS,DISTURBANCE - OTHER,G1
2026-07-16 18:33:08,2,DISTURBANCE - DV - NO ASLT,"DV - ARGUMENTS, DISTURBANCE (NO ARREST)",F2
2026-07-16 18:33:08,2,DISTURBANCE - DV - NO ASLT,"DV - ARGUMENTS, DISTURBANCE (NO ARREST)",F2
2026-07-16 18:15:32,4,NOISE - GENERAL,DISTURBANCE - NOISE,Q1
2026-07-16 17:50:56,2,TRESPASS,DISTURBANCE - OTHER,J2
2026-07-16 17:50:56,2,TRESPASS,DISTURBANCE - OTHER,J2
2026-07-16 17:45:38,2,DISTURBANCE,DISTURBANCE - NOISE RESIDENTIAL,C2
2026-07-16 17:45:38,2,DISTURBANCE,DISTURBANCE - NOISE RESIDENTIAL,C2
2026-07-16 17:45:38,2,DISTURBANCE,DISTURBANCE - NOISE RESIDENTIAL,C2
2026-07-16 17:44:47,2,DISTURBANCE,DISTURBANCE - OTHER,K1
2026-07-16 17:25:53,2,DISTURBANCE,DISTURBANCE - OTHER,M3
2026-07-16 17:21:58,2,DISTURBANCE,DISTURBANCE - OTHER,L2
2026-07-16 17:20:21,2,DISTURBANCE,DISTURBANCE - OTHER,Q1
2026-07-16 17:13:32,1,ORDER - VIOLATING DV COURT ORDER,DISTURBANCE - OTHER,S2
2026-07-16 17:13:32,1,ORDER - VIOLATING DV COURT ORDER,DISTURBANCE - OTHER,S2
2026-07-16 17:01:39,2,THREATS (INCLS IN-PERSON/BY PHONE/IN WRITING),DISTURBANCE - OTHER,E3
2026-07-16 17:01:39,2,THREATS (INCLS IN-PERSON/BY PHONE/IN WRITING),DISTURBANCE - OTHER,E3
2026-07-16 16:56:56,3,NUISANCE,DISTURBANCE - OTHER,K1
2026-07-16 16:55:52,2,THREATS (INCLS IN-PERSON/BY PHONE/IN WRITING),DISTURBANCE - OTHER,U2
2026-07-16 16:41:25,1,ASLT - DV CRITICAL,"DV - ARGUMENTS, DISTURBANCE (NO ARREST)",N3
2026-07-16 16:41:25,1,ASLT - DV CRITICAL,"DV - ARGUMENTS, DISTURBANCE (NO ARREST)",N3
2026-07-16 16:41:25,1,ASLT - DV CRITICAL,"DV - ARGUMENTS, DISTURBANCE (NO ARREST)",N3
2026-07-16 16:41:25,1,ASLT - DV CRITICAL,"DV - ARGUMENTS, DISTURBANCE (NO ARREST)",N3
2026-07-16 16:41:25,1,ASLT - DV CRITICAL,"DV - ARGUMENTS, DISTURBANCE (NO ARREST)",N3
2026-07-16 16:41:25,1,ASLT - DV CRITICAL,"DV - ARGUMENTS, DISTURBANCE (NO ARREST)",N3
2026-07-16 16:41:25,1,ASLT - DV CRITICAL,"DV - ARGUMENTS, DISTURBANCE (NO ARREST)",N3
2026-07-16 16:41:25,1,ASLT - DV CRITICAL,"DV - ARGUMENTS, DISTURBANCE (NO ARREST)",N3
2026-07-16 16:41:25,1,ASLT - DV CRITICAL,"DV - ARGUMENTS, DISTURBANCE (NO ARREST)",N3
2026-07-16 16:41:17,3,DISTURBANCE,DISTURBANCE - OTHER,K2
2026-07-16 16:26:55,3,THREATS - DV - NO ASSAULT,"DV - ARGUMENTS, DISTURBANCE (NO ARREST)",J2
2026-07-16 16:22:43,2,TRAFFIC - ROAD RAGE,DISTURBANCE - OTHER,D1
2026-07-16 16:21:43,2,ORDER - VIOLATING DV COURT ORDER,DISTURBANCE - OTHER,W1
2026-07-16 15:58:32,2,DISTURBANCE,DISTURBANCE - JUVENILE,R3
2026-07-16 15:58:32,2,DISTURBANCE,DISTURBANCE - JUVENILE,R3
2026-07-16 15:56:01,1,SHOTS HEARD - IN PROGRESS,DISTURBANCE - NOISE,R2
2026-07-16 15:39:50,3,DISTURBANCE - DV - NO ASLT,MISCHIEF OR NUISANCE - GENERAL,G2
2026-07-16 15:27:23,3,DISTURBANCE,DISTURBANCE - OTHER,M2
2026-07-16 15:26:00,2,DISTURBANCE - DV - NO ASLT,"DV - ARGUMENTS, DISTURBANCE (NO ARREST)",E3
2026-07-16 15:18:11,1,UNKNOWN - COMPLAINT OF UNKNOWN NATURE,DISTURBANCE - OTHER,U1
2026-07-16 15:18:11,1,UNKNOWN - COMPLAINT OF UNKNOWN NATURE,DISTURBANCE - OTHER,U1
2026-07-16 15:18:11,1,UNKNOWN - COMPLAINT OF UNKNOWN NATURE,DISTURBANCE - OTHER,U1
2026-07-16 15:07:51,2,ORDER - VIOLATING DV COURT ORDER,"DV - ARGUMENTS, DISTURBANCE (NO ARREST)",C1
2026-07-16 15:07:51,2,ORDER - VIOLATING DV COURT ORDER,"DV - ARGUMENTS, DISTURBANCE (NO ARREST)",C1
2026-07-16 15:07:51,2,ORDER - VIOLATING DV COURT ORDER,"DV - ARGUMENTS, DISTURBANCE (NO ARREST)",C1
2026-07-16 15:07:51,2,ORDER - VIOLATING DV COURT ORDER,"DV - ARGUMENTS, DISTURBANCE (NO ARREST)",C1
2026-07-16 15:03:30,2,DISTURBANCE - DV - NO ASLT,"DV - ARGUMENTS, DISTURBANCE (NO ARREST)",G2
2026-07-16 15:03:30,2,DISTURBANCE - DV - NO ASLT,"DV - ARGUMENTS, DISTURBANCE (NO ARREST)",G2
2026-07-16 15:03:30,2,DISTURBANCE - DV - NO ASLT,"DV - ARGUMENTS, DISTURBANCE (NO ARREST)",G2
2026-07-16 15:03:30,2,DISTURBANCE - DV - NO ASLT,"DV - ARGUMENTS, DISTURBANCE (NO ARREST)",G2
2026-07-16 15:03:19,3,DISTURBANCE,DISTURBANCE - OTHER,K2
2026-07-16 15:02:16,2,DISTURBANCE,DISTURBANCE - OTHER,F3
2026-07-16 14:57:10,2,DISTURBANCE,"ASSAULTS - HARASSMENT, THREATS",D3
2026-07-16 14:47:50,3,DISTURBANCE,DISTURBANCE - OTHER,E2
2026-07-16 14:36:31,2,DISTURBANCE,PROWLER - TRESPASS,Q3
2026-07-16 14:06:21,2,DISTURBANCE - DV - NO ASLT,"DV - ARGUMENTS, DISTURBANCE (NO ARREST)",G1
2026-07-16 14:06:21,2,DISTURBANCE - DV - NO ASLT,"DV - ARGUMENTS, DISTURBANCE (NO ARREST)",G1
2026-07-16 13:50:05,2,DISTURBANCE - DV - NO ASLT,DISTURBANCE - OTHER,K3
2026-07-16 13:35:14,2,DISTURBANCE,CRISIS COMPLAINT - GENERAL,N2
2026-07-16 13:35:14,2,DISTURBANCE,CRISIS COMPLAINT - GENERAL,N2
2026-07-16 13:35:14,2,DISTURBANCE,CRISIS COMPLAINT - GENERAL,N2
2026-07-16 13:35:14,2,DISTURBANCE,CRISIS COMPLAINT - GENERAL,N2
2026-07-16 13:28:37,2,DISTURBANCE - DV - NO ASLT,DISTURBANCE - OTHER,C3
2026-07-16 13:28:37,2,DISTURBANCE - DV - NO ASLT,DISTURBANCE - OTHER,C3
2026-07-16 13:26:00,1,UNKNOWN - ANI/ALI - WRLS PHNS (INCL OPEN LINE),"DV - ARGUMENTS, DISTURBANCE (NO ARREST)",L3
2026-07-16 13:18:11,1,DISTURBANCE - DV CRITICAL,"DV - ARGUMENTS, DISTURBANCE (NO ARREST)",B2
2026-07-16 13:18:11,1,DISTURBANCE - DV CRITICAL,"DV - ARGUMENTS, DISTURBANCE (NO ARREST)",B2
2026-07-16 13:18:11,1,DISTURBANCE - DV CRITICAL,"DV - ARGUMENTS, DISTURBANCE (NO ARREST)",B2
2026-07-16 13:18:11,1,DISTURBANCE - DV CRITICAL,"DV - ARGUMENTS, DISTURBANCE (NO ARREST)",B2
2026-07-16 13:12:40,2,DISTURBANCE,DISTURBANCE - OTHER,U3
2026-07-16 13:12:40,2,DISTURBANCE,DISTURBANCE - OTHER,U3
2026-07-16 13:04:02,2,TRESPASS,DISTURBANCE - OTHER,E1
2026-07-16 13:04:02,2,TRESPASS,DISTURBANCE - OTHER,E1
2026-07-16 13:04:02,2,TRESPASS,DISTURBANCE - OTHER,E1
2026-07-16 12:55:56,2,"LEWD -  (EXPOSING, FLASHING)",DISTURBANCE - OTHER,M3
2026-07-16 12:41:13,2,DISTURBANCE,ASSIST PUBLIC - OTHER (NON-SPECIFIED),E1
2026-07-16 12:41:13,2,DISTURBANCE,ASSIST PUBLIC - OTHER (NON-SPECIFIED),E1
2026-07-16 12:40:03,2,DISTURBANCE,SUSPICIOUS CIRCUM. - SUSPICIOUS PERSON,C1
2026-07-16 12:40:03,2,DISTURBANCE,SUSPICIOUS CIRCUM. - SUSPICIOUS PERSON,C1
2026-07-16 12:40:03,2,DISTURBANCE,SUSPICIOUS CIRCUM. - SUSPICIOUS PERSON,C1
2026-07-16 12:37:01,4,NOISE - GENERAL,DISTURBANCE - NOISE,W2
2026-07-16 12:33:06,5,TRU - DISTURBANCE,DISTURBANCE - OTHER,C3
2026-07-16 12:09:04,5,TRU - FOLLOW UP,DISTURBANCE - OTHER,K2
2026-07-16 11:44:10,2,"LEWD -  (EXPOSING, FLASHING)",DISTURBANCE - OTHER,E2
2026-07-16 11:11:54,2,BURG - COMM BURGLARY,DISTURBANCE - OTHER,U3
2026-07-16 11:11:54,2,BURG - COMM BURGLARY,DISTURBANCE - OTHER,U3
2026-07-16 11:11:54,2,BURG - COMM BURGLARY,DISTURBANCE - OTHER,U3
2026-07-16 11:11:54,2,BURG - COMM BURGLARY,DISTURBANCE - OTHER,U3
2026-07-16 10:57:39,2,ASLT - WITH OR W/O WPNS (NO SHOOTINGS),DISTURBANCE - OTHER,E2
2026-07-16 10:07:58,2,TRESPASS,DISTURBANCE - OTHER,S3
2026-07-16 10:04:59,2,DISTURBANCE,PROWLER - TRESPASS,R2
2026-07-16 10:03:18,3,DISTURBANCE,DISTURBANCE - OTHER,R2
2026-07-16 10:03:18,3,DISTURBANCE,DISTURBANCE - OTHER,R2
2026-07-16 09:44:23,2,DISTURBANCE,PROWLER - TRESPASS,K2
2026-07-16 09:42:51,2,DISTURBANCE,"DV - ARGUMENTS, DISTURBANCE (NO ARREST)",E2
2026-07-16 09:42:51,2,DISTURBANCE,"DV - ARGUMENTS, DISTURBANCE (NO ARREST)",E2
2026-07-16 09:42:51,2,DISTURBANCE,"DV - ARGUMENTS, DISTURBANCE (NO ARREST)",E2
2026-07-16 09:38:44,3,NUISANCE,DISTURBANCE - OTHER,E1
2026-07-16 09:34:13,2,FIGHT - PHYSICAL (NO WEAPONS),DISTURBANCE - OTHER,Q2
2026-07-16 09:34:13,2,FIGHT - PHYSICAL (NO WEAPONS),DISTURBANCE - OTHER,Q2
2026-07-16 09:28:33,4,NOISE - GENERAL,DISTURBANCE - NOISE RESIDENTIAL,F1
2026-07-16 09:28:33,4,NOISE - GENERAL,DISTURBANCE - NOISE RESIDENTIAL,F1
2026-07-16 09:23:53,5,TRU - HARASSMENT,DISTURBANCE - OTHER,E3
2026-07-16 09:19:48,2,DISTURBANCE,CRISIS COMPLAINT - GENERAL,E1
2026-07-16 09:14:23,3,PERSON IN BEHAVIORAL/EMOTIONAL CRISIS,DISTURBANCE - OTHER,G3
2026-07-16 09:14:23,3,PERSON IN BEHAVIORAL/EMOTIONAL CRISIS,DISTURBANCE - OTHER,G3
2026-07-16 08:59:51,3,DISTURBANCE,DISTURBANCE - OTHER,M2
2026-07-16 08:52:19,1,UNKNOWN - COMPLAINT OF UNKNOWN NATURE,DISTURBANCE - OTHER,D3
2026-07-16 08:52:19,1,UNKNOWN - COMPLAINT OF UNKNOWN NATURE,DISTURBANCE - OTHER,D3
2026-07-16 08:52:19,1,UNKNOWN - COMPLAINT OF UNKNOWN NATURE,DISTURBANCE - OTHER,D3
2026-07-16 08:44:56,2,ORDER - VIOLATING DV COURT ORDER,DISTURBANCE - OTHER,Q1
2026-07-16 08:44:56,2,ORDER - VIOLATING DV COURT ORDER,DISTURBANCE - OTHER,Q1
2026-07-16 08:44:56,2,ORDER - VIOLATING DV COURT ORDER,DISTURBANCE - OTHER,Q1
2026-07-16 08:39:12,1,UNKNOWN - COMPLAINT OF UNKNOWN NATURE,DISTURBANCE - OTHER,W1
2026-07-16 08:39:12,1,UNKNOWN - COMPLAINT OF UNKNOWN NATURE,DISTURBANCE - OTHER,W1
2026-07-16 08:39:12,1,UNKNOWN - COMPLAINT OF UNKNOWN NATURE,DISTURBANCE - OTHER,W1
2026-07-16 08:39:12,1,UNKNOWN - COMPLAINT OF UNKNOWN NATURE,DISTURBANCE - OTHER,W1
2026-07-16 08:35:19,2,DISTURBANCE,"ASSAULTS - HARASSMENT, THREATS",R3
2026-07-16 08:35:19,2,DISTURBANCE,"ASSAULTS - HARASSMENT, THREATS",R3
2026-07-16 08:35:19,2,DISTURBANCE,"ASSAULTS - HARASSMENT, THREATS",R3
2026-07-16 08:24:59,5,TRU - DISTURBANCE,DISTURBANCE - OTHER,U3
2026-07-16 08:24:59,5,TRU - DISTURBANCE,DISTURBANCE - OTHER,U3
2026-07-16 08:24:59,5,TRU - DISTURBANCE,DISTURBANCE - OTHER,U3
2026-07-16 07:58:47,2,DISTURBANCE,DISTURBANCE - OTHER,S3
2026-07-16 07:58:47,2,DISTURBANCE,DISTURBANCE - OTHER,S3
2026-07-16 07:56:16,5,TRU - SUSPICIOUS CIRCUMSTANCES,DISTURBANCE - OTHER,L3
2026-07-16 07:40:37,3,ANIMAL - DANGEROUS,"ANIMAL COMPLAINT - NOISE,STRAY,BITE",F3
2026-07-16 07:35:02,3,"SUSPICIOUS PERSON, VEHICLE, OR INCIDENT",DISTURBANCE - OTHER,C1
2026-07-16 07:35:02,3,"SUSPICIOUS PERSON, VEHICLE, OR INCIDENT",DISTURBANCE - OTHER,C1
2026-07-16 07:32:12,2,DISTURBANCE - DV - NO ASLT,"DV - ARGUMENTS, DISTURBANCE (NO ARREST)",N1
2026-07-16 07:32:12,2,DISTURBANCE - DV - NO ASLT,"DV - ARGUMENTS, DISTURBANCE (NO ARREST)",N1
2026-07-16 07:32:12,2,DISTURBANCE - DV - NO ASLT,"DV - ARGUMENTS, DISTURBANCE (NO ARREST)",N1
2026-07-16 07:32:12,2,DISTURBANCE - DV - NO ASLT,"DV - ARGUMENTS, DISTURBANCE (NO ARREST)",N1
2026-07-16 07:30:30,1,DISTURBANCE - DV CRITICAL,"DV - ARGUMENTS, DISTURBANCE (NO ARREST)",W2
2026-07-16 07:30:30,1,DISTURBANCE - DV CRITICAL,"DV - ARGUMENTS, DISTURBANCE (NO ARREST)",W2
2026-07-16 07:04:14,2,DISTURBANCE,DISTURBANCE - OTHER,N3
2026-07-16 07:04:14,2,DISTURBANCE,DISTURBANCE - OTHER,N3
2026-07-16 07:04:14,2,DISTURBANCE,DISTURBANCE - OTHER,N3
2026-07-16 06:29:46,1,DISTURBANCE - DV CRITICAL,"DV - ARGUMENTS, DISTURBANCE (NO ARREST)",E1
2026-07-16 06:29:46,1,DISTURBANCE - DV CRITICAL,"DV - ARGUMENTS, DISTURBANCE (NO ARREST)",E1
2026-07-16 04:47:52,2,DISTURBANCE,"BURGLARY - RESIDENTIAL, UNOCCUPIED",Q3
2026-07-16 04:47:52,2,DISTURBANCE,"BURGLARY - RESIDENTIAL, UNOCCUPIED",Q3
2026-07-16 04:47:52,2,DISTURBANCE,"BURGLARY - RESIDENTIAL, UNOCCUPIED",Q3
2026-07-16 04:37:58,1,SHOTS HEARD - IN PROGRESS,DISTURBANCE - NOISE,L1
2026-07-16 04:16:51,1,DISTURBANCE - DV CRITICAL,"DV - ARGUMENTS, DISTURBANCE (NO ARREST)",F3
2026-07-16 04:16:51,1,DISTURBANCE - DV CRITICAL,"DV - ARGUMENTS, DISTURBANCE (NO ARREST)",F3
2026-07-16 04:16:51,1,DISTURBANCE - DV CRITICAL,"DV - ARGUMENTS, DISTURBANCE (NO ARREST)",F3
2026-07-16 04:16:51,1,DISTURBANCE - DV CRITICAL,"DV - ARGUMENTS, DISTURBANCE (NO ARREST)",F3
2026-07-16 03:43:39,2,ASLT - WITH OR W/O WPNS (NO SHOOTINGS),DISTURBANCE - OTHER,K2
2026-07-16 03:43:39,2,ASLT - WITH OR W/O WPNS (NO SHOOTINGS),DISTURBANCE - OTHER,K2
2026-07-16 03:41:38,1,UNKNOWN - ANI/ALI - WRLS PHNS (INCL OPEN LINE),DISTURBANCE - OTHER,W2
2026-07-16 03:41:38,1,UNKNOWN - ANI/ALI - WRLS PHNS (INCL OPEN LINE),DISTURBANCE - OTHER,W2
2026-07-16 03:05:01,4,PARKING VIOLATION (EXCEPT ABANDONED CAR),DISTURBANCE - OTHER,G1
2026-07-16 03:05:01,4,PARKING VIOLATION (EXCEPT ABANDONED CAR),DISTURBANCE - OTHER,G1
2026-07-16 02:47:34,2,DISTURBANCE,DISTURBANCE - OTHER,M1
2026-07-16 02:47:34,2,DISTURBANCE,DISTURBANCE - OTHER,M1
2026-07-16 02:47:34,2,DISTURBANCE,DISTURBANCE - OTHER,M1
2026-07-16 02:44:50,2,DISTURBANCE,ASSIST PUBLIC - OTHER (NON-SPECIFIED),E3
2026-07-16 02:44:50,2,DISTURBANCE,ASSIST PUBLIC - OTHER (NON-SPECIFIED),E3
2026-07-16 02:42:40,1,SHOTS HEARD - IN PROGRESS,DISTURBANCE - NOISE,E3
2026-07-16 02:42:40,1,SHOTS HEARD - IN PROGRESS,DISTURBANCE - NOISE,E3
2026-07-16 02:42:40,1,SHOTS HEARD - IN PROGRESS,DISTURBANCE - NOISE,E3
2026-07-16 02:36:44,2,DISTURBANCE,DISTURBANCE - OTHER,S3
2026-07-16 02:33:54,4,NOISE - GENERAL,DISTURBANCE - NOISE,O3
2026-07-16 02:14:43,2,DISTURBANCE,DISTURBANCE - OTHER,R1
2026-07-16 02:13:03,1,SHOTS HEARD - IN PROGRESS,DISTURBANCE - OTHER,W1
2026-07-16 02:13:03,1,SHOTS HEARD - IN PROGRESS,DISTURBANCE - OTHER,W1
2026-07-16 02:05:28,1,THREATS (INCLS IN-PERSON/BY PHONE/IN WRITING),DISTURBANCE - OTHER,K3
2026-07-16 02:05:28,1,THREATS (INCLS IN-PERSON/BY PHONE/IN WRITING),DISTURBANCE - OTHER,K3
2026-07-16 02:03:33,4,NOISE - GENERAL,NARCOTICS - DRUG TRAFFIC LOITERING,D1
2026-07-16 02:03:33,4,NOISE - GENERAL,NARCOTICS - DRUG TRAFFIC LOITERING,D1
2026-07-16 02:00:19,1,SHOTS HEARD - IN PROGRESS,DISTURBANCE - NOISE,L1
2026-07-16 02:00:19,1,SHOTS HEARD - IN PROGRESS,DISTURBANCE - NOISE,L1
2026-07-16 02:00:19,1,SHOTS HEARD - IN PROGRESS,DISTURBANCE - NOISE,L1
2026-07-16 02:00:19,1,SHOTS HEARD - IN PROGRESS,DISTURBANCE - NOISE,L1
2026-07-16 01:54:56,2,DISTURBANCE,DISTURBANCE - NOISE,F3
2026-07-16 01:44:18,2,DISTURBANCE - DV - NO ASLT,"DV - ARGUMENTS, DISTURBANCE (NO ARREST)",B1
2026-07-16 01:44:18,2,DISTURBANCE - DV - NO ASLT,"DV - ARGUMENTS, DISTURBANCE (NO ARREST)",B1
2026-07-16 01:44:18,2,DISTURBANCE - DV - NO ASLT,"DV - ARGUMENTS, DISTURBANCE (NO ARREST)",B1
2026-07-16 01:44:18,2,DISTURBANCE - DV - NO ASLT,"DV - ARGUMENTS, DISTURBANCE (NO ARREST)",B1
2026-07-16 01:44:18,2,DISTURBANCE - DV - NO ASLT,"DV - ARGUMENTS, DISTURBANCE (NO ARREST)",B1
2026-07-16 01:27:06,1,SHOTS HEARD - IN PROGRESS,DISTURBANCE - OTHER,C3
2026-07-16 01:27:06,1,SHOTS HEARD - IN PROGRESS,DISTURBANCE - OTHER,C3
2026-07-16 01:23:06,4,NOISE - GENERAL,DISTURBANCE - NOISE,U2
2026-07-16 01:18:24,2,TRESPASS,DISTURBANCE - OTHER,U3
2026-07-16 01:18:24,2,TRESPASS,DISTURBANCE - OTHER,U3
2026-07-16 01:06:46,3,FOLLOW UP,DISTURBANCE - OTHER,F1
2026-07-16 00:51:15,4,NOISE - GENERAL,DISTURBANCE - NOISE,B2
2026-07-16 00:51:15,4,NOISE - GENERAL,DISTURBANCE - NOISE,B2
2026-07-16 00:41:33,1,DISTURBANCE - DV CRITICAL,BURGLARY - RESIDENTIAL OCCUPIED,R2
2026-07-16 00:41:33,1,DISTURBANCE - DV CRITICAL,BURGLARY - RESIDENTIAL OCCUPIED,R2
2026-07-16 00:41:33,1,DISTURBANCE - DV CRITICAL,BURGLARY - RESIDENTIAL OCCUPIED,R2
2026-07-16 00:41:33,1,DISTURBANCE - DV CRITICAL,BURGLARY - RESIDENTIAL OCCUPIED,R2
2026-07-16 00:35:14,1,DISTURBANCE,"DV - ARGUMENTS, DISTURBANCE (NO ARREST)",B1
2026-07-16 00:35:14,1,DISTURBANCE,"DV - ARGUMENTS, DISTURBANCE (NO ARREST)",B1
2026-07-16 00:35:14,1,DISTURBANCE,"DV - ARGUMENTS, DISTURBANCE (NO ARREST)",B1
2026-07-16 00:35:14,1,DISTURBANCE,"DV - ARGUMENTS, DISTURBANCE (NO ARREST)",B1
2026-07-16 00:35:14,1,DISTURBANCE,"DV - ARGUMENTS, DISTURBANCE (NO ARREST)",B1
2026-07-16 00:33:34,2,DISTURBANCE,DISTURBANCE - FIGHT,S2
2026-07-16 00:33:34,2,DISTURBANCE,DISTURBANCE - FIGHT,S2
2026-07-16 00:33:34,2,DISTURBANCE,DISTURBANCE - FIGHT,S2
2026-07-16 00:33:34,2,DISTURBANCE,DISTURBANCE - FIGHT,S2
2026-07-16 00:33:34,2,DISTURBANCE,DISTURBANCE - FIGHT,S2
2026-07-16 00:11:53,2,DISTURBANCE,DISTURBANCE - OTHER,G1
2026-07-16 00:11:53,2,DISTURBANCE,DISTURBANCE - OTHER,G1
2026-07-16 00:11:01,4,NOISE - GENERAL,DISTURBANCE - NOISE RESIDENTIAL,B2
2026-07-16 00:11:01,4,NOISE - GENERAL,DISTURBANCE - NOISE RESIDENTIAL,B2
2026-07-16 00:09:05,3,DISTURBANCE,DISTURBANCE - NOISE,D3
2026-07-16 00:07:50,2,DISTURBANCE - DV - NO ASLT,"DV - ARGUMENTS, DISTURBANCE (NO ARREST)",D1
2026-07-16 00:07:50,2,DISTURBANCE - DV - NO ASLT,"DV - ARGUMENTS, DISTURBANCE (NO ARREST)",D1
2026-07-15 23:57:13,1,ASLT - DV CRITICAL,"DV - ARGUMENTS, DISTURBANCE (NO ARREST)",N1
2026-07-15 23:57:13,1,ASLT - DV CRITICAL,"DV - ARGUMENTS, DISTURBANCE (NO ARREST)",N1
2026-07-15 23:57:13,1,ASLT - DV CRITICAL,"DV - ARGUMENTS, DISTURBANCE (NO ARREST)",N1
2026-07-15 23:57:13,1,ASLT - DV CRITICAL,"DV - ARGUMENTS, DISTURBANCE (NO ARREST)",N1
2026-07-15 23:34:34,4,NOISE - GENERAL,DISTURBANCE - NOISE,D2
2026-07-15 23:32:20,4,NOISE - GENERAL,DISTURBANCE - NOISE,F2
2026-07-15 23:32:20,4,NOISE - GENERAL,DISTURBANCE - NOISE,F2
2026-07-15 23:21:19,4,NOISE - GENERAL,DISTURBANCE - OTHER,U1
2026-07-15 23:15:54,2,DISTURBANCE,DISTURBANCE - OTHER,Q3
2026-07-15 23:10:20,4,FIREWORKS (NO HAZARD),DISTURBANCE - NOISE,J3
2026-07-15 23:07:36,3,DISTURBANCE,DISTURBANCE - FIGHT,M3
2026-07-15 23:07:08,4,FIREWORKS (NO HAZARD),DISTURBANCE - OTHER,W1
2026-07-15 22:58:33,2,DISTURBANCE,SUSPICIOUS CIRCUM. - SUSPICIOUS PERSON,F1
2026-07-15 22:55:40,1,DISTURBANCE - DV CRITICAL,"DV - ARGUMENTS, DISTURBANCE (NO ARREST)",J1
2026-07-15 22:55:40,1,DISTURBANCE - DV CRITICAL,"DV - ARGUMENTS, DISTURBANCE (NO ARREST)",J1
2026-07-15 22:53:40,4,NOISE - GENERAL,DISTURBANCE - NOISE RESIDENTIAL,B1
2026-07-15 22:53:40,4,NOISE - GENERAL,DISTURBANCE - NOISE RESIDENTIAL,B1
2026-07-15 22:53:40,4,NOISE - GENERAL,DISTURBANCE - NOISE RESIDENTIAL,B1
2026-07-15 22:37:16,1,SHOTS HEARD - IN PROGRESS,DISTURBANCE - NOISE,R2
2026-07-15 22:37:16,1,SHOTS HEARD - IN PROGRESS,DISTURBANCE - NOISE,R2
2026-07-15 22:37:16,1,SHOTS HEARD - IN PROGRESS,DISTURBANCE - NOISE,R2
2026-07-15 22:24:10,1,DISTURBANCE,DISTURBANCE - OTHER,D1
2026-07-15 22:24:10,1,DISTURBANCE,DISTURBANCE - OTHER,D1
2026-07-15 22:24:10,1,DISTURBANCE,DISTURBANCE - OTHER,D1
2026-07-15 22:24:10,1,DISTURBANCE,DISTURBANCE - OTHER,D1
2026-07-15 22:21:43,3,NUISANCE,DISTURBANCE - NOISE RESIDENTIAL,B3
2026-07-15 22:21:43,3,NUISANCE,DISTURBANCE - NOISE RESIDENTIAL,B3
2026-07-15 22:18:29,4,NOISE - GENERAL,DISTURBANCE - NOISE RESIDENTIAL,W1
2026-07-15 22:15:15,4,NOISE - GENERAL,DISTURBANCE - NOISE,N2
2026-07-15 22:13:13,4,NOISE - GENERAL,DISTURBANCE - NOISE,S3
2026-07-15 22:02:36,3,ASLT - DV,"DV - ARGUMENTS, DISTURBANCE (NO ARREST)",Q3
2026-07-15 21:59:44,2,DISTURBANCE,DISTURBANCE - OTHER,W3
2026-07-15 21:59:22,3,DISTURBANCE,DISTURBANCE - OTHER,D3
2026-07-15 21:59:22,3,DISTURBANCE,DISTURBANCE - OTHER,D3
2026-07-15 21:59:22,3,DISTURBANCE,DISTURBANCE - OTHER,D3
2026-07-15 21:59:22,3,DISTURBANCE,DISTURBANCE - OTHER,D3
2026-07-15 21:54:40,1,SHOTS HEARD - IN PROGRESS,DISTURBANCE - NOISE,N1
2026-07-15 21:54:40,1,SHOTS HEARD - IN PROGRESS,DISTURBANCE - NOISE,N1
2026-07-15 21:46:39,1,DISTURBANCE - DV CRITICAL,DV - DOMESTIC VIOL/ASLT (ARREST MANDATORY),G1
2026-07-15 21:46:39,1,DISTURBANCE - DV CRITICAL,DV - DOMESTIC VIOL/ASLT (ARREST MANDATORY),G1
2026-07-15 21:46:39,1,DISTURBANCE - DV CRITICAL,DV - DOMESTIC VIOL/ASLT (ARREST MANDATORY),G1
2026-07-15 21:46:39,1,DISTURBANCE - DV CRITICAL,DV - DOMESTIC VIOL/ASLT (ARREST MANDATORY),G1
2026-07-15 21:46:39,1,DISTURBANCE - DV CRITICAL,DV - DOMESTIC VIOL/ASLT (ARREST MANDATORY),G1
2026-07-15 21:46:39,1,DISTURBANCE - DV CRITICAL,DV - DOMESTIC VIOL/ASLT (ARREST MANDATORY),G1
2026-07-15 21:46:39,1,DISTURBANCE - DV CRITICAL,DV - DOMESTIC VIOL/ASLT (ARREST MANDATORY),G1
2026-07-15 21:46:39,1,DISTURBANCE - DV CRITICAL,DV - DOMESTIC VIOL/ASLT (ARREST MANDATORY),G1
2026-07-15 21:46:39,1,DISTURBANCE - DV CRITICAL,DV - DOMESTIC VIOL/ASLT (ARREST MANDATORY),G1
2026-07-15 21:46:16,2,DISTURBANCE,DISTURBANCE,C2
2026-07-15 21:46:16,2,DISTURBANCE,DISTURBANCE,C2
2026-07-15 21:42:42,1,DISTURBANCE,DISTURBANCE - OTHER,R1
2026-07-15 21:42:42,1,DISTURBANCE,DISTURBANCE - OTHER,R1
2026-07-15 21:40:58,1,ORDER - CRITICAL VIOLATION OF DV COURT ORDER,DISTURBANCE - OTHER,D1
2026-07-15 21:27:17,1,HAZ - CRITICAL,DISTURBANCE - OTHER,W1
2026-07-15 21:27:17,1,HAZ - CRITICAL,DISTURBANCE - OTHER,W1
2026-07-15 21:27:17,1,HAZ - CRITICAL,DISTURBANCE - OTHER,W1
2026-07-15 21:27:17,1,HAZ - CRITICAL,DISTURBANCE - OTHER,W1
2026-07-15 21:20:30,1,UNKNOWN - COMPLAINT OF UNKNOWN NATURE,"DV - ARGUMENTS, DISTURBANCE (NO ARREST)",Q2
2026-07-15 21:20:30,1,UNKNOWN - COMPLAINT OF UNKNOWN NATURE,"DV - ARGUMENTS, DISTURBANCE (NO ARREST)",Q2
2026-07-15 21:20:30,1,UNKNOWN - COMPLAINT OF UNKNOWN NATURE,"DV - ARGUMENTS, DISTURBANCE (NO ARREST)",Q2
2026-07-15 21:17:04,4,NOISE - GENERAL,DISTURBANCE - NOISE,K3
2026-07-15 21:16:09,2,"ANIMAL - INJURED, DEAD HAZARD, OTHER","ANIMAL COMPLAINT - NOISE,STRAY,BITE",Q3
2026-07-15 21:16:09,2,"ANIMAL - INJURED, DEAD HAZARD, OTHER","ANIMAL COMPLAINT - NOISE,STRAY,BITE",Q3
2026-07-15 21:14:22,2,SHOTS HEARD - DELAY,DISTURBANCE - OTHER,F1
2026-07-15 21:10:34,1,DISTURBANCE - DV CRITICAL,DISTURBANCE - OTHER,G3
2026-07-15 21:10:34,1,DISTURBANCE - DV CRITICAL,DISTURBANCE - OTHER,G3
2026-07-15 21:09:33,2,DISTURBANCE,ASSIST PUBLIC - OTHER (NON-SPECIFIED),W2
2026-07-15 21:06:39,4,NOISE - GENERAL,DISTURBANCE - NOISE,E1
2026-07-15 20:59:30,1,SHOTS HEARD - IN PROGRESS,DISTURBANCE - NOISE,W1
2026-07-15 20:59:30,1,SHOTS HEARD - IN PROGRESS,DISTURBANCE - NOISE,W1
2026-07-15 20:56:43,3,THREATS (INCLS IN-PERSON/BY PHONE/IN WRITING),DISTURBANCE - OTHER,N2
2026-07-15 20:56:43,3,THREATS (INCLS IN-PERSON/BY PHONE/IN WRITING),DISTURBANCE - OTHER,N2
2026-07-15 20:44:52,2,DISTURBANCE,DISTURBANCE - OTHER,S1
2026-07-15 20:44:52,2,DISTURBANCE,DISTURBANCE - OTHER,S1
2026-07-15 20:44:52,2,DISTURBANCE,DISTURBANCE - OTHER,S1
2026-07-15 20:44:52,2,DISTURBANCE,DISTURBANCE - OTHER,S1
2026-07-15 20:33:17,2,DISTURBANCE,DISTURBANCE - OTHER,B2
2026-07-15 20:19:48,3,ASLT - WITH OR W/O WPNS (NO SHOOTINGS),DISTURBANCE - OTHER,J3
2026-07-15 20:19:48,3,ASLT - WITH OR W/O WPNS (NO SHOOTINGS),DISTURBANCE - OTHER,J3
2026-07-15 20:14:25,2,SERVICE - WELFARE CHECK,DISTURBANCE - OTHER,N1
2026-07-15 20:13:44,2,DISTURBANCE,"DV - ARGUMENTS, DISTURBANCE (NO ARREST)",G2
2026-07-15 20:13:44,2,DISTURBANCE,"DV - ARGUMENTS, DISTURBANCE (NO ARREST)",G2
2026-07-15 20:13:44,2,DISTURBANCE,"DV - ARGUMENTS, DISTURBANCE (NO ARREST)",G2
2026-07-15 20:11:16,2,DISTURBANCE,DISTURBANCE - OTHER,C2
2026-07-15 20:11:16,2,DISTURBANCE,DISTURBANCE - OTHER,C2
2026-07-15 19:42:53,2,SHOTS HEARD - DELAY,DISTURBANCE - NOISE,F3
2026-07-15 19:38:16,2,EXPLOSION,DISTURBANCE - NOISE,K3
2026-07-15 19:38:16,2,EXPLOSION,DISTURBANCE - NOISE,K3
2026-07-15 19:30:08,4,NOISE - GENERAL,DISTURBANCE - NOISE,L3
2026-07-15 19:28:48,2,PERSON IN BEHAVIORAL/EMOTIONAL CRISIS,DISTURBANCE - OTHER,L2
2026-07-15 19:18:13,2,HAZ - POTENTIAL THRT TO PHYS SAFETY,DISTURBANCE - OTHER,U3
2026-07-15 19:18:13,2,HAZ - POTENTIAL THRT TO PHYS SAFETY,DISTURBANCE - OTHER,U3
2026-07-15 19:07:20,3,DISTURBANCE - DV - NO ASLT,DV - DOMESTIC VIOLENCE (ARREST DISCRETIONARY),S1
2026-07-15 19:02:29,2,DISTURBANCE,DISTURBANCE - OTHER,M1
2026-07-15 19:01:33,2,DISTURBANCE,DISTURBANCE - OTHER,D1
2026-07-15 18:53:23,2,THREATS (INCLS IN-PERSON/BY PHONE/IN WRITING),DISTURBANCE - OTHER,N3
2026-07-15 18:53:23,2,THREATS (INCLS IN-PERSON/BY PHONE/IN WRITING),DISTURBANCE - OTHER,N3
2026-07-15 18:50:59,2,DISTURBANCE,CRISIS COMPLAINT - GENERAL,C1
2026-07-15 18:50:59,2,DISTURBANCE,CRISIS COMPLAINT - GENERAL,C1
2026-07-15 18:37:02,1,UNKNOWN - ANI/ALI - WRLS PHNS (INCL OPEN LINE),DISTURBANCE - OTHER,K3
2026-07-15 18:37:02,1,UNKNOWN - ANI/ALI - WRLS PHNS (INCL OPEN LINE),DISTURBANCE - OTHER,K3
2026-07-15 18:37:02,1,UNKNOWN - ANI/ALI - WRLS PHNS (INCL OPEN LINE),DISTURBANCE - OTHER,K3
2026-07-15 18:24:40,3,ASLT - WITH OR W/O WPNS (NO SHOOTINGS),DISTURBANCE - OTHER,Q3
2026-07-15 18:23:51,2,DISTURBANCE,DISTURBANCE - OTHER,Q3
2026-07-15 18:22:33,2,DISTURBANCE,DISTURBANCE - OTHER,W2
2026-07-15 18:22:33,2,DISTURBANCE,DISTURBANCE - OTHER,W2
2026-07-15 18:12:49,2,DISTURBANCE,DISTURBANCE - OTHER,K3
2026-07-15 18:04:16,3,"NARCOTICS - VIOLATIONS (LOITER, USE, SELL, NARS)",DISTURBANCE - OTHER,M2
2026-07-15 17:59:20,2,DISTURBANCE - DV - NO ASLT,"DV - ARGUMENTS, DISTURBANCE (NO ARREST)",L3
2026-07-15 17:59:20,2,DISTURBANCE - DV - NO ASLT,"DV - ARGUMENTS, DISTURBANCE (NO ARREST)",L3
2026-07-15 17:57:59,2,SERVICE - WELFARE CHECK,DISTURBANCE - OTHER,Q3
2026-07-15 17:53:29,3,ASLT - DV,"DV - ARGUMENTS, DISTURBANCE (NO ARREST)",D1
2026-07-15 17:53:29,3,ASLT - DV,"DV - ARGUMENTS, DISTURBANCE (NO ARREST)",D1
2026-07-15 17:47:03,2,ASLT - WITH OR W/O WPNS (NO SHOOTINGS),DISTURBANCE - FIGHT,U1
2026-07-15 17:42:08,1,UNKNOWN - ANI/ALI - WRLS PHNS (INCL OPEN LINE),"DV - ARGUMENTS, DISTURBANCE (NO ARREST)",E1
2026-07-15 17:42:08,1,UNKNOWN - ANI/ALI - WRLS PHNS (INCL OPEN LINE),"DV - ARGUMENTS, DISTURBANCE (NO ARREST)",E1
2026-07-15 17:38:06,2,DISTURBANCE,DISTURBANCE - NOISE,L2
2026-07-15 17:36:24,2,DISTURBANCE,DISTURBANCE - OTHER,M1
2026-07-15 17:29:36,1,DISTURBANCE,ASSIST OTHER AGENCY - CITY AGENCY,K3
2026-07-15 17:29:36,1,DISTURBANCE,ASSIST OTHER AGENCY - CITY AGENCY,K3
2026-07-15 17:29:36,1,DISTURBANCE,ASSIST OTHER AGENCY - CITY AGENCY,K3
2026-07-15 17:15:46,2,DISTURBANCE - DV - NO ASLT,DV - DOMESTIC VIOL/ASLT (ARREST MANDATORY),R2
2026-07-15 16:36:07,2,HARAS - NO BIAS OR THREATS,DISTURBANCE - OTHER,J2
2026-07-15 16:36:07,2,HARAS - NO BIAS OR THREATS,DISTURBANCE - OTHER,J2
2026-07-15 16:29:42,1,HAZ - CRITICAL,DISTURBANCE - OTHER,U1
2026-07-15 16:29:42,1,HAZ - CRITICAL,DISTURBANCE - OTHER,U1
2026-07-15 16:12:15,2,"LEWD -  (EXPOSING, FLASHING)",DISTURBANCE - OTHER,J3
2026-07-15 16:12:15,2,"LEWD -  (EXPOSING, FLASHING)",DISTURBANCE - OTHER,J3
2026-07-15 16:12:15,2,"LEWD -  (EXPOSING, FLASHING)",DISTURBANCE - OTHER,J3
2026-07-15 16:12:15,2,"LEWD -  (EXPOSING, FLASHING)",DISTURBANCE - OTHER,J3
2026-07-15 16:11:12,1,ASLT - DV CRITICAL,"DV - ARGUMENTS, DISTURBANCE (NO ARREST)",K3
2026-07-15 16:11:12,1,ASLT - DV CRITICAL,"DV - ARGUMENTS, DISTURBANCE (NO ARREST)",K3
2026-07-15 16:11:12,1,ASLT - DV CRITICAL,"DV - ARGUMENTS, DISTURBANCE (NO ARREST)",K3
2026-07-15 15:50:54,2,DISTURBANCE,DISTURBANCE - OTHER,N3
2026-07-15 15:50:54,2,DISTURBANCE,DISTURBANCE - OTHER,N3
2026-07-15 15:50:54,2,DISTURBANCE,DISTURBANCE - OTHER,N3
2026-07-15 15:48:39,2,DISTURBANCE,DISTURBANCE,U3
2026-07-15 15:37:15,5,TRU - HARASSMENT,DISTURBANCE - OTHER,U2
2026-07-15 15:35:55,2,DISTURBANCE,DISTURBANCE - OTHER,K3
2026-07-15 15:35:25,1,THREATS (INCLS IN-PERSON/BY PHONE/IN WRITING),"DV - ARGUMENTS, DISTURBANCE (NO ARREST)",S3
2026-07-15 15:25:15,2,DISTURBANCE,DISTURBANCE - OTHER,Q3
2026-07-15 15:24:47,2,DISTURBANCE - DV - NO ASLT,"ASSAULTS - HARASSMENT, THREATS",D1
2026-07-15 15:24:47,2,DISTURBANCE - DV - NO ASLT,"ASSAULTS - HARASSMENT, THREATS",D1
2026-07-15 15:24:47,2,DISTURBANCE - DV - NO ASLT,"ASSAULTS - HARASSMENT, THREATS",D1
2026-07-15 15:24:47,2,DISTURBANCE - DV - NO ASLT,"ASSAULTS - HARASSMENT, THREATS",D1
2026-07-15 15:24:11,3,HARAS - NO BIAS OR THREATS,DISTURBANCE - OTHER,N1
2026-07-15 15:19:38,4,NOISE - GENERAL,DISTURBANCE - NOISE,S2
2026-07-15 15:14:35,2,FIGHT - PHYSICAL (NO WEAPONS),DISTURBANCE - OTHER,M3
2026-07-15 14:59:27,2,ASLT - WITH OR W/O WPNS (NO SHOOTINGS),DISTURBANCE - FIGHT,K2
2026-07-15 14:57:54,2,DISTURBANCE,"ASSAULTS, OTHER",G2
2026-07-15 14:57:54,2,DISTURBANCE,"ASSAULTS, OTHER",G2
2026-07-15 14:57:54,2,DISTURBANCE,"ASSAULTS, OTHER",G2
2026-07-15 14:57:54,2,DISTURBANCE,"ASSAULTS, OTHER",G2
2026-07-15 14:57:54,2,DISTURBANCE,"ASSAULTS, OTHER",G2
2026-07-15 14:57:54,2,DISTURBANCE,"ASSAULTS, OTHER",G2
2026-07-15 14:57:54,2,DISTURBANCE,"ASSAULTS, OTHER",G2
2026-07-15 14:57:54,2,DISTURBANCE,"ASSAULTS, OTHER",G2
2026-07-15 14:39:00,2,DISTURBANCE,DV - ASSIST VICTIM BY COURT ORDER,B1
2026-07-15 14:31:50,2,DISTURBANCE,DISTURBANCE - OTHER,M3
2026-07-15 14:31:50,2,DISTURBANCE,DISTURBANCE - OTHER,M3
2026-07-15 14:31:50,2,DISTURBANCE,DISTURBANCE - OTHER,M3
2026-07-15 14:31:50,2,DISTURBANCE,DISTURBANCE - OTHER,M3
2026-07-15 14:30:30,2,DISTURBANCE,PROPERTY DEST (DAMG),K2
2026-07-15 14:29:00,1,"MISSING - (ALZHEIMER, ENDANGERED, ELDERLY)",DISTURBANCE - OTHER,C2
2026-07-15 14:29:00,1,"MISSING - (ALZHEIMER, ENDANGERED, ELDERLY)",DISTURBANCE - OTHER,C2
2026-07-15 14:29:00,1,"MISSING - (ALZHEIMER, ENDANGERED, ELDERLY)",DISTURBANCE - OTHER,C2
2026-07-15 14:29:00,1,"MISSING - (ALZHEIMER, ENDANGERED, ELDERLY)",DISTURBANCE - OTHER,C2
2026-07-15 14:29:00,1,"MISSING - (ALZHEIMER, ENDANGERED, ELDERLY)",DISTURBANCE - OTHER,C2
2026-07-15 14:29:00,1,"MISSING - (ALZHEIMER, ENDANGERED, ELDERLY)",DISTURBANCE - OTHER,C2
2026-07-15 14:29:00,1,"MISSING - (ALZHEIMER, ENDANGERED, ELDERLY)",DISTURBANCE - OTHER,C2
2026-07-15 14:29:00,1,"MISSING - (ALZHEIMER, ENDANGERED, ELDERLY)",DISTURBANCE - OTHER,C2
2026-07-15 14:29:00,1,"MISSING - (ALZHEIMER, ENDANGERED, ELDERLY)",DISTURBANCE - OTHER,C2
2026-07-15 14:29:00,1,"MISSING - (ALZHEIMER, ENDANGERED, ELDERLY)",DISTURBANCE - OTHER,C2
2026-07-15 14:26:06,2,DISTURBANCE,DISTURBANCE - OTHER,D1
2026-07-15 14:23:44,3,DISTURBANCE,DISTURBANCE - OTHER,E2
2026-07-15 13:52:30,3,HARAS - NO BIAS OR THREATS,DISTURBANCE - OTHER,N1
2026-07-15 13:51:56,1,DISTURBANCE - DV CRITICAL,DISTURBANCE - OTHER,S2
2026-07-15 13:51:56,1,DISTURBANCE - DV CRITICAL,DISTURBANCE - OTHER,S2
2026-07-15 13:45:56,1,DISTURBANCE - DV CRITICAL,DV - DOMESTIC VIOL/ASLT (ARREST MANDATORY),Q2
2026-07-15 13:45:56,1,DISTURBANCE - DV CRITICAL,DV - DOMESTIC VIOL/ASLT (ARREST MANDATORY),Q2
2026-07-15 13:45:56,1,DISTURBANCE - DV CRITICAL,DV - DOMESTIC VIOL/ASLT (ARREST MANDATORY),Q2
2026-07-15 13:45:56,1,DISTURBANCE - DV CRITICAL,DV - DOMESTIC VIOL/ASLT (ARREST MANDATORY),Q2
2026-07-15 13:45:56,1,DISTURBANCE - DV CRITICAL,DV - DOMESTIC VIOL/ASLT (ARREST MANDATORY),Q2
2026-07-15 13:32:33,3,NUISANCE,DISTURBANCE - OTHER,K3
2026-07-15 13:16:53,1,ASLT - CRITICAL (NO SHOOTINGS),DISTURBANCE - FIGHT,N3
2026-07-15 13:16:53,1,ASLT - CRITICAL (NO SHOOTINGS),DISTURBANCE - FIGHT,N3
2026-07-15 13:10:02,2,SERVICE - WELFARE CHECK,DISTURBANCE - OTHER,S3
2026-07-15 13:06:46,1,UNKNOWN - ANI/ALI - WRLS PHNS (INCL OPEN LINE),DISTURBANCE - OTHER,U1
2026-07-15 13:06:46,1,UNKNOWN - ANI/ALI - WRLS PHNS (INCL OPEN LINE),DISTURBANCE - OTHER,U1
2026-07-15 13:06:46,1,UNKNOWN - ANI/ALI - WRLS PHNS (INCL OPEN LINE),DISTURBANCE - OTHER,U1
2026-07-15 12:48:13,5,TRU - DISTURBANCE,DISTURBANCE - OTHER,O2
2026-07-15 12:45:08,2,DISTURBANCE,DISTURBANCE - OTHER,E1
2026-07-15 12:44:00,2,TRESPASS,DISTURBANCE - OTHER,R2
2026-07-15 12:43:16,2,DISTURBANCE,PROWLER - TRESPASS,N2
2026-07-15 12:43:16,2,DISTURBANCE,PROWLER - TRESPASS,N2
2026-07-15 12:31:25,2,TRESPASS,DISTURBANCE - OTHER,B1
2026-07-15 12:31:25,2,TRESPASS,DISTURBANCE - OTHER,B1
2026-07-15 12:17:34,1,DISTURBANCE - DV CRITICAL,DV - DOMESTIC VIOL/ASLT (ARREST MANDATORY),K3
2026-07-15 12:17:34,1,DISTURBANCE - DV CRITICAL,DV - DOMESTIC VIOL/ASLT (ARREST MANDATORY),K3
2026-07-15 12:17:34,1,DISTURBANCE - DV CRITICAL,DV - DOMESTIC VIOL/ASLT (ARREST MANDATORY),K3
2026-07-15 12:00:15,2,DISTURBANCE,SUSPICIOUS CIRCUM. - SUSPICIOUS PERSON,U1
2026-07-15 11:57:29,2,DISTURBANCE,ASSIST PUBLIC - OTHER (NON-SPECIFIED),S3
2026-07-15 11:44:24,3,DISTURBANCE,DISTURBANCE - OTHER,B3
2026-07-15 11:38:28,4,NOISE - GENERAL,DISTURBANCE - NOISE,G2
2026-07-15 11:32:23,2,ASLT - WITH OR W/O WPNS (NO SHOOTINGS),DISTURBANCE - OTHER,N2
2026-07-15 11:32:23,2,ASLT - WITH OR W/O WPNS (NO SHOOTINGS),DISTURBANCE - OTHER,N2
2026-07-15 11:09:51,2,DISTURBANCE,SUSPICIOUS CIRCUM. - SUSPICIOUS PERSON,U2
2026-07-15 11:04:39,2,DISTURBANCE,DISTURBANCE - OTHER,D2
2026-07-15 10:56:42,2,DISTURBANCE - DV - NO ASLT,CRISIS COMPLAINT - GENERAL,N2
2026-07-15 10:56:42,2,DISTURBANCE - DV - NO ASLT,CRISIS COMPLAINT - GENERAL,N2
2026-07-15 10:56:42,2,DISTURBANCE - DV - NO ASLT,CRISIS COMPLAINT - GENERAL,N2
2026-07-15 10:56:42,2,DISTURBANCE - DV - NO ASLT,CRISIS COMPLAINT - GENERAL,N2
2026-07-15 10:36:48,2,DISTURBANCE,SUSPICIOUS CIRCUM. - SUSPICIOUS PERSON,U2
2026-07-15 10:36:48,2,DISTURBANCE,SUSPICIOUS CIRCUM. - SUSPICIOUS PERSON,U2
2026-07-15 10:31:22,2,"ANIMAL - INJURED, DEAD HAZARD, OTHER",DISTURBANCE - OTHER,Q1
2026-07-15 10:31:22,2,"ANIMAL - INJURED, DEAD HAZARD, OTHER",DISTURBANCE - OTHER,Q1
2026-07-15 10:21:05,1,UNKNOWN - ANI/ALI - WRLS PHNS (INCL OPEN LINE),DISTURBANCE - OTHER,U1
2026-07-15 10:19:46,3,TRAFFIC - ROAD RAGE,DISTURBANCE - OTHER,U3
2026-07-15 09:53:31,2,DISTURBANCE - DV - NO ASLT,THEFT - ALL OTHER,N1
2026-07-15 09:53:31,2,DISTURBANCE - DV - NO ASLT,THEFT - ALL OTHER,N1
2026-07-15 09:46:14,2,DISTURBANCE - DV - NO ASLT,DISTURBANCE - OTHER,J3
2026-07-15 09:46:14,2,DISTURBANCE - DV - NO ASLT,DISTURBANCE - OTHER,J3
2026-07-15 09:46:14,2,DISTURBANCE - DV - NO ASLT,DISTURBANCE - OTHER,J3
2026-07-15 09:45:57,2,THREATS (INCLS IN-PERSON/BY PHONE/IN WRITING),DISTURBANCE - OTHER,K2
2026-07-15 09:45:57,2,THREATS (INCLS IN-PERSON/BY PHONE/IN WRITING),DISTURBANCE - OTHER,K2
2026-07-15 09:37:14,3,DISTURBANCE,DISTURBANCE - OTHER,K2
2026-07-15 09:27:27,1,THREATS (INCLS IN-PERSON/BY PHONE/IN WRITING),DISTURBANCE - OTHER,E1
2026-07-15 08:45:04,3,NUISANCE,DISTURBANCE - OTHER,J3
2026-07-15 07:58:44,1,SHOTS HEARD - IN PROGRESS,"DV - ARGUMENTS, DISTURBANCE (NO ARREST)",L2
2026-07-15 07:58:44,1,SHOTS HEARD - IN PROGRESS,"DV - ARGUMENTS, DISTURBANCE (NO ARREST)",L2
2026-07-15 07:42:02,2,ASLT - DV,"DV - ARGUMENTS, DISTURBANCE (NO ARREST)",N1
2026-07-15 07:42:02,2,ASLT - DV,"DV - ARGUMENTS, DISTURBANCE (NO ARREST)",N1
2026-07-15 07:36:41,2,DISTURBANCE - DV - NO ASLT,PROPERTY DEST (DAMG),U2
2026-07-15 07:36:41,2,DISTURBANCE - DV - NO ASLT,PROPERTY DEST (DAMG),U2
2026-07-15 07:36:41,2,DISTURBANCE - DV - NO ASLT,PROPERTY DEST (DAMG),U2
2026-07-15 06:40:01,3,THREATS (INCLS IN-PERSON/BY PHONE/IN WRITING),DISTURBANCE - OTHER,E3
2026-07-15 06:09:56,3,NUISANCE,DISTURBANCE - OTHER,E1
2026-07-15 05:13:32,2,DISTURBANCE - DV - NO ASLT,CRISIS COMPLAINT - PICK-UP OR TRANSPORT,E2
2026-07-15 05:13:18,2,ASSIST PUBLIC - NO WELFARE CHK OR DV ORDER SERVICE,DISTURBANCE - OTHER,U2
2026-07-15 05:11:27,2,ASLT - WITH OR W/O WPNS (NO SHOOTINGS),DISTURBANCE - OTHER,K2
2026-07-15 05:08:46,2,ASLT - WITH OR W/O WPNS (NO SHOOTINGS),DISTURBANCE - OTHER,E2
2026-07-15 04:02:23,3,DISTURBANCE,DISTURBANCE - OTHER,R3
2026-07-15 04:02:05,2,DISTURBANCE - DV - NO ASLT,"DV - ARGUMENTS, DISTURBANCE (NO ARREST)",N1
2026-07-15 04:02:05,2,DISTURBANCE - DV - NO ASLT,"DV - ARGUMENTS, DISTURBANCE (NO ARREST)",N1
2026-07-15 04:02:05,2,DISTURBANCE - DV - NO ASLT,"DV - ARGUMENTS, DISTURBANCE (NO ARREST)",N1
2026-07-15 03:36:30,2,ASLT - WITH OR W/O WPNS (NO SHOOTINGS),DISTURBANCE - OTHER,Q1
2026-07-15 03:36:30,2,ASLT - WITH OR W/O WPNS (NO SHOOTINGS),DISTURBANCE - OTHER,Q1
2026-07-15 03:32:49,3,HARAS - NO BIAS OR THREATS,DISTURBANCE - NOISE,K2
2026-07-15 03:11:28,3,DISTURBANCE,DISTURBANCE - OTHER,K1
2026-07-15 03:11:28,3,DISTURBANCE,DISTURBANCE - OTHER,K1
2026-07-15 03:11:28,3,DISTURBANCE,DISTURBANCE - OTHER,K1
2026-07-15 03:11:28,3,DISTURBANCE,DISTURBANCE - OTHER,K1
2026-07-15 02:57:48,2,SERVICE - WELFARE CHECK,DISTURBANCE - OTHER,Q1
2026-07-15 02:57:48,2,SERVICE - WELFARE CHECK,DISTURBANCE - OTHER,Q1
2026-07-15 02:57:48,2,SERVICE - WELFARE CHECK,DISTURBANCE - OTHER,Q1
2026-07-15 02:57:48,2,SERVICE - WELFARE CHECK,DISTURBANCE - OTHER,Q1
2026-07-15 02:48:58,1,SHOTS HEARD - IN PROGRESS,DISTURBANCE - NOISE,N2
2026-07-15 02:48:58,1,SHOTS HEARD - IN PROGRESS,DISTURBANCE - NOISE,N2
2026-07-15 02:48:58,1,SHOTS HEARD - IN PROGRESS,DISTURBANCE - NOISE,N2
2026-07-15 02:46:49,4,FIREWORKS (NO HAZARD),DISTURBANCE - NOISE,D1
2026-07-15 02:24:20,1,DISTURBANCE - DV CRITICAL,DISTURBANCE - DV - NO ASLT,F3
2026-07-15 02:24:20,1,DISTURBANCE - DV CRITICAL,DISTURBANCE - DV - NO ASLT,F3
2026-07-15 02:24:20,1,DISTURBANCE - DV CRITICAL,DISTURBANCE - DV - NO ASLT,F3
2026-07-15 02:23:35,4,NOISE - GENERAL,DISTURBANCE - NOISE,O1
2026-07-15 02:07:27,1,UNKNOWN - COMPLAINT OF UNKNOWN NATURE,DISTURBANCE - OTHER,E1
2026-07-15 02:07:27,1,UNKNOWN - COMPLAINT OF UNKNOWN NATURE,DISTURBANCE - OTHER,E1
2026-07-15 02:02:30,3,"ANIMAL - INJURED, DEAD HAZARD, OTHER","ANIMAL COMPLAINT - NOISE,STRAY,BITE",S1
2026-07-15 02:00:27,2,DISTURBANCE,DISTURBANCE - OTHER,G2
2026-07-15 02:00:27,2,DISTURBANCE,DISTURBANCE - OTHER,G2
2026-07-15 01:27:40,4,FIREWORKS (NO HAZARD),DISTURBANCE - NOISE,L3
2026-07-15 01:10:01,2,DISTURBANCE,ASSIST PUBLIC - OTHER (NON-SPECIFIED),G3
2026-07-15 01:10:01,2,DISTURBANCE,ASSIST PUBLIC - OTHER (NON-SPECIFIED),G3
2026-07-15 01:10:01,2,DISTURBANCE,ASSIST PUBLIC - OTHER (NON-SPECIFIED),G3
2026-07-15 01:10:01,2,DISTURBANCE,ASSIST PUBLIC - OTHER (NON-SPECIFIED),G3
2026-07-15 01:09:19,3,"SUSPICIOUS PERSON, VEHICLE, OR INCIDENT",DISTURBANCE - OTHER,L3
2026-07-15 00:58:51,4,NOISE - GENERAL,DISTURBANCE - NOISE RESIDENTIAL,F2
2026-07-15 00:58:10,3,DISTURBANCE,DISTURBANCE - OTHER,R1
2026-07-15 00:55:13,1,UNKNOWN - ANI/ALI - LANDLINE (INCLUDES OPEN LINE),DISTURBANCE - OTHER,N1
2026-07-15 00:55:13,1,UNKNOWN - ANI/ALI - LANDLINE (INCLUDES OPEN LINE),DISTURBANCE - OTHER,N1
2026-07-15 00:55:13,1,UNKNOWN - ANI/ALI - LANDLINE (INCLUDES OPEN LINE),DISTURBANCE - OTHER,N1
2026-07-15 00:55:13,1,UNKNOWN - ANI/ALI - LANDLINE (INCLUDES OPEN LINE),DISTURBANCE - OTHER,N1
2026-07-15 00:44:21,2,DISTURBANCE,ASSIST PUBLIC - OTHER (NON-SPECIFIED),W2
2026-07-15 00:44:21,2,DISTURBANCE,ASSIST PUBLIC - OTHER (NON-SPECIFIED),W2
2026-07-15 00:44:21,2,DISTURBANCE,ASSIST PUBLIC - OTHER (NON-SPECIFIED),W2
2026-07-15 00:44:21,2,DISTURBANCE,ASSIST PUBLIC - OTHER (NON-SPECIFIED),W2
2026-07-15 00:43:28,4,NOISE - GENERAL,DISTURBANCE - NOISE,J1
2026-07-15 00:39:39,3,SERVICE - WELFARE CHECK,DISTURBANCE - OTHER,D3
2026-07-15 00:39:39,3,SERVICE - WELFARE CHECK,DISTURBANCE - OTHER,D3
2026-07-15 00:38:33,1,SHOTS HEARD - IN PROGRESS,DISTURBANCE - NOISE,N3
2026-07-15 00:38:33,1,SHOTS HEARD - IN PROGRESS,DISTURBANCE - NOISE,N3
2026-07-15 00:38:33,1,SHOTS HEARD - IN PROGRESS,DISTURBANCE - NOISE,N3
2026-07-15 00:38:33,1,SHOTS HEARD - IN PROGRESS,DISTURBANCE - NOISE,N3
2026-07-15 00:31:19,4,FIREWORKS (NO HAZARD),DISTURBANCE - OTHER,U2
2026-07-15 00:21:11,2,DISTURBANCE - DV - NO ASLT,"DV - ARGUMENTS, DISTURBANCE (NO ARREST)",Q3
2026-07-15 00:21:11,2,DISTURBANCE - DV - NO ASLT,"DV - ARGUMENTS, DISTURBANCE (NO ARREST)",Q3
2026-07-15 00:15:46,1,SHOTS HEARD - IN PROGRESS,DISTURBANCE - NOISE,N3
2026-07-15 00:15:46,1,SHOTS HEARD - IN PROGRESS,DISTURBANCE - NOISE,N3
2026-07-15 00:15:46,1,SHOTS HEARD - IN PROGRESS,DISTURBANCE - NOISE,N3
2026-07-15 00:15:46,1,SHOTS HEARD - IN PROGRESS,DISTURBANCE - NOISE,N3
2026-07-15 00:09:55,2,DISTURBANCE,SUSPICIOUS CIRCUM. - SUSPICIOUS PERSON,N3
2026-07-15 00:09:55,2,DISTURBANCE,SUSPICIOUS CIRCUM. - SUSPICIOUS PERSON,N3
2026-07-15 00:09:55,2,DISTURBANCE,SUSPICIOUS CIRCUM. - SUSPICIOUS PERSON,N3
2026-07-15 00:05:51,1,SHOTS HEARD - IN PROGRESS,DISTURBANCE - NOISE,C1
2026-07-15 00:05:51,1,SHOTS HEARD - IN PROGRESS,DISTURBANCE - NOISE,C1
2026-07-15 00:05:51,1,SHOTS HEARD - IN PROGRESS,DISTURBANCE - NOISE,C1
2026-07-14 23:55:58,4,NOISE - GENERAL,DISTURBANCE - NOISE,D1
2026-07-14 23:51:16,2,DISTURBANCE,DISTURBANCE - OTHER,J1
2026-07-14 23:51:16,2,DISTURBANCE,DISTURBANCE - OTHER,J1
2026-07-14 23:51:15,2,SERVICE - WELFARE CHECK,"DV - ARGUMENTS, DISTURBANCE (NO ARREST)",W3
2026-07-14 23:46:17,1,UNKNOWN - COMPLAINT OF UNKNOWN NATURE,DISTURBANCE - OTHER,U1
2026-07-14 23:46:17,1,UNKNOWN - COMPLAINT OF UNKNOWN NATURE,DISTURBANCE - OTHER,U1
2026-07-14 23:46:17,1,UNKNOWN - COMPLAINT OF UNKNOWN NATURE,DISTURBANCE - OTHER,U1
2026-07-14 23:45:26,2,"ANIMAL - INJURED, DEAD HAZARD, OTHER","ANIMAL COMPLAINT - NOISE,STRAY,BITE",S3
2026-07-14 23:39:44,3,LIQUOR VIOLATIONS - ADULT,DISTURBANCE - OTHER,L1
2026-07-14 23:39:41,1,SHOTS HEARD - IN PROGRESS,DISTURBANCE - NOISE,C3
2026-07-14 23:39:41,1,SHOTS HEARD - IN PROGRESS,DISTURBANCE - NOISE,C3
2026-07-14 23:39:41,1,SHOTS HEARD - IN PROGRESS,DISTURBANCE - NOISE,C3
2026-07-14 23:37:21,4,FIREWORKS (NO HAZARD),DISTURBANCE - NOISE,J1
2026-07-14 23:36:02,4,NOISE - GENERAL,DISTURBANCE - NOISE RESIDENTIAL,F1
2026-07-14 23:22:57,2,DISTURBANCE,DISTURBANCE - NOISE,F1
2026-07-14 23:20:37,4,FIREWORKS (NO HAZARD),DISTURBANCE - NOISE,C2
2026-07-14 23:19:42,4,NOISE - GENERAL,DISTURBANCE - NOISE,U1
2026-07-14 23:18:54,1,SHOTS HEARD - IN PROGRESS,DISTURBANCE - NOISE,D3
2026-07-14 23:15:03,2,DISTURBANCE,DISTURBANCE - OTHER,D3
2026-07-14 23:15:03,2,DISTURBANCE,DISTURBANCE - OTHER,D3
2026-07-14 23:15:03,2,DISTURBANCE,DISTURBANCE - OTHER,D3
2026-07-14 23:08:43,2,DISTURBANCE,SUSPICIOUS CIRCUM. - SUSPICIOUS PERSON,E3
2026-07-14 23:08:43,2,DISTURBANCE,SUSPICIOUS CIRCUM. - SUSPICIOUS PERSON,E3
2026-07-14 23:07:11,4,FIREWORKS (NO HAZARD),DISTURBANCE - NOISE,D3
2026-07-14 22:50:24,2,DISTURBANCE,SUSPICIOUS CIRCUM. - SUSPICIOUS PERSON,M3
2026-07-14 22:42:01,4,NOISE - GENERAL,DISTURBANCE - NOISE,K3
2026-07-14 22:33:35,1,ASLT - PERSON SHOT OR SHOT AT,"DV - ARGUMENTS, DISTURBANCE (NO ARREST)",S3
2026-07-14 22:33:35,1,ASLT - PERSON SHOT OR SHOT AT,"DV - ARGUMENTS, DISTURBANCE (NO ARREST)",S3
2026-07-14 22:33:35,1,ASLT - PERSON SHOT OR SHOT AT,"DV - ARGUMENTS, DISTURBANCE (NO ARREST)",S3
2026-07-14 22:33:35,1,ASLT - PERSON SHOT OR SHOT AT,"DV - ARGUMENTS, DISTURBANCE (NO ARREST)",S3
2026-07-14 22:33:35,1,ASLT - PERSON SHOT OR SHOT AT,"DV - ARGUMENTS, DISTURBANCE (NO ARREST)",S3
2026-07-14 22:33:35,1,ASLT - PERSON SHOT OR SHOT AT,"DV - ARGUMENTS, DISTURBANCE (NO ARREST)",S3
2026-07-14 22:26:50,2,DISTURBANCE,DISTURBANCE - OTHER,L2
2026-07-14 22:19:15,2,DISTURBANCE - DV - NO ASLT,"DV - ARGUMENTS, DISTURBANCE (NO ARREST)",S1
2026-07-14 22:06:46,4,NOISE - GENERAL,DISTURBANCE - NOISE,M1
2026-07-14 22:03:36,4,NOISE - GENERAL,DISTURBANCE - NOISE,R3
2026-07-14 22:02:17,2,DISTURBANCE - DV - NO ASLT,"DV - ARGUMENTS, DISTURBANCE (NO ARREST)",W2
2026-07-14 22:02:17,2,DISTURBANCE - DV - NO ASLT,"DV - ARGUMENTS, DISTURBANCE (NO ARREST)",W2
2026-07-14 21:55:42,2,DISTURBANCE,DISTURBANCE - OTHER,R2
2026-07-14 21:45:01,4,NOISE - GENERAL,DISTURBANCE - NOISE,E1
2026-07-14 21:45:01,4,NOISE - GENERAL,DISTURBANCE - NOISE,E1
2026-07-14 21:40:40,2,"ANIMAL - INJURED, DEAD HAZARD, OTHER","ANIMAL COMPLAINT - NOISE,STRAY,BITE",K3
2026-07-14 21:40:02,3,DISTURBANCE,DISTURBANCE - OTHER,U2
2026-07-14 21:36:28,2,PROPERTY - DAMAGE,DISTURBANCE - OTHER,U2
2026-07-14 21:27:35,2,DISTURBANCE,DISTURBANCE - OTHER,K1
2026-07-14 21:22:49,2,DISTURBANCE,DISTURBANCE - OTHER,B1
2026-07-14 21:22:49,2,DISTURBANCE,DISTURBANCE - OTHER,B1
2026-07-14 21:21:55,2,DISTURBANCE,SUSPICIOUS CIRCUM. - SUSPICIOUS PERSON,K2
2026-07-14 21:20:47,2,DISTURBANCE,DISTURBANCE - OTHER,D2
2026-07-14 21:17:54,2,DISTURBANCE,DISTURBANCE - OTHER,F2
2026-07-14 21:10:31,2,DISTURBANCE - DV - NO ASLT,DISTURBANCE - OTHER,D1
2026-07-14 21:10:31,2,DISTURBANCE - DV - NO ASLT,DISTURBANCE - OTHER,D1
2026-07-14 21:08:02,2,HAZ - POTENTIAL THRT TO PHYS SAFETY,DISTURBANCE - OTHER,W2
2026-07-14 21:07:29,2,DISTURBANCE,PROWLER - TRESPASS,G3
2026-07-14 21:07:29,2,DISTURBANCE,PROWLER - TRESPASS,G3
2026-07-14 20:56:45,2,DISTURBANCE,DISTURBANCE - OTHER,C2
2026-07-14 20:56:45,2,DISTURBANCE,DISTURBANCE - OTHER,C2
2026-07-14 20:56:40,2,THREATS (INCLS IN-PERSON/BY PHONE/IN WRITING),DISTURBANCE - OTHER,U1
2026-07-14 20:56:40,2,THREATS (INCLS IN-PERSON/BY PHONE/IN WRITING),DISTURBANCE - OTHER,U1
2026-07-14 20:56:40,2,THREATS (INCLS IN-PERSON/BY PHONE/IN WRITING),DISTURBANCE - OTHER,U1
2026-07-14 20:56:40,2,THREATS (INCLS IN-PERSON/BY PHONE/IN WRITING),DISTURBANCE - OTHER,U1
2026-07-14 20:56:40,2,THREATS (INCLS IN-PERSON/BY PHONE/IN WRITING),DISTURBANCE - OTHER,U1
2026-07-14 20:56:40,2,THREATS (INCLS IN-PERSON/BY PHONE/IN WRITING),DISTURBANCE - OTHER,U1
2026-07-14 20:56:40,2,THREATS (INCLS IN-PERSON/BY PHONE/IN WRITING),DISTURBANCE - OTHER,U1
2026-07-14 20:43:33,3,DISTURBANCE,DISTURBANCE - OTHER,U1
2026-07-14 20:43:33,3,DISTURBANCE,DISTURBANCE - OTHER,U1
2026-07-14 20:40:50,2,ASLT - DV,DISTURBANCE - OTHER,U1
2026-07-14 20:40:50,2,ASLT - DV,DISTURBANCE - OTHER,U1
2026-07-14 20:40:12,2,TRESPASS,"DV - ARGUMENTS, DISTURBANCE (NO ARREST)",Q2
2026-07-14 20:40:12,2,TRESPASS,"DV - ARGUMENTS, DISTURBANCE (NO ARREST)",Q2
2026-07-14 20:22:42,2,DISTURBANCE,DISTURBANCE - OTHER,N3
2026-07-14 20:22:42,2,DISTURBANCE,DISTURBANCE - OTHER,N3
2026-07-14 20:15:02,2,DISTURBANCE,DISTURBANCE - OTHER,B1
2026-07-14 20:15:02,2,DISTURBANCE,DISTURBANCE - OTHER,B1
2026-07-14 19:55:38,2,DISTURBANCE,DISTURBANCE - OTHER,N1
2026-07-14 19:55:38,2,DISTURBANCE,DISTURBANCE - OTHER,N1
2026-07-14 19:55:38,2,DISTURBANCE,DISTURBANCE - OTHER,N1
2026-07-14 19:55:38,2,DISTURBANCE,DISTURBANCE - OTHER,N1
2026-07-14 19:55:38,2,DISTURBANCE,DISTURBANCE - OTHER,N1
2026-07-14 19:55:38,2,DISTURBANCE,DISTURBANCE - OTHER,N1
2026-07-14 19:55:38,2,DISTURBANCE,DISTURBANCE - OTHER,N1
2026-07-14 19:55:38,2,DISTURBANCE,DISTURBANCE - OTHER,N1
2026-07-14 19:55:38,2,DISTURBANCE,DISTURBANCE - OTHER,N1
2026-07-14 19:55:38,2,DISTURBANCE,DISTURBANCE - OTHER,N1
2026-07-14 19:52:13,2,"SUSPICIOUS PERSON, VEHICLE, OR INCIDENT",DISTURBANCE - OTHER,W2
2026-07-14 19:52:13,2,"SUSPICIOUS PERSON, VEHICLE, OR INCIDENT",DISTURBANCE - OTHER,W2
2026-07-14 19:49:41,2,DISTURBANCE,DISTURBANCE - OTHER,S3
2026-07-14 19:49:41,2,DISTURBANCE,DISTURBANCE - OTHER,S3
2026-07-14 19:49:41,2,DISTURBANCE,DISTURBANCE - OTHER,S3
2026-07-14 19:48:53,2,DISTURBANCE,DISTURBANCE - OTHER,F1
2026-07-14 19:48:53,2,DISTURBANCE,DISTURBANCE - OTHER,F1
2026-07-14 19:31:38,2,DISTURBANCE,CRISIS COMPLAINT - GENERAL,D2
2026-07-14 19:31:38,2,DISTURBANCE,CRISIS COMPLAINT - GENERAL,D2
2026-07-14 19:31:38,2,DISTURBANCE,CRISIS COMPLAINT - GENERAL,D2
2026-07-14 19:25:30,1,UNKNOWN - ANI/ALI - WRLS PHNS (INCL OPEN LINE),DISTURBANCE - OTHER,D2
2026-07-14 19:25:30,1,UNKNOWN - ANI/ALI - WRLS PHNS (INCL OPEN LINE),DISTURBANCE - OTHER,D2
2026-07-14 19:23:20,2,ASLT - WITH OR W/O WPNS (NO SHOOTINGS),DISTURBANCE - OTHER,N2
2026-07-14 19:17:30,2,"SUSPICIOUS PERSON, VEHICLE, OR INCIDENT",DISTURBANCE - OTHER,K2
2026-07-14 19:16:45,2,DISTURBANCE,DISTURBANCE - OTHER,S3
2026-07-14 19:09:56,2,DISTURBANCE,DISTURBANCE - OTHER,B1
2026-07-14 19:09:56,2,DISTURBANCE,DISTURBANCE - OTHER,B1
2026-07-14 19:04:20,3,"NARCOTICS - VIOLATIONS (LOITER, USE, SELL, NARS)",DISTURBANCE - OTHER,L3
2026-07-14 19:02:05,1,DISTURBANCE - DV CRITICAL,"DV - ARGUMENTS, DISTURBANCE (NO ARREST)",L1
2026-07-14 19:02:05,1,DISTURBANCE - DV CRITICAL,"DV - ARGUMENTS, DISTURBANCE (NO ARREST)",L1
2026-07-14 18:42:44,2,ORDER - VIOLATING DV COURT ORDER,"DV - ARGUMENTS, DISTURBANCE (NO ARREST)",S1
2026-07-14 18:25:16,2,DEMONSTRATIONS,DISTURBANCE - OTHER,G1
2026-07-14 18:25:16,2,DEMONSTRATIONS,DISTURBANCE - OTHER,G1
2026-07-14 18:18:45,2,THREATS (INCLS IN-PERSON/BY PHONE/IN WRITING),DISTURBANCE - OTHER,J2
2026-07-14 18:18:33,1,UNKNOWN - ANI/ALI - LANDLINE (INCLUDES OPEN LINE),DISTURBANCE - OTHER,W2
2026-07-14 18:18:33,1,UNKNOWN - ANI/ALI - LANDLINE (INCLUDES OPEN LINE),DISTURBANCE - OTHER,W2
2026-07-14 18:16:10,2,DISTURBANCE - DV - NO ASLT,"DV - ARGUMENTS, DISTURBANCE (NO ARREST)",E3
2026-07-14 18:16:10,2,DISTURBANCE - DV - NO ASLT,"DV - ARGUMENTS, DISTURBANCE (NO ARREST)",E3
2026-07-14 18:10:08,2,DISTURBANCE,SUSPICIOUS CIRCUM. - SUSPICIOUS PERSON,B2
2026-07-14 18:02:54,2,DISTURBANCE,DISTURBANCE - OTHER,J3
2026-07-14 17:33:34,2,ASLT - WITH OR W/O WPNS (NO SHOOTINGS),DISTURBANCE - OTHER,E3
2026-07-14 17:32:13,2,"WEAPN - GUN,DEADLY WPN (NO THRTS/ASLT/DIST)",DISTURBANCE - OTHER,S3
2026-07-14 17:30:47,1,DISTURBANCE - DV CRITICAL,BURGLARY - RESIDENTIAL OCCUPIED,R3
2026-07-14 17:30:47,1,DISTURBANCE - DV CRITICAL,BURGLARY - RESIDENTIAL OCCUPIED,R3
2026-07-14 17:30:47,1,DISTURBANCE - DV CRITICAL,BURGLARY - RESIDENTIAL OCCUPIED,R3
2026-07-14 17:30:47,1,DISTURBANCE - DV CRITICAL,BURGLARY - RESIDENTIAL OCCUPIED,R3
2026-07-14 17:25:03,1,DOWN - CHECK FOR DOWN PERSON,DISTURBANCE - OTHER,Q3
2026-07-14 17:25:03,1,DOWN - CHECK FOR DOWN PERSON,DISTURBANCE - OTHER,Q3
2026-07-14 17:25:03,1,DOWN - CHECK FOR DOWN PERSON,DISTURBANCE - OTHER,Q3
2026-07-14 17:15:11,3,"SUSPICIOUS PERSON, VEHICLE, OR INCIDENT",DISTURBANCE - OTHER,L3
2026-07-14 17:15:11,3,"SUSPICIOUS PERSON, VEHICLE, OR INCIDENT",DISTURBANCE - OTHER,L3
2026-07-14 16:55:03,1,ASLT - CRITICAL (NO SHOOTINGS),DISTURBANCE - OTHER,N3
2026-07-14 16:55:03,1,ASLT - CRITICAL (NO SHOOTINGS),DISTURBANCE - OTHER,N3
2026-07-14 16:55:03,1,ASLT - CRITICAL (NO SHOOTINGS),DISTURBANCE - OTHER,N3
2026-07-14 16:36:37,2,"SUSPICIOUS PERSON, VEHICLE, OR INCIDENT",DISTURBANCE - OTHER,C2
2026-07-14 16:25:03,5,TRU - HARASSMENT,DISTURBANCE - OTHER,C2
2026-07-14 16:20:03,1,DISTURBANCE - DV CRITICAL,DV - DOMESTIC VIOL/ASLT (ARREST MANDATORY),L3
2026-07-14 16:20:03,1,DISTURBANCE - DV CRITICAL,DV - DOMESTIC VIOL/ASLT (ARREST MANDATORY),L3
2026-07-14 16:20:03,1,DISTURBANCE - DV CRITICAL,DV - DOMESTIC VIOL/ASLT (ARREST MANDATORY),L3
2026-07-14 16:20:03,1,DISTURBANCE - DV CRITICAL,DV - DOMESTIC VIOL/ASLT (ARREST MANDATORY),L3
2026-07-14 16:20:03,1,DISTURBANCE - DV CRITICAL,DV - DOMESTIC VIOL/ASLT (ARREST MANDATORY),L3
2026-07-14 16:20:03,1,DISTURBANCE - DV CRITICAL,DV - DOMESTIC VIOL/ASLT (ARREST MANDATORY),L3
2026-07-14 16:20:03,1,DISTURBANCE - DV CRITICAL,DV - DOMESTIC VIOL/ASLT (ARREST MANDATORY),L3
2026-07-14 16:20:03,1,DISTURBANCE - DV CRITICAL,DV - DOMESTIC VIOL/ASLT (ARREST MANDATORY),L3
2026-07-14 16:20:03,1,DISTURBANCE - DV CRITICAL,DV - DOMESTIC VIOL/ASLT (ARREST MANDATORY),L3
2026-07-14 16:20:03,1,DISTURBANCE - DV CRITICAL,DV - DOMESTIC VIOL/ASLT (ARREST MANDATORY),L3
2026-07-14 16:20:03,1,DISTURBANCE - DV CRITICAL,DV - DOMESTIC VIOL/ASLT (ARREST MANDATORY),L3
2026-07-14 16:20:03,1,DISTURBANCE - DV CRITICAL,DV - DOMESTIC VIOL/ASLT (ARREST MANDATORY),L3
2026-07-14 16:20:03,1,DISTURBANCE - DV CRITICAL,DV - DOMESTIC VIOL/ASLT (ARREST MANDATORY),L3
2026-07-14 16:20:03,1,DISTURBANCE - DV CRITICAL,DV - DOMESTIC VIOL/ASLT (ARREST MANDATORY),L3
2026-07-14 16:20:03,1,DISTURBANCE - DV CRITICAL,DV - DOMESTIC VIOL/ASLT (ARREST MANDATORY),L3
2026-07-14 16:20:03,1,DISTURBANCE - DV CRITICAL,DV - DOMESTIC VIOL/ASLT (ARREST MANDATORY),L3
2026-07-14 16:20:03,1,DISTURBANCE - DV CRITICAL,DV - DOMESTIC VIOL/ASLT (ARREST MANDATORY),L3
2026-07-14 16:20:03,1,DISTURBANCE - DV CRITICAL,DV - DOMESTIC VIOL/ASLT (ARREST MANDATORY),L3
2026-07-14 15:48:46,2,EXPLOSION,DISTURBANCE - NOISE,E1
2026-07-14 15:38:42,5,TRU - HARASSMENT,DISTURBANCE - OTHER,N3
2026-07-14 15:30:25,4,NOISE - GENERAL,DISTURBANCE - NOISE,J3
2026-07-14 15:16:52,2,BURG - RESD (INCL UNOCC STRUCTURES ON PROP),DISTURBANCE - OTHER,K2
2026-07-14 15:16:52,2,BURG - RESD (INCL UNOCC STRUCTURES ON PROP),DISTURBANCE - OTHER,K2
2026-07-14 15:08:47,2,DISTURBANCE,DISTURBANCE - OTHER,F1
2026-07-14 15:00:10,5,TRU - SUSPICIOUS CIRCUMSTANCES,DISTURBANCE - OTHER,B3
2026-07-14 14:59:30,3,DISTURBANCE,DISTURBANCE - OTHER,F1
2026-07-14 14:38:16,2,ORDER - VIOLATING DV COURT ORDER,"DV - ARGUMENTS, DISTURBANCE (NO ARREST)",K3
2026-07-14 14:38:16,2,ORDER - VIOLATING DV COURT ORDER,"DV - ARGUMENTS, DISTURBANCE (NO ARREST)",K3
2026-07-14 14:38:16,2,ORDER - VIOLATING DV COURT ORDER,"DV - ARGUMENTS, DISTURBANCE (NO ARREST)",K3
2026-07-14 14:30:08,2,DISTURBANCE,SUSPICIOUS CIRCUM. - SUSPICIOUS PERSON,F2
2026-07-14 14:17:13,3,DISTURBANCE - DV - NO ASLT,ASSIST PUBLIC - OTHER (NON-SPECIFIED),G2
2026-07-14 13:46:37,1,UNKNOWN - COMPLAINT OF UNKNOWN NATURE,DISTURBANCE - OTHER,B1
2026-07-14 13:46:37,1,UNKNOWN - COMPLAINT OF UNKNOWN NATURE,DISTURBANCE - OTHER,B1
2026-07-14 13:46:37,1,UNKNOWN - COMPLAINT OF UNKNOWN NATURE,DISTURBANCE - OTHER,B1
2026-07-14 13:43:34,1,DISTURBANCE - DV CRITICAL,ASSIST PUBLIC - OTHER (NON-SPECIFIED),S2
2026-07-14 13:43:34,1,DISTURBANCE - DV CRITICAL,ASSIST PUBLIC - OTHER (NON-SPECIFIED),S2
2026-07-14 13:43:34,1,DISTURBANCE - DV CRITICAL,ASSIST PUBLIC - OTHER (NON-SPECIFIED),S2
2026-07-14 13:32:33,2,BIAS,DISTURBANCE - NOISE,U2
2026-07-14 13:09:28,2,DISTURBANCE,DISTURBANCE - OTHER,D2
2026-07-14 13:08:37,2,THREATS (INCLS IN-PERSON/BY PHONE/IN WRITING),DISTURBANCE - OTHER,K2
2026-07-14 13:08:37,2,THREATS (INCLS IN-PERSON/BY PHONE/IN WRITING),DISTURBANCE - OTHER,K2
2026-07-14 13:00:06,3,DISTURBANCE,DISTURBANCE - OTHER,M1
2026-07-14 12:59:33,5,TRU - DISTURBANCE,DISTURBANCE - OTHER,M3
2026-07-14 12:45:20,2,ASLT - WITH OR W/O WPNS (NO SHOOTINGS),DISTURBANCE - OTHER,U1
2026-07-14 12:45:20,2,ASLT - WITH OR W/O WPNS (NO SHOOTINGS),DISTURBANCE - OTHER,U1
2026-07-14 12:41:42,2,DISTURBANCE,DISTURBANCE - OTHER,G1
2026-07-14 12:41:42,2,DISTURBANCE,DISTURBANCE - OTHER,G1
2026-07-14 12:39:33,2,DISTURBANCE,DISTURBANCE,U1
2026-07-14 12:30:04,1,ASLT - WITH OR W/O WPNS (NO SHOOTINGS),DISTURBANCE - OTHER,E1
2026-07-14 12:18:52,3,DISTURBANCE,CRISIS COMPLAINT - GENERAL,Q3
2026-07-14 11:19:21,1,DISTURBANCE,"DV - ARGUMENTS, DISTURBANCE (NO ARREST)",W1
2026-07-14 11:19:21,1,DISTURBANCE,"DV - ARGUMENTS, DISTURBANCE (NO ARREST)",W1
2026-07-14 11:19:21,1,DISTURBANCE,"DV - ARGUMENTS, DISTURBANCE (NO ARREST)",W1
2026-07-14 11:19:21,1,DISTURBANCE,"DV - ARGUMENTS, DISTURBANCE (NO ARREST)",W1
2026-07-14 11:16:22,3,DISTURBANCE,SUSPICIOUS CIRCUM. - SUSPICIOUS PERSON,R1
2026-07-14 11:16:22,3,DISTURBANCE,SUSPICIOUS CIRCUM. - SUSPICIOUS PERSON,R1
2026-07-14 11:16:02,4,NOISE - GENERAL,DISTURBANCE - NOISE,G2
2026-07-14 11:03:54,1,DISTURBANCE,"DV - ARGUMENTS, DISTURBANCE (NO ARREST)",F1
2026-07-14 11:03:54,1,DISTURBANCE,"DV - ARGUMENTS, DISTURBANCE (NO ARREST)",F1
2026-07-14 11:03:54,1,DISTURBANCE,"DV - ARGUMENTS, DISTURBANCE (NO ARREST)",F1
2026-07-14 11:03:54,1,DISTURBANCE,"DV - ARGUMENTS, DISTURBANCE (NO ARREST)",F1
2026-07-14 11:03:54,1,DISTURBANCE,"DV - ARGUMENTS, DISTURBANCE (NO ARREST)",F1
2026-07-14 11:03:45,2,DISTURBANCE,DISTURBANCE - OTHER,Q2
2026-07-14 10:57:34,2,DISTURBANCE - DV - NO ASLT,PROWLER - TRESPASS,R1
2026-07-14 10:53:47,2,ASLT - DV,"DV - ARGUMENTS, DISTURBANCE (NO ARREST)",D2
2026-07-14 10:53:17,2,DISTURBANCE,DISTURBANCE - OTHER,B2
2026-07-14 10:53:17,2,DISTURBANCE,DISTURBANCE - OTHER,B2
2026-07-14 10:45:41,2,DISTURBANCE,SUSPICIOUS CIRCUM. - SUSPICIOUS PERSON,R2
2026-07-14 10:26:38,2,DISTURBANCE - DV - NO ASLT,DV - DOMESTIC VIOLENCE (ARREST DISCRETIONARY),E2
2026-07-14 10:09:08,2,DISTURBANCE,DISTURBANCE - OTHER,R3
2026-07-14 10:09:08,2,DISTURBANCE,DISTURBANCE - OTHER,R3
2026-07-14 10:02:27,5,TRU - DISTURBANCE,DISTURBANCE - OTHER,C3
2026-07-14 09:56:17,2,TRESPASS,DISTURBANCE - OTHER,D2
2026-07-14 09:56:17,2,TRESPASS,DISTURBANCE - OTHER,D2
2026-07-14 09:52:59,2,DISTURBANCE,DISTURBANCE - OTHER,F2
2026-07-14 09:52:59,2,DISTURBANCE,DISTURBANCE - OTHER,F2
2026-07-14 09:52:59,2,DISTURBANCE,DISTURBANCE - OTHER,F2
2026-07-14 09:52:59,2,DISTURBANCE,DISTURBANCE - OTHER,F2
2026-07-14 09:47:19,2,DISTURBANCE - DV - NO ASLT,DISTURBANCE - OTHER,L1
2026-07-14 09:47:19,2,DISTURBANCE - DV - NO ASLT,DISTURBANCE - OTHER,L1
2026-07-14 09:47:19,2,DISTURBANCE - DV - NO ASLT,DISTURBANCE - OTHER,L1
2026-07-14 09:45:49,3,DISTURBANCE - DV - NO ASLT,DISTURBANCE - OTHER,E2
2026-07-14 09:43:47,3,DISTURBANCE,DISTURBANCE - OTHER,W1
2026-07-14 09:43:47,3,DISTURBANCE,DISTURBANCE - OTHER,W1
2026-07-14 09:43:47,3,DISTURBANCE,DISTURBANCE - OTHER,W1
2026-07-14 09:43:47,3,DISTURBANCE,DISTURBANCE - OTHER,W1
2026-07-14 09:42:52,2,DISTURBANCE,CRISIS COMPLAINT - GENERAL,N2
2026-07-14 09:42:52,2,DISTURBANCE,CRISIS COMPLAINT - GENERAL,N2
2026-07-14 09:42:52,2,DISTURBANCE,CRISIS COMPLAINT - GENERAL,N2
2026-07-14 09:42:52,2,DISTURBANCE,CRISIS COMPLAINT - GENERAL,N2
2026-07-14 09:42:52,2,DISTURBANCE,CRISIS COMPLAINT - GENERAL,N2
2026-07-14 09:42:52,2,DISTURBANCE,CRISIS COMPLAINT - GENERAL,N2
2026-07-14 09:32:10,3,DISTURBANCE,DISTURBANCE - OTHER,W3
2026-07-14 09:32:10,3,DISTURBANCE,DISTURBANCE - OTHER,W3
2026-07-14 09:28:11,2,DISTURBANCE,DISTURBANCE - OTHER,G2
2026-07-14 09:21:11,2,DISTURBANCE - DV - NO ASLT,DISTURBANCE - OTHER,L1
2026-07-14 09:16:55,2,"ALARM - COMM, HOLD-UP/PANIC (EXCEPT BANKS)",DISTURBANCE - OTHER,E3
2026-07-14 09:16:22,5,TRU - DISTURBANCE,DISTURBANCE - OTHER,N2
2026-07-14 08:51:55,2,DISTURBANCE,CRISIS COMPLAINT - GENERAL,R1
2026-07-14 08:51:55,2,DISTURBANCE,CRISIS COMPLAINT - GENERAL,R1
2026-07-14 08:51:55,2,DISTURBANCE,CRISIS COMPLAINT - GENERAL,R1
2026-07-14 08:51:55,2,DISTURBANCE,CRISIS COMPLAINT - GENERAL,R1
2026-07-14 08:46:23,2,DISTURBANCE,CRISIS COMPLAINT - GENERAL,E1
2026-07-14 08:46:23,2,DISTURBANCE,CRISIS COMPLAINT - GENERAL,E1
2026-07-14 08:46:23,2,DISTURBANCE,CRISIS COMPLAINT - GENERAL,E1
2026-07-14 08:21:48,1,DISTURBANCE,"ARSON, BOMBS, EXPLO - ARSON",N3
2026-07-14 08:21:48,1,DISTURBANCE,"ARSON, BOMBS, EXPLO - ARSON",N3
2026-07-14 08:21:48,1,DISTURBANCE,"ARSON, BOMBS, EXPLO - ARSON",N3
2026-07-14 08:21:48,1,DISTURBANCE,"ARSON, BOMBS, EXPLO - ARSON",N3
2026-07-14 08:21:48,1,DISTURBANCE,"ARSON, BOMBS, EXPLO - ARSON",N3
2026-07-14 08:21:48,1,DISTURBANCE,"ARSON, BOMBS, EXPLO - ARSON",N3
2026-07-14 08:21:48,1,DISTURBANCE,"ARSON, BOMBS, EXPLO - ARSON",N3
2026-07-14 08:21:48,1,DISTURBANCE,"ARSON, BOMBS, EXPLO - ARSON",N3
2026-07-14 08:08:29,2,DISTURBANCE,DISTURBANCE - OTHER,J2
2026-07-14 08:08:29,2,DISTURBANCE,DISTURBANCE - OTHER,J2
2026-07-14 08:08:29,2,DISTURBANCE,DISTURBANCE - OTHER,J2
2026-07-14 08:00:46,3,DISTURBANCE,THEFT - ALL OTHER,M3
2026-07-14 08:00:46,3,DISTURBANCE,THEFT - ALL OTHER,M3
2026-07-14 08:00:46,3,DISTURBANCE,THEFT - ALL OTHER,M3
2026-07-14 07:48:36,2,THREATS (INCLS IN-PERSON/BY PHONE/IN WRITING),DISTURBANCE - OTHER,U1
2026-07-14 07:34:12,1,UNKNOWN - COMPLAINT OF UNKNOWN NATURE,DISTURBANCE - OTHER,B1
2026-07-14 07:34:12,1,UNKNOWN - COMPLAINT OF UNKNOWN NATURE,DISTURBANCE - OTHER,B1
2026-07-14 07:34:12,1,UNKNOWN - COMPLAINT OF UNKNOWN NATURE,DISTURBANCE - OTHER,B1
2026-07-14 07:25:34,2,ASLT - WITH OR W/O WPNS (NO SHOOTINGS),DISTURBANCE - OTHER,D3
2026-07-14 07:25:34,2,ASLT - WITH OR W/O WPNS (NO SHOOTINGS),DISTURBANCE - OTHER,D3
2026-07-14 07:25:34,2,ASLT - WITH OR W/O WPNS (NO SHOOTINGS),DISTURBANCE - OTHER,D3
2026-07-14 07:00:59,2,DISTURBANCE,CRISIS COMPLAINT - GENERAL,F3
2026-07-14 07:00:59,2,DISTURBANCE,CRISIS COMPLAINT - GENERAL,F3
2026-07-14 07:00:59,2,DISTURBANCE,CRISIS COMPLAINT - GENERAL,F3
2026-07-14 07:00:59,2,DISTURBANCE,CRISIS COMPLAINT - GENERAL,F3
2026-07-14 06:44:19,3,DISTURBANCE - DV - NO ASLT,"DV - ARGUMENTS, DISTURBANCE (NO ARREST)",J2
2026-07-14 06:24:19,2,DISTURBANCE,DISTURBANCE - OTHER,F1
2026-07-14 06:24:19,2,DISTURBANCE,DISTURBANCE - OTHER,F1
2026-07-14 06:24:19,2,DISTURBANCE,DISTURBANCE - OTHER,F1
2026-07-14 05:45:39,2,THREATS (INCLS IN-PERSON/BY PHONE/IN WRITING),DISTURBANCE - OTHER,D2
2026-07-14 05:10:14,2,ASLT - DV,DISTURBANCE - OTHER,D3
2026-07-14 05:10:14,2,ASLT - DV,DISTURBANCE - OTHER,D3
2026-07-14 04:52:53,4,NOISE - GENERAL,MISCHIEF OR NUISANCE - GENERAL,U2
2026-07-14 04:52:07,2,DISTURBANCE,SUSPICIOUS CIRCUM. - SUSPICIOUS PERSON,D2
2026-07-14 04:48:46,2,ASLT - WITH OR W/O WPNS (NO SHOOTINGS),DISTURBANCE - OTHER,O1
2026-07-14 04:48:46,2,ASLT - WITH OR W/O WPNS (NO SHOOTINGS),DISTURBANCE - OTHER,O1
2026-07-14 04:48:46,2,ASLT - WITH OR W/O WPNS (NO SHOOTINGS),DISTURBANCE - OTHER,O1
2026-07-14 04:48:46,2,ASLT - WITH OR W/O WPNS (NO SHOOTINGS),DISTURBANCE - OTHER,O1
2026-07-14 04:32:15,1,UNKNOWN - COMPLAINT OF UNKNOWN NATURE,"DV - ARGUMENTS, DISTURBANCE (NO ARREST)",R1
2026-07-14 04:32:15,1,UNKNOWN - COMPLAINT OF UNKNOWN NATURE,"DV - ARGUMENTS, DISTURBANCE (NO ARREST)",R1
2026-07-14 04:32:15,1,UNKNOWN - COMPLAINT OF UNKNOWN NATURE,"DV - ARGUMENTS, DISTURBANCE (NO ARREST)",R1
2026-07-14 04:32:15,1,UNKNOWN - COMPLAINT OF UNKNOWN NATURE,"DV - ARGUMENTS, DISTURBANCE (NO ARREST)",R1
2026-07-14 04:32:15,1,UNKNOWN - COMPLAINT OF UNKNOWN NATURE,"DV - ARGUMENTS, DISTURBANCE (NO ARREST)",R1
2026-07-14 04:32:15,1,UNKNOWN - COMPLAINT OF UNKNOWN NATURE,"DV - ARGUMENTS, DISTURBANCE (NO ARREST)",R1
2026-07-14 04:32:15,1,UNKNOWN - COMPLAINT OF UNKNOWN NATURE,"DV - ARGUMENTS, DISTURBANCE (NO ARREST)",R1
2026-07-14 04:32:15,1,UNKNOWN - COMPLAINT OF UNKNOWN NATURE,"DV - ARGUMENTS, DISTURBANCE (NO ARREST)",R1
2026-07-14 04:25:55,2,"LEWD -  (EXPOSING, FLASHING)",DISTURBANCE - OTHER,E2
2026-07-14 04:15:51,2,DISTURBANCE,DISTURBANCE - OTHER,F2
2026-07-14 04:15:51,2,DISTURBANCE,DISTURBANCE - OTHER,F2
2026-07-14 03:34:56,7,SUSPICIOUS STOP - OFFICER INITIATED ONVIEW,DISTURBANCE - OTHER,M3
2026-07-14 03:27:52,3,HARAS - NO BIAS OR THREATS,DISTURBANCE - OTHER,Q3
2026-07-14 03:27:32,2,DISTURBANCE,DISTURBANCE - OTHER,K3
2026-07-14 03:07:46,1,DISTURBANCE,BURGLARY - RESIDENTIAL OCCUPIED,R1
2026-07-14 03:07:46,1,DISTURBANCE,BURGLARY - RESIDENTIAL OCCUPIED,R1
2026-07-14 03:07:46,1,DISTURBANCE,BURGLARY - RESIDENTIAL OCCUPIED,R1
2026-07-14 03:07:46,1,DISTURBANCE,BURGLARY - RESIDENTIAL OCCUPIED,R1
2026-07-14 03:07:46,1,DISTURBANCE,BURGLARY - RESIDENTIAL OCCUPIED,R1
2026-07-14 03:03:53,2,THREATS - DV - NO ASSAULT,DISTURBANCE - OTHER,K3
2026-07-14 03:03:53,2,THREATS - DV - NO ASSAULT,DISTURBANCE - OTHER,K3
2026-07-14 02:27:44,4,NOISE - GENERAL,DISTURBANCE - NOISE,F3
2026-07-14 02:19:38,1,SHOTS HEARD - IN PROGRESS,DISTURBANCE - NOISE,F2
2026-07-14 02:19:38,1,SHOTS HEARD - IN PROGRESS,DISTURBANCE - NOISE,F2
2026-07-14 02:18:39,4,NOISE - GENERAL,DISTURBANCE - NOISE,N1
2026-07-14 02:13:38,2,ASLT - WITH OR W/O WPNS (NO SHOOTINGS),DISTURBANCE - OTHER,N3
2026-07-14 01:59:22,2,DISTURBANCE - DV - NO ASLT,ASSIST PUBLIC - OTHER (NON-SPECIFIED),Q1
2026-07-14 01:59:22,2,DISTURBANCE - DV - NO ASLT,ASSIST PUBLIC - OTHER (NON-SPECIFIED),Q1
2026-07-14 01:59:02,4,NOISE - GENERAL,DISTURBANCE - NOISE,L2
2026-07-14 01:55:55,2,DISTURBANCE,DISTURBANCE - OTHER,B1
2026-07-14 01:47:30,2,DISTURBANCE,DISTURBANCE - OTHER,W2
2026-07-14 01:47:30,2,DISTURBANCE,DISTURBANCE - OTHER,W2
2026-07-14 01:47:16,1,DISTURBANCE - DV CRITICAL,"DV - ARGUMENTS, DISTURBANCE (NO ARREST)",E3
2026-07-14 01:47:16,1,DISTURBANCE - DV CRITICAL,"DV - ARGUMENTS, DISTURBANCE (NO ARREST)",E3
2026-07-14 01:47:16,1,DISTURBANCE - DV CRITICAL,"DV - ARGUMENTS, DISTURBANCE (NO ARREST)",E3
2026-07-14 01:46:57,1,ASLT - DV CRITICAL,"DV - ARGUMENTS, DISTURBANCE (NO ARREST)",J1
2026-07-14 01:46:57,1,ASLT - DV CRITICAL,"DV - ARGUMENTS, DISTURBANCE (NO ARREST)",J1
2026-07-14 01:46:57,1,ASLT - DV CRITICAL,"DV - ARGUMENTS, DISTURBANCE (NO ARREST)",J1
2026-07-14 01:46:57,1,ASLT - DV CRITICAL,"DV - ARGUMENTS, DISTURBANCE (NO ARREST)",J1
2026-07-14 01:31:56,2,DISTURBANCE,DISTURBANCE - NOISE,M1
2026-07-14 01:31:56,2,DISTURBANCE,DISTURBANCE - NOISE,M1
2026-07-14 01:31:56,2,DISTURBANCE,DISTURBANCE - NOISE,M1
2026-07-14 01:31:56,2,DISTURBANCE,DISTURBANCE - NOISE,M1
2026-07-14 01:31:56,2,DISTURBANCE,DISTURBANCE - NOISE,M1
2026-07-14 01:01:49,1,DISTURBANCE - DV CRITICAL,"DV - ARGUMENTS, DISTURBANCE (NO ARREST)",B2
2026-07-14 01:01:49,1,DISTURBANCE - DV CRITICAL,"DV - ARGUMENTS, DISTURBANCE (NO ARREST)",B2
2026-07-14 01:01:49,1,DISTURBANCE - DV CRITICAL,"DV - ARGUMENTS, DISTURBANCE (NO ARREST)",B2
2026-07-14 01:01:49,1,DISTURBANCE - DV CRITICAL,"DV - ARGUMENTS, DISTURBANCE (NO ARREST)",B2
2026-07-14 01:01:49,1,DISTURBANCE - DV CRITICAL,"DV - ARGUMENTS, DISTURBANCE (NO ARREST)",B2
2026-07-14 00:55:00,4,NOISE - GENERAL,DISTURBANCE - NOISE,R1
2026-07-14 00:49:13,1,DISTURBANCE - DV CRITICAL,CRISIS COMPLAINT - GENERAL,W3
2026-07-14 00:49:13,1,DISTURBANCE - DV CRITICAL,CRISIS COMPLAINT - GENERAL,W3
2026-07-14 00:41:44,1,ASLT - DV CRITICAL,"DV - ARGUMENTS, DISTURBANCE (NO ARREST)",N2
2026-07-14 00:41:44,1,ASLT - DV CRITICAL,"DV - ARGUMENTS, DISTURBANCE (NO ARREST)",N2
2026-07-14 00:41:44,1,ASLT - DV CRITICAL,"DV - ARGUMENTS, DISTURBANCE (NO ARREST)",N2
2026-07-14 00:41:44,1,ASLT - DV CRITICAL,"DV - ARGUMENTS, DISTURBANCE (NO ARREST)",N2
2026-07-14 00:41:44,1,ASLT - DV CRITICAL,"DV - ARGUMENTS, DISTURBANCE (NO ARREST)",N2
2026-07-14 00:40:45,1,SHOTS HEARD - IN PROGRESS,DISTURBANCE - NOISE,Q3
2026-07-14 00:40:45,1,SHOTS HEARD - IN PROGRESS,DISTURBANCE - NOISE,Q3
2026-07-14 00:35:31,2,"SUSPICIOUS PERSON, VEHICLE, OR INCIDENT",DISTURBANCE - OTHER,U1
2026-07-14 00:35:31,2,"SUSPICIOUS PERSON, VEHICLE, OR INCIDENT",DISTURBANCE - OTHER,U1
2026-07-14 00:31:02,1,SHOTS HEARD - IN PROGRESS,DISTURBANCE - OTHER,W1
2026-07-14 00:27:07,4,NOISE - GENERAL,DISTURBANCE - NOISE RESIDENTIAL,G2
2026-07-14 00:22:39,4,NOISE - GENERAL,DISTURBANCE - NOISE RESIDENTIAL,F3
2026-07-14 00:16:20,1,SHOTS HEARD - IN PROGRESS,DISTURBANCE - NOISE,R3
2026-07-14 00:16:20,1,SHOTS HEARD - IN PROGRESS,DISTURBANCE - NOISE,R3
2026-07-14 00:16:20,1,SHOTS HEARD - IN PROGRESS,DISTURBANCE - NOISE,R3
2026-07-14 00:16:20,1,SHOTS HEARD - IN PROGRESS,DISTURBANCE - NOISE,R3
2026-07-14 00:06:02,2,ASLT - WITH OR W/O WPNS (NO SHOOTINGS),DISTURBANCE - OTHER,L2
2026-07-13 23:56:23,2,DISTURBANCE - DV - NO ASLT,DISTURBANCE - OTHER,D1
2026-07-13 23:54:32,4,NOISE - GENERAL,DISTURBANCE - NOISE,F2
2026-07-13 23:54:32,4,NOISE - GENERAL,DISTURBANCE - NOISE,F2
2026-07-13 23:45:12,4,NOISE - GENERAL,DISTURBANCE - NOISE,G2
2026-07-13 23:44:06,2,DISTURBANCE - DV - NO ASLT,DISTURBANCE - OTHER,S2
2026-07-13 23:38:50,4,NOISE - GENERAL,DISTURBANCE - NOISE,K3
2026-07-13 23:33:05,4,FIREWORKS (NO HAZARD),DISTURBANCE - OTHER,W1
2026-07-13 23:29:20,4,NOISE - GENERAL,DISTURBANCE - NOISE,U1
2026-07-13 23:23:49,2,DISTURBANCE,DISTURBANCE - OTHER,W2
2026-07-13 23:21:18,4,NOISE - GENERAL,DISTURBANCE - NOISE,J1
2026-07-13 23:21:18,4,NOISE - GENERAL,DISTURBANCE - NOISE,J1
2026-07-13 23:20:31,4,FIREWORKS (NO HAZARD),DISTURBANCE - OTHER,W3
2026-07-13 23:13:08,1,DISTURBANCE,"DV - ARGUMENTS, DISTURBANCE (NO ARREST)",L1
2026-07-13 23:13:08,1,DISTURBANCE,"DV - ARGUMENTS, DISTURBANCE (NO ARREST)",L1
2026-07-13 23:13:08,1,DISTURBANCE,"DV - ARGUMENTS, DISTURBANCE (NO ARREST)",L1
2026-07-13 23:13:08,1,DISTURBANCE,"DV - ARGUMENTS, DISTURBANCE (NO ARREST)",L1
2026-07-13 23:13:08,1,DISTURBANCE,"DV - ARGUMENTS, DISTURBANCE (NO ARREST)",L1
2026-07-13 23:12:16,2,HAZ - POTENTIAL THRT TO PHYS SAFETY,DISTURBANCE - OTHER,E3
2026-07-13 22:41:18,1,SHOTS HEARD - IN PROGRESS,DISTURBANCE - NOISE,J1
2026-07-13 22:41:00,2,DISTURBANCE,DISTURBANCE - OTHER,L1
2026-07-13 22:38:35,3,NUISANCE,DISTURBANCE - OTHER,W1
2026-07-13 22:37:35,4,NOISE - GENERAL,DISTURBANCE - NOISE,L1
2026-07-13 22:34:28,4,NOISE - GENERAL,DISTURBANCE - NOISE RESIDENTIAL,F3
2026-07-13 22:32:14,4,NOISE - GENERAL,DISTURBANCE - NOISE RESIDENTIAL,B1
2026-07-13 22:30:27,1,DISTURBANCE,"DV - ARGUMENTS, DISTURBANCE (NO ARREST)",K3
2026-07-13 22:30:27,1,DISTURBANCE,"DV - ARGUMENTS, DISTURBANCE (NO ARREST)",K3
2026-07-13 22:30:00,1,DISTURBANCE - DV CRITICAL,"DV - ARGUMENTS, DISTURBANCE (NO ARREST)",L1
2026-07-13 22:30:00,1,DISTURBANCE - DV CRITICAL,"DV - ARGUMENTS, DISTURBANCE (NO ARREST)",L1
2026-07-13 22:30:00,1,DISTURBANCE - DV CRITICAL,"DV - ARGUMENTS, DISTURBANCE (NO ARREST)",L1
2026-07-13 22:27:02,2,DISTURBANCE,PROPERTY DEST (DAMG),R3
2026-07-13 22:27:02,2,DISTURBANCE,PROPERTY DEST (DAMG),R3
2026-07-13 22:27:02,2,DISTURBANCE,PROPERTY DEST (DAMG),R3
2026-07-13 22:27:02,2,DISTURBANCE,PROPERTY DEST (DAMG),R3
2026-07-13 22:27:02,2,DISTURBANCE,PROPERTY DEST (DAMG),R3
2026-07-13 22:26:46,2,DISTURBANCE,ASSIST PUBLIC - OTHER (NON-SPECIFIED),L2
2026-07-13 22:25:52,1,DISTURBANCE,DISTURBANCE - OTHER,W1
2026-07-13 22:25:52,1,DISTURBANCE,DISTURBANCE - OTHER,W1
2026-07-13 22:21:41,4,NOISE - GENERAL,DISTURBANCE - NOISE,U3
2026-07-13 22:19:38,2,FIGHT - PHYSICAL (NO WEAPONS),DISTURBANCE - OTHER,F1
2026-07-13 22:19:38,2,FIGHT - PHYSICAL (NO WEAPONS),DISTURBANCE - OTHER,F1
2026-07-13 22:17:35,2,DISTURBANCE - DV - NO ASLT,"DV - ARGUMENTS, DISTURBANCE (NO ARREST)",E3
2026-07-13 22:17:35,2,DISTURBANCE - DV - NO ASLT,"DV - ARGUMENTS, DISTURBANCE (NO ARREST)",E3
2026-07-13 22:17:35,2,DISTURBANCE - DV - NO ASLT,"DV - ARGUMENTS, DISTURBANCE (NO ARREST)",E3
2026-07-13 22:17:35,2,DISTURBANCE - DV - NO ASLT,"DV - ARGUMENTS, DISTURBANCE (NO ARREST)",E3
2026-07-13 22:17:22,4,NOISE - GENERAL,DISTURBANCE - NOISE,U1
2026-07-13 22:14:28,3,TRAFFIC - MOVING VIOLATION,DISTURBANCE - OTHER,Q1
2026-07-13 22:12:53,2,DISTURBANCE,DISTURBANCE - OTHER,K3
2026-07-13 22:10:46,4,FIREWORKS (NO HAZARD),DISTURBANCE - NOISE,E2
2026-07-13 21:59:41,3,NUISANCE,DISTURBANCE - OTHER,R1
2026-07-13 21:57:08,4,FIREWORKS (NO HAZARD),DISTURBANCE - NOISE,W2
2026-07-13 21:48:55,1,SHOTS HEARD - IN PROGRESS,DISTURBANCE - OTHER,W3
2026-07-13 21:47:40,2,DISTURBANCE - DV - NO ASLT,"DV - ARGUMENTS, DISTURBANCE (NO ARREST)",S2
2026-07-13 21:47:40,2,DISTURBANCE - DV - NO ASLT,"DV - ARGUMENTS, DISTURBANCE (NO ARREST)",S2
2026-07-13 21:47:40,2,DISTURBANCE - DV - NO ASLT,"DV - ARGUMENTS, DISTURBANCE (NO ARREST)",S2
2026-07-13 21:47:40,2,DISTURBANCE - DV - NO ASLT,"DV - ARGUMENTS, DISTURBANCE (NO ARREST)",S2
2026-07-13 21:44:34,2,DISTURBANCE - DV - NO ASLT,"DV - ARGUMENTS, DISTURBANCE (NO ARREST)",J3
2026-07-13 21:44:34,2,DISTURBANCE - DV - NO ASLT,"DV - ARGUMENTS, DISTURBANCE (NO ARREST)",J3
2026-07-13 21:44:34,2,DISTURBANCE - DV - NO ASLT,"DV - ARGUMENTS, DISTURBANCE (NO ARREST)",J3
2026-07-13 21:37:06,4,NOISE - GENERAL,DISTURBANCE - NOISE,C3
2026-07-13 21:32:13,2,HARAS - NO BIAS OR THREATS,DISTURBANCE - OTHER,D1
2026-07-13 21:28:45,7,DIRECTED PATROL ACTIVITY,DISTURBANCE - OTHER,O1
2026-07-13 21:14:11,3,DISTURBANCE,DISTURBANCE - OTHER,R2
2026-07-13 21:14:11,3,DISTURBANCE,DISTURBANCE - OTHER,R2
2026-07-13 21:14:01,1,DISTURBANCE,SUSPICIOUS CIRCUM. - SUSPICIOUS PERSON,D1
2026-07-13 21:14:01,1,DISTURBANCE,SUSPICIOUS CIRCUM. - SUSPICIOUS PERSON,D1
2026-07-13 21:14:01,1,DISTURBANCE,SUSPICIOUS CIRCUM. - SUSPICIOUS PERSON,D1
2026-07-13 21:12:42,1,UNKNOWN - ANI/ALI - LANDLINE (INCLUDES OPEN LINE),DISTURBANCE - OTHER,M1
2026-07-13 21:12:42,1,UNKNOWN - ANI/ALI - LANDLINE (INCLUDES OPEN LINE),DISTURBANCE - OTHER,M1
2026-07-13 21:05:04,3,DISTURBANCE,"SUSPICIOUS CIRCUM. - BUILDING (OPEN DOOR, ETC)",F2
2026-07-13 21:05:04,3,DISTURBANCE,"SUSPICIOUS CIRCUM. - BUILDING (OPEN DOOR, ETC)",F2
2026-07-13 20:54:53,2,HARBOR - WATER NON-EMERGENCIES,DISTURBANCE - OTHER,B3
2026-07-13 20:50:35,2,DISTURBANCE,DISTURBANCE - OTHER,L1
2026-07-13 20:45:54,2,EXPLOSION,DISTURBANCE - NOISE,S2
2026-07-13 20:45:54,2,EXPLOSION,DISTURBANCE - NOISE,S2
2026-07-13 20:38:04,2,DISTURBANCE,"SUSPICIOUS CIRCUM. - BUILDING (OPEN DOOR, ETC)",B2
2026-07-13 20:36:10,3,"SUSPICIOUS PERSON, VEHICLE, OR INCIDENT",DISTURBANCE - OTHER,G1
2026-07-13 20:25:15,3,HARAS - NO BIAS OR THREATS,DISTURBANCE - OTHER,Q2
2026-07-13 20:05:48,1,UNKNOWN - ANI/ALI - WRLS PHNS (INCL OPEN LINE),DISTURBANCE - OTHER,D3
2026-07-13 19:56:34,4,NOISE - GENERAL,DISTURBANCE - NOISE,D1
2026-07-13 19:56:08,3,FOLLOW UP,"DV - ARGUMENTS, DISTURBANCE (NO ARREST)",B3
2026-07-13 19:44:54,3,CUSTODIAL INTERFERENCE - DV,"DV - ARGUMENTS, DISTURBANCE (NO ARREST)",F2
2026-07-13 19:41:21,2,ASLT - WITH OR W/O WPNS (NO SHOOTINGS),DISTURBANCE - OTHER,D3
2026-07-13 19:34:09,1,DISTURBANCE - DV CRITICAL,"DV - ARGUMENTS, DISTURBANCE (NO ARREST)",Q3
2026-07-13 19:34:09,1,DISTURBANCE - DV CRITICAL,"DV - ARGUMENTS, DISTURBANCE (NO ARREST)",Q3
2026-07-13 19:34:09,1,DISTURBANCE - DV CRITICAL,"DV - ARGUMENTS, DISTURBANCE (NO ARREST)",Q3
2026-07-13 19:30:47,3,ASSIST PUBLIC - NO WELFARE CHK OR DV ORDER SERVICE,DISTURBANCE - OTHER,E2
2026-07-13 19:30:47,3,ASSIST PUBLIC - NO WELFARE CHK OR DV ORDER SERVICE,DISTURBANCE - OTHER,E2
2026-07-13 19:30:47,3,ASSIST PUBLIC - NO WELFARE CHK OR DV ORDER SERVICE,DISTURBANCE - OTHER,E2
2026-07-13 19:30:47,3,ASSIST PUBLIC - NO WELFARE CHK OR DV ORDER SERVICE,DISTURBANCE - OTHER,E2
2026-07-13 19:30:47,3,ASSIST PUBLIC - NO WELFARE CHK OR DV ORDER SERVICE,DISTURBANCE - OTHER,E2
2026-07-13 19:30:47,3,ASSIST PUBLIC - NO WELFARE CHK OR DV ORDER SERVICE,DISTURBANCE - OTHER,E2
2026-07-13 19:12:37,2,DISTURBANCE - DV - NO ASLT,"DV - ARGUMENTS, DISTURBANCE (NO ARREST)",F2
2026-07-13 19:12:37,2,DISTURBANCE - DV - NO ASLT,"DV - ARGUMENTS, DISTURBANCE (NO ARREST)",F2
2026-07-13 19:12:37,2,DISTURBANCE - DV - NO ASLT,"DV - ARGUMENTS, DISTURBANCE (NO ARREST)",F2
2026-07-13 18:52:39,3,DEMONSTRATIONS,DISTURBANCE - OTHER,R3
2026-07-13 18:52:39,3,DEMONSTRATIONS,DISTURBANCE - OTHER,R3
2026-07-13 18:49:51,2,"SUSPICIOUS PERSON, VEHICLE, OR INCIDENT",DISTURBANCE - OTHER,W2
2026-07-13 18:40:12,2,DISTURBANCE,DISTURBANCE - OTHER,W2
2026-07-13 18:34:59,2,FIGHT - PHYSICAL (NO WEAPONS),DISTURBANCE - FIGHT,U2
2026-07-13 18:34:28,2,DISTURBANCE,DISTURBANCE - OTHER,Q2
2026-07-13 18:26:23,2,BIAS,DISTURBANCE - OTHER,B3
2026-07-13 18:19:35,2,DISTURBANCE,PROWLER - TRESPASS,R1
2026-07-13 18:19:35,2,DISTURBANCE,PROWLER - TRESPASS,R1
2026-07-13 18:13:51,1,BURG - OCCUPIED RESD,DISTURBANCE - OTHER,B1
2026-07-13 18:13:51,1,BURG - OCCUPIED RESD,DISTURBANCE - OTHER,B1
2026-07-13 18:08:49,4,NOISE - GENERAL,DISTURBANCE - NOISE RESIDENTIAL,C3
2026-07-13 18:00:41,2,DISTURBANCE,PROWLER - TRESPASS,R1
2026-07-13 18:00:41,2,DISTURBANCE,PROWLER - TRESPASS,R1
2026-07-13 18:00:41,2,DISTURBANCE,PROWLER - TRESPASS,R1
2026-07-13 18:00:00,2,DISTURBANCE - DV - NO ASLT,DISTURBANCE - OTHER,L3
2026-07-13 18:00:00,2,DISTURBANCE - DV - NO ASLT,DISTURBANCE - OTHER,L3
2026-07-13 17:54:50,1,DISTURBANCE - DV CRITICAL,"DV - ARGUMENTS, DISTURBANCE (NO ARREST)",F1
2026-07-13 17:54:50,1,DISTURBANCE - DV CRITICAL,"DV - ARGUMENTS, DISTURBANCE (NO ARREST)",F1
2026-07-13 17:40:36,1,FIGHT - WITH WEAPONS,DISTURBANCE - FIGHT,D1
2026-07-13 17:40:36,1,FIGHT - WITH WEAPONS,DISTURBANCE - FIGHT,D1
2026-07-13 17:40:36,1,FIGHT - WITH WEAPONS,DISTURBANCE - FIGHT,D1
2026-07-13 17:40:36,1,FIGHT - WITH WEAPONS,DISTURBANCE - FIGHT,D1
2026-07-13 17:37:32,1,DISTURBANCE,DISTURBANCE - OTHER,C1
2026-07-13 17:37:32,1,DISTURBANCE,DISTURBANCE - OTHER,C1
2026-07-13 17:05:13,4,NOISE - GENERAL,DISTURBANCE - NOISE,Q2
2026-07-13 16:59:40,2,DOWN - CHECK FOR DOWN PERSON,DISTURBANCE - OTHER,R2
2026-07-13 16:40:48,3,MISSING - ADULT,DISTURBANCE - OTHER,C1
2026-07-13 16:40:48,3,MISSING - ADULT,DISTURBANCE - OTHER,C1
2026-07-13 16:31:18,2,DISTURBANCE - DV - NO ASLT,DISTURBANCE - OTHER,L3
2026-07-13 16:31:18,2,DISTURBANCE - DV - NO ASLT,DISTURBANCE - OTHER,L3
2026-07-13 16:31:18,2,DISTURBANCE - DV - NO ASLT,DISTURBANCE - OTHER,L3
2026-07-13 16:31:18,2,DISTURBANCE - DV - NO ASLT,DISTURBANCE - OTHER,L3
2026-07-13 16:31:18,2,DISTURBANCE - DV - NO ASLT,DISTURBANCE - OTHER,L3
2026-07-13 16:31:18,2,DISTURBANCE - DV - NO ASLT,DISTURBANCE - OTHER,L3
2026-07-13 16:29:08,1,THREATS (INCLS IN-PERSON/BY PHONE/IN WRITING),DISTURBANCE - OTHER,B3
2026-07-13 16:29:08,1,THREATS (INCLS IN-PERSON/BY PHONE/IN WRITING),DISTURBANCE - OTHER,B3
2026-07-13 16:29:08,1,THREATS (INCLS IN-PERSON/BY PHONE/IN WRITING),DISTURBANCE - OTHER,B3
2026-07-13 16:27:41,2,ANIMAL BITE,"ANIMAL COMPLAINT - NOISE,STRAY,BITE",S3
2026-07-13 16:07:49,2,DISTURBANCE,DISTURBANCE - OTHER,C1
2026-07-13 16:00:46,1,"SUSPICIOUS PERSON, VEHICLE, OR INCIDENT",DISTURBANCE - OTHER,Q3
2026-07-13 16:00:46,1,"SUSPICIOUS PERSON, VEHICLE, OR INCIDENT",DISTURBANCE - OTHER,Q3
2026-07-13 16:00:46,1,"SUSPICIOUS PERSON, VEHICLE, OR INCIDENT",DISTURBANCE - OTHER,Q3
2026-07-13 16:00:46,1,"SUSPICIOUS PERSON, VEHICLE, OR INCIDENT",DISTURBANCE - OTHER,Q3
2026-07-13 15:57:56,1,DISTURBANCE - DV CRITICAL,"DV - ARGUMENTS, DISTURBANCE (NO ARREST)",E1
2026-07-13 15:57:56,1,DISTURBANCE - DV CRITICAL,"DV - ARGUMENTS, DISTURBANCE (NO ARREST)",E1
2026-07-13 15:57:56,1,DISTURBANCE - DV CRITICAL,"DV - ARGUMENTS, DISTURBANCE (NO ARREST)",E1
2026-07-13 15:57:56,1,DISTURBANCE - DV CRITICAL,"DV - ARGUMENTS, DISTURBANCE (NO ARREST)",E1
2026-07-13 15:57:56,1,DISTURBANCE - DV CRITICAL,"DV - ARGUMENTS, DISTURBANCE (NO ARREST)",E1
2026-07-13 15:57:56,1,DISTURBANCE - DV CRITICAL,"DV - ARGUMENTS, DISTURBANCE (NO ARREST)",E1
2026-07-13 15:47:21,1,THREATS (INCLS IN-PERSON/BY PHONE/IN WRITING),DISTURBANCE - OTHER,D3
2026-07-13 15:47:21,1,THREATS (INCLS IN-PERSON/BY PHONE/IN WRITING),DISTURBANCE - OTHER,D3
2026-07-13 15:47:21,1,THREATS (INCLS IN-PERSON/BY PHONE/IN WRITING),DISTURBANCE - OTHER,D3
2026-07-13 15:47:21,1,THREATS (INCLS IN-PERSON/BY PHONE/IN WRITING),DISTURBANCE - OTHER,D3
2026-07-13 15:47:21,1,THREATS (INCLS IN-PERSON/BY PHONE/IN WRITING),DISTURBANCE - OTHER,D3
2026-07-13 15:47:21,1,THREATS (INCLS IN-PERSON/BY PHONE/IN WRITING),DISTURBANCE - OTHER,D3
2026-07-13 15:47:21,1,THREATS (INCLS IN-PERSON/BY PHONE/IN WRITING),DISTURBANCE - OTHER,D3
2026-07-13 15:19:33,1,ROBBERY - CRITICAL (INCLUDES STRONG ARM),DISTURBANCE - OTHER,D1
2026-07-13 15:19:33,1,ROBBERY - CRITICAL (INCLUDES STRONG ARM),DISTURBANCE - OTHER,D1
2026-07-13 15:19:33,1,ROBBERY - CRITICAL (INCLUDES STRONG ARM),DISTURBANCE - OTHER,D1
2026-07-13 15:19:33,1,ROBBERY - CRITICAL (INCLUDES STRONG ARM),DISTURBANCE - OTHER,D1
2026-07-13 15:19:33,1,ROBBERY - CRITICAL (INCLUDES STRONG ARM),DISTURBANCE - OTHER,D1
2026-07-13 15:19:33,1,ROBBERY - CRITICAL (INCLUDES STRONG ARM),DISTURBANCE - OTHER,D1
2026-07-13 15:19:33,1,ROBBERY - CRITICAL (INCLUDES STRONG ARM),DISTURBANCE - OTHER,D1
2026-07-13 15:16:49,2,TRESPASS,DISTURBANCE - OTHER,M3
2026-07-13 15:16:49,2,TRESPASS,DISTURBANCE - OTHER,M3
2026-07-13 15:02:21,3,DISTURBANCE,DISTURBANCE - OTHER,Q1
2026-07-13 15:02:21,3,DISTURBANCE,DISTURBANCE - OTHER,Q1
2026-07-13 15:02:21,3,DISTURBANCE,DISTURBANCE - OTHER,Q1
2026-07-13 14:36:40,2,DISTURBANCE,DISTURBANCE - OTHER,O2
2026-07-13 14:36:40,2,DISTURBANCE,DISTURBANCE - OTHER,O2
2026-07-13 14:30:16,2,DISTURBANCE,DISTURBANCE - OTHER,L1
2026-07-13 14:24:47,2,DISTURBANCE - DV - NO ASLT,DISTURBANCE - OTHER,L3
2026-07-13 14:16:28,2,DISTURBANCE,CRISIS COMPLAINT - GENERAL,M1
2026-07-13 14:16:28,2,DISTURBANCE,CRISIS COMPLAINT - GENERAL,M1
2026-07-13 14:16:28,2,DISTURBANCE,CRISIS COMPLAINT - GENERAL,M1
2026-07-13 14:16:28,2,DISTURBANCE,CRISIS COMPLAINT - GENERAL,M1
2026-07-13 14:14:44,2,THREATS (INCLS IN-PERSON/BY PHONE/IN WRITING),DISTURBANCE - OTHER,G1
2026-07-13 14:13:51,2,TRESPASS,DISTURBANCE - OTHER,S2
2026-07-13 14:13:51,2,TRESPASS,DISTURBANCE - OTHER,S2
2026-07-13 14:13:51,2,TRESPASS,DISTURBANCE - OTHER,S2
2026-07-13 14:13:51,2,TRESPASS,DISTURBANCE - OTHER,S2
2026-07-13 14:02:57,3,DISTURBANCE,ASSIST OTHER AGENCY - COUNTY AGENCY,K1
2026-07-13 14:02:57,3,DISTURBANCE,ASSIST OTHER AGENCY - COUNTY AGENCY,K1
2026-07-13 13:59:46,2,DISTURBANCE - DV - NO ASLT,DV - DOMESTIC VIOLENCE (ARREST DISCRETIONARY),C2
2026-07-13 13:55:15,2,TRESPASS,DISTURBANCE - OTHER,S2
2026-07-13 13:55:15,2,TRESPASS,DISTURBANCE - OTHER,S2
2026-07-13 13:53:27,2,DISTURBANCE,DISTURBANCE,K1
2026-07-13 13:53:27,2,DISTURBANCE,DISTURBANCE,K1
2026-07-13 13:42:15,3,DISTURBANCE - DV - NO ASLT,"DV - ARGUMENTS, DISTURBANCE (NO ARREST)",E1
2026-07-13 13:36:18,2,DISTURBANCE,DISTURBANCE - OTHER,D2
2026-07-13 13:36:18,2,DISTURBANCE,DISTURBANCE - OTHER,D2
2026-07-13 12:51:35,2,TRESPASS,DISTURBANCE - OTHER,R2
2026-07-13 12:51:35,2,TRESPASS,DISTURBANCE - OTHER,R2
2026-07-13 12:51:35,2,TRESPASS,DISTURBANCE - OTHER,R2
2026-07-13 12:49:42,2,DISTURBANCE,DISTURBANCE - OTHER,J2
2026-07-13 12:49:42,2,DISTURBANCE,DISTURBANCE - OTHER,J2
2026-07-13 12:49:42,2,DISTURBANCE,DISTURBANCE - OTHER,J2
2026-07-13 12:37:54,2,DISTURBANCE,ASSIST PUBLIC - OTHER (NON-SPECIFIED),U2
2026-07-13 12:21:03,2,DISTURBANCE,HAZARDS - HAZARDS,M1
2026-07-13 12:21:03,2,DISTURBANCE,HAZARDS - HAZARDS,M1
2026-07-13 12:21:03,2,DISTURBANCE,HAZARDS - HAZARDS,M1
2026-07-13 12:21:03,2,DISTURBANCE,HAZARDS - HAZARDS,M1
2026-07-13 12:21:03,2,DISTURBANCE,HAZARDS - HAZARDS,M1
2026-07-13 12:21:03,2,DISTURBANCE,HAZARDS - HAZARDS,M1
2026-07-13 12:19:26,1,ORDER - CRITICAL VIOLATION OF DV COURT ORDER,"DV - ARGUMENTS, DISTURBANCE (NO ARREST)",E1
2026-07-13 12:19:26,1,ORDER - CRITICAL VIOLATION OF DV COURT ORDER,"DV - ARGUMENTS, DISTURBANCE (NO ARREST)",E1
2026-07-13 12:19:26,1,ORDER - CRITICAL VIOLATION OF DV COURT ORDER,"DV - ARGUMENTS, DISTURBANCE (NO ARREST)",E1
2026-07-13 12:19:26,1,ORDER - CRITICAL VIOLATION OF DV COURT ORDER,"DV - ARGUMENTS, DISTURBANCE (NO ARREST)",E1
2026-07-13 12:05:09,2,HAZ - POTENTIAL THRT TO PHYS SAFETY,DISTURBANCE - OTHER,U2
2026-07-13 12:01:26,2,DISTURBANCE,DISTURBANCE - OTHER,O1
2026-07-13 12:01:26,2,DISTURBANCE,DISTURBANCE - OTHER,O1
2026-07-13 12:01:26,2,DISTURBANCE,DISTURBANCE - OTHER,O1
2026-07-13 12:01:26,2,DISTURBANCE,DISTURBANCE - OTHER,O1
2026-07-13 11:59:40,3,PERSON IN BEHAVIORAL/EMOTIONAL CRISIS,DISTURBANCE - NOISE,K2
2026-07-13 11:31:54,7,"PREMISE CHECK, OFFICER INITIATED ONVIEW ONLY",DISTURBANCE - OTHER,L2
2026-07-13 11:15:45,2,DISTURBANCE,DISTURBANCE - OTHER,R1
2026-07-13 11:15:45,2,DISTURBANCE,DISTURBANCE - OTHER,R1
2026-07-13 11:15:45,2,DISTURBANCE,DISTURBANCE - OTHER,R1
2026-07-13 11:12:57,2,DISTURBANCE,"ASSAULTS - HARASSMENT, THREATS",K1
2026-07-13 11:12:57,2,DISTURBANCE,"ASSAULTS - HARASSMENT, THREATS",K1
2026-07-13 11:12:57,2,DISTURBANCE,"ASSAULTS - HARASSMENT, THREATS",K1
2026-07-13 11:12:57,2,DISTURBANCE,"ASSAULTS - HARASSMENT, THREATS",K1
2026-07-13 11:12:57,2,DISTURBANCE,"ASSAULTS - HARASSMENT, THREATS",K1
2026-07-13 11:12:57,2,DISTURBANCE,"ASSAULTS - HARASSMENT, THREATS",K1
2026-07-13 11:10:33,2,DISTURBANCE - DV - NO ASLT,"DV - ARGUMENTS, DISTURBANCE (NO ARREST)",S2
2026-07-13 11:10:33,2,DISTURBANCE - DV - NO ASLT,"DV - ARGUMENTS, DISTURBANCE (NO ARREST)",S2
2026-07-13 11:10:33,2,DISTURBANCE - DV - NO ASLT,"DV - ARGUMENTS, DISTURBANCE (NO ARREST)",S2
2026-07-13 10:56:18,2,ASLT - DV,DISTURBANCE - OTHER,E3
2026-07-13 10:33:56,3,FOLLOW UP,DISTURBANCE - OTHER,N3
2026-07-13 10:32:07,2,DISTURBANCE - DV - NO ASLT,DV - SERVICE OF COURT ORDER,C1
2026-07-13 10:03:47,3,DISTURBANCE,DISTURBANCE - OTHER,W1
2026-07-13 09:48:32,1,DISTURBANCE - DV CRITICAL,DV - DOMESTIC VIOL/ASLT (ARREST MANDATORY),E1
2026-07-13 09:48:32,1,DISTURBANCE - DV CRITICAL,DV - DOMESTIC VIOL/ASLT (ARREST MANDATORY),E1
2026-07-13 09:48:32,1,DISTURBANCE - DV CRITICAL,DV - DOMESTIC VIOL/ASLT (ARREST MANDATORY),E1
2026-07-13 09:44:51,2,DISTURBANCE,DISTURBANCE - OTHER,L3
2026-07-13 09:44:51,2,DISTURBANCE,DISTURBANCE - OTHER,L3
2026-07-13 09:44:51,2,DISTURBANCE,DISTURBANCE - OTHER,L3
2026-07-13 09:44:51,2,DISTURBANCE,DISTURBANCE - OTHER,L3
2026-07-13 09:38:46,2,DISTURBANCE,SUSPICIOUS CIRCUM. - SUSPICIOUS PERSON,D3
2026-07-13 09:38:46,2,DISTURBANCE,SUSPICIOUS CIRCUM. - SUSPICIOUS PERSON,D3
2026-07-13 09:33:46,3,TRAFFIC - MOVING VIOLATION,DISTURBANCE - OTHER,F3
2026-07-13 09:33:46,3,TRAFFIC - MOVING VIOLATION,DISTURBANCE - OTHER,F3
2026-07-13 09:21:44,2,DISTURBANCE,DISTURBANCE - OTHER,O3
2026-07-13 09:21:44,2,DISTURBANCE,DISTURBANCE - OTHER,O3
2026-07-13 09:21:44,2,DISTURBANCE,DISTURBANCE - OTHER,O3
2026-07-13 09:21:44,2,DISTURBANCE,DISTURBANCE - OTHER,O3
2026-07-13 09:08:02,3,ASLT - WITH OR W/O WPNS (NO SHOOTINGS),DISTURBANCE - OTHER,G1
2026-07-13 09:04:44,2,DISTURBANCE,DISTURBANCE,D2
2026-07-13 09:04:44,2,DISTURBANCE,DISTURBANCE,D2
2026-07-13 09:04:44,2,DISTURBANCE,DISTURBANCE,D2
2026-07-13 08:51:42,2,DISTURBANCE,DISTURBANCE - OTHER,K1
2026-07-13 08:51:42,2,DISTURBANCE,DISTURBANCE - OTHER,K1
2026-07-13 08:51:42,2,DISTURBANCE,DISTURBANCE - OTHER,K1
2026-07-13 08:44:32,2,DISTURBANCE,DISTURBANCE - OTHER,E1
2026-07-13 08:31:26,2,DISTURBANCE - DV - NO ASLT,WARRANT SERVICES - MISDEMEANOR,F3
2026-07-13 08:31:26,2,DISTURBANCE - DV - NO ASLT,WARRANT SERVICES - MISDEMEANOR,F3
2026-07-13 08:31:26,2,DISTURBANCE - DV - NO ASLT,WARRANT SERVICES - MISDEMEANOR,F3
2026-07-13 08:31:26,2,DISTURBANCE - DV - NO ASLT,WARRANT SERVICES - MISDEMEANOR,F3
2026-07-13 08:31:26,2,DISTURBANCE - DV - NO ASLT,WARRANT SERVICES - MISDEMEANOR,F3
2026-07-13 08:31:26,2,DISTURBANCE - DV - NO ASLT,WARRANT SERVICES - MISDEMEANOR,F3
2026-07-13 08:22:46,4,NOISE - GENERAL,CRISIS COMPLAINT - GENERAL,W1
2026-07-13 08:22:46,4,NOISE - GENERAL,CRISIS COMPLAINT - GENERAL,W1
2026-07-13 08:20:35,4,NOISE - GENERAL,DISTURBANCE - NOISE,N2
2026-07-13 08:03:58,1,SHOTS HEARD - IN PROGRESS,DISTURBANCE - OTHER,F1
2026-07-13 08:03:58,1,SHOTS HEARD - IN PROGRESS,DISTURBANCE - OTHER,F1
2026-07-13 08:03:58,1,SHOTS HEARD - IN PROGRESS,DISTURBANCE - OTHER,F1
2026-07-13 08:03:58,1,SHOTS HEARD - IN PROGRESS,DISTURBANCE - OTHER,F1
2026-07-13 08:03:58,1,SHOTS HEARD - IN PROGRESS,DISTURBANCE - OTHER,F1
2026-07-13 08:03:58,1,SHOTS HEARD - IN PROGRESS,DISTURBANCE - OTHER,F1
2026-07-13 08:03:58,1,SHOTS HEARD - IN PROGRESS,DISTURBANCE - OTHER,F1
2026-07-13 08:03:58,1,SHOTS HEARD - IN PROGRESS,DISTURBANCE - OTHER,F1
2026-07-13 08:03:58,1,SHOTS HEARD - IN PROGRESS,DISTURBANCE - OTHER,F1
2026-07-13 08:03:58,1,SHOTS HEARD - IN PROGRESS,DISTURBANCE - OTHER,F1
2026-07-13 08:03:58,1,SHOTS HEARD - IN PROGRESS,DISTURBANCE - OTHER,F1
2026-07-13 08:03:58,1,SHOTS HEARD - IN PROGRESS,DISTURBANCE - OTHER,F1
2026-07-13 08:00:57,2,DISTURBANCE,DISTURBANCE - OTHER,K3
2026-07-13 07:21:11,2,DISTURBANCE,"ASSAULTS - HARASSMENT, THREATS",G1
2026-07-13 07:20:43,5,TRU - DISTURBANCE,DISTURBANCE - OTHER,L1
2026-07-13 07:18:42,3,DISTURBANCE,DISTURBANCE - OTHER,M1
2026-07-13 07:18:42,3,DISTURBANCE,DISTURBANCE - OTHER,M1
2026-07-13 06:49:05,1,DISTURBANCE,PERSON - FOUND PERSON,G1
2026-07-13 06:49:05,1,DISTURBANCE,PERSON - FOUND PERSON,G1
2026-07-13 06:49:05,1,DISTURBANCE,PERSON - FOUND PERSON,G1
2026-07-13 06:49:05,1,DISTURBANCE,PERSON - FOUND PERSON,G1
2026-07-13 06:49:05,1,DISTURBANCE,PERSON - FOUND PERSON,G1
2026-07-13 06:49:05,1,DISTURBANCE,PERSON - FOUND PERSON,G1
2026-07-13 06:49:05,1,DISTURBANCE,PERSON - FOUND PERSON,G1
2026-07-13 06:49:05,1,DISTURBANCE,PERSON - FOUND PERSON,G1
2026-07-13 06:49:05,1,DISTURBANCE,PERSON - FOUND PERSON,G1
2026-07-13 06:49:05,1,DISTURBANCE,PERSON - FOUND PERSON,G1
2026-07-13 06:49:05,1,DISTURBANCE,PERSON - FOUND PERSON,G1
2026-07-13 06:49:05,1,DISTURBANCE,PERSON - FOUND PERSON,G1
2026-07-13 06:49:05,1,DISTURBANCE,PERSON - FOUND PERSON,G1
2026-07-13 06:49:05,1,DISTURBANCE,PERSON - FOUND PERSON,G1
2026-07-13 06:49:05,1,DISTURBANCE,PERSON - FOUND PERSON,G1
2026-07-13 06:49:05,1,DISTURBANCE,PERSON - FOUND PERSON,G1
2026-07-13 06:49:05,1,DISTURBANCE,PERSON - FOUND PERSON,G1
2026-07-13 06:49:05,1,DISTURBANCE,PERSON - FOUND PERSON,G1
2026-07-13 06:49:05,1,DISTURBANCE,PERSON - FOUND PERSON,G1
2026-07-13 06:49:05,1,DISTURBANCE,PERSON - FOUND PERSON,G1
2026-07-13 06:49:05,1,DISTURBANCE,PERSON - FOUND PERSON,G1
2026-07-13 06:28:33,3,"ANIMAL - INJURED, DEAD HAZARD, OTHER","ANIMAL COMPLAINT - NOISE,STRAY,BITE",U1
2026-07-13 05:58:59,4,NOISE - GENERAL,DISTURBANCE - NOISE,N3
2026-07-13 05:41:13,2,DISTURBANCE,"ASSAULTS - HARASSMENT, THREATS",D3
2026-07-13 05:41:13,2,DISTURBANCE,"ASSAULTS - HARASSMENT, THREATS",D3
2026-07-13 05:41:13,2,DISTURBANCE,"ASSAULTS - HARASSMENT, THREATS",D3
2026-07-13 05:41:13,2,DISTURBANCE,"ASSAULTS - HARASSMENT, THREATS",D3
2026-07-13 05:21:35,1,UNKNOWN - ANI/ALI - LANDLINE (INCLUDES OPEN LINE),DISTURBANCE - OTHER,E3
2026-07-13 05:17:51,2,DISTURBANCE - DV - NO ASLT,"DV - ARGUMENTS, DISTURBANCE (NO ARREST)",D1
2026-07-13 05:17:51,2,DISTURBANCE - DV - NO ASLT,"DV - ARGUMENTS, DISTURBANCE (NO ARREST)",D1
2026-07-13 05:17:51,2,DISTURBANCE - DV - NO ASLT,"DV - ARGUMENTS, DISTURBANCE (NO ARREST)",D1
2026-07-13 05:08:34,1,UNKNOWN - COMPLAINT OF UNKNOWN NATURE,"DV - ARGUMENTS, DISTURBANCE (NO ARREST)",E1
2026-07-13 05:08:34,1,UNKNOWN - COMPLAINT OF UNKNOWN NATURE,"DV - ARGUMENTS, DISTURBANCE (NO ARREST)",E1
2026-07-13 05:08:34,1,UNKNOWN - COMPLAINT OF UNKNOWN NATURE,"DV - ARGUMENTS, DISTURBANCE (NO ARREST)",E1
2026-07-13 05:08:34,1,UNKNOWN - COMPLAINT OF UNKNOWN NATURE,"DV - ARGUMENTS, DISTURBANCE (NO ARREST)",E1
2026-07-13 04:54:27,4,NOISE - GENERAL,DISTURBANCE - NOISE,L1
2026-07-13 04:37:02,2,DISTURBANCE - DV - NO ASLT,"DV - ARGUMENTS, DISTURBANCE (NO ARREST)",L3
2026-07-13 04:37:02,2,DISTURBANCE - DV - NO ASLT,"DV - ARGUMENTS, DISTURBANCE (NO ARREST)",L3
2026-07-13 04:27:20,1,BURG - OCCUPIED RESD,"DV - ARGUMENTS, DISTURBANCE (NO ARREST)",B3
2026-07-13 04:27:20,1,BURG - OCCUPIED RESD,"DV - ARGUMENTS, DISTURBANCE (NO ARREST)",B3
2026-07-13 04:21:59,2,HAZ - POTENTIAL THRT TO PHYS SAFETY,DISTURBANCE - OTHER,U1
2026-07-13 04:21:59,2,HAZ - POTENTIAL THRT TO PHYS SAFETY,DISTURBANCE - OTHER,U1
2026-07-13 04:21:59,2,HAZ - POTENTIAL THRT TO PHYS SAFETY,DISTURBANCE - OTHER,U1
2026-07-13 04:13:18,2,DISTURBANCE,DISTURBANCE - OTHER,G3
2026-07-13 04:02:14,3,NOISE - GENERAL,DISTURBANCE - NOISE,J2
2026-07-13 03:34:40,1,UNKNOWN - ANI/ALI - WRLS PHNS (INCL OPEN LINE),DISTURBANCE - OTHER,E3
2026-07-13 03:11:24,2,THREATS - DV - NO ASSAULT,DISTURBANCE - OTHER,U3
2026-07-13 03:11:24,2,THREATS - DV - NO ASSAULT,DISTURBANCE - OTHER,U3
2026-07-13 03:07:52,4,NOISE - GENERAL,DISTURBANCE - NOISE,K3
2026-07-13 03:06:05,2,"SUSPICIOUS PERSON, VEHICLE, OR INCIDENT",DISTURBANCE - OTHER,K3
2026-07-13 02:59:24,3,"SUSPICIOUS PERSON, VEHICLE, OR INCIDENT",DISTURBANCE - OTHER,D2
2026-07-13 02:57:45,1,SERVICE - WELFARE CHECK,"DV - ARGUMENTS, DISTURBANCE (NO ARREST)",E3
2026-07-13 02:57:45,1,SERVICE - WELFARE CHECK,"DV - ARGUMENTS, DISTURBANCE (NO ARREST)",E3
2026-07-13 02:57:41,2,DISTURBANCE,DISTURBANCE - OTHER,K3
2026-07-13 02:57:19,2,DISTURBANCE - DV - NO ASLT,"DV - ARGUMENTS, DISTURBANCE (NO ARREST)",O3
2026-07-13 02:57:19,2,DISTURBANCE - DV - NO ASLT,"DV - ARGUMENTS, DISTURBANCE (NO ARREST)",O3
2026-07-13 02:57:19,2,DISTURBANCE - DV - NO ASLT,"DV - ARGUMENTS, DISTURBANCE (NO ARREST)",O3
2026-07-13 02:57:19,2,DISTURBANCE - DV - NO ASLT,"DV - ARGUMENTS, DISTURBANCE (NO ARREST)",O3
2026-07-13 02:56:45,4,NOISE - GENERAL,DISTURBANCE - NOISE,K3
2026-07-13 02:54:35,2,ANIMAL - DANGEROUS,DISTURBANCE - OTHER,B2
2026-07-13 02:54:35,2,ANIMAL - DANGEROUS,DISTURBANCE - OTHER,B2
2026-07-13 02:54:35,2,ANIMAL - DANGEROUS,DISTURBANCE - OTHER,B2
2026-07-13 02:49:17,2,DISTURBANCE - DV - NO ASLT,DISTURBANCE - OTHER,R3
2026-07-13 02:49:17,2,DISTURBANCE - DV - NO ASLT,DISTURBANCE - OTHER,R3
2026-07-13 02:46:42,4,NOISE - GENERAL,DISTURBANCE - NOISE,E1
2026-07-13 02:45:36,2,DISTURBANCE,CRISIS COMPLAINT - GENERAL,N2
2026-07-13 02:45:36,2,DISTURBANCE,CRISIS COMPLAINT - GENERAL,N2
2026-07-13 02:42:01,4,NOISE - GENERAL,DISTURBANCE - NOISE,J3
2026-07-13 02:12:43,1,DISTURBANCE,"DV - ARGUMENTS, DISTURBANCE (NO ARREST)",J1
2026-07-13 02:12:43,1,DISTURBANCE,"DV - ARGUMENTS, DISTURBANCE (NO ARREST)",J1
2026-07-13 02:10:52,4,FIREWORKS (NO HAZARD),DISTURBANCE - NOISE,N3
2026-07-13 02:00:39,4,NOISE - GENERAL,DISTURBANCE - NOISE,U1
2026-07-13 01:48:03,1,DISTURBANCE,PERSON - FOUND PERSON,E1
2026-07-13 01:48:03,1,DISTURBANCE,PERSON - FOUND PERSON,E1
2026-07-13 01:48:03,1,DISTURBANCE,PERSON - FOUND PERSON,E1
2026-07-13 01:48:03,1,DISTURBANCE,PERSON - FOUND PERSON,E1
2026-07-13 01:48:03,1,DISTURBANCE,PERSON - FOUND PERSON,E1
2026-07-13 01:48:03,1,DISTURBANCE,PERSON - FOUND PERSON,E1
2026-07-13 01:39:47,2,FIGHT - PHYSICAL (NO WEAPONS),DISTURBANCE - FIGHT,O3
2026-07-13 01:39:47,2,FIGHT - PHYSICAL (NO WEAPONS),DISTURBANCE - FIGHT,O3
2026-07-13 01:39:47,2,FIGHT - PHYSICAL (NO WEAPONS),DISTURBANCE - FIGHT,O3
2026-07-13 01:30:52,4,NOISE - GENERAL,DISTURBANCE - NOISE,U1
2026-07-13 01:21:33,1,DISTURBANCE - DV CRITICAL,DISTURBANCE - NOISE RESIDENTIAL,C1
2026-07-13 01:21:33,1,DISTURBANCE - DV CRITICAL,DISTURBANCE - NOISE RESIDENTIAL,C1
2026-07-13 01:21:33,1,DISTURBANCE - DV CRITICAL,DISTURBANCE - NOISE RESIDENTIAL,C1
2026-07-13 01:21:33,1,DISTURBANCE - DV CRITICAL,DISTURBANCE - NOISE RESIDENTIAL,C1
2026-07-13 01:16:56,1,SHOTS HEARD - IN PROGRESS,DISTURBANCE - NOISE,E3
2026-07-13 01:14:35,3,DISTURBANCE,SUSPICIOUS CIRCUM. - SUSPICIOUS PERSON,K3
2026-07-13 01:14:35,3,DISTURBANCE,SUSPICIOUS CIRCUM. - SUSPICIOUS PERSON,K3
2026-07-13 01:12:49,2,"SUSPICIOUS PERSON, VEHICLE, OR INCIDENT",DISTURBANCE - OTHER,B2
2026-07-13 01:12:49,2,"SUSPICIOUS PERSON, VEHICLE, OR INCIDENT",DISTURBANCE - OTHER,B2
2026-07-13 01:04:37,1,SHOTS HEARD - IN PROGRESS,DISTURBANCE - NOISE,U3
2026-07-13 01:04:37,1,SHOTS HEARD - IN PROGRESS,DISTURBANCE - NOISE,U3
2026-07-13 00:59:52,1,ASLT - CRITICAL (NO SHOOTINGS),DISTURBANCE - OTHER,K2
2026-07-13 00:59:52,1,ASLT - CRITICAL (NO SHOOTINGS),DISTURBANCE - OTHER,K2
2026-07-13 00:59:52,1,ASLT - CRITICAL (NO SHOOTINGS),DISTURBANCE - OTHER,K2
2026-07-13 00:54:23,1,UNKNOWN - COMPLAINT OF UNKNOWN NATURE,DISTURBANCE - OTHER,E1
2026-07-13 00:54:23,1,UNKNOWN - COMPLAINT OF UNKNOWN NATURE,DISTURBANCE - OTHER,E1
2026-07-13 00:54:23,1,UNKNOWN - COMPLAINT OF UNKNOWN NATURE,DISTURBANCE - OTHER,E1
2026-07-13 00:33:47,4,NOISE - GENERAL,DISTURBANCE - NOISE,C3
2026-07-13 00:27:06,4,NOISE - GENERAL,DISTURBANCE - NOISE RESIDENTIAL,G2
2026-07-13 00:18:32,2,"SUSPICIOUS PERSON, VEHICLE, OR INCIDENT",DISTURBANCE - NOISE RESIDENTIAL,U3
2026-07-13 00:18:32,2,"SUSPICIOUS PERSON, VEHICLE, OR INCIDENT",DISTURBANCE - NOISE RESIDENTIAL,U3
2026-07-13 00:18:13,4,NOISE - GENERAL,DISTURBANCE - NOISE,U1
2026-07-13 00:16:55,2,DISTURBANCE,PROWLER - TRESPASS,L3
2026-07-13 00:16:55,2,DISTURBANCE,PROWLER - TRESPASS,L3
2026-07-13 00:16:02,2,HAZ - POTENTIAL THRT TO PHYS SAFETY,DISTURBANCE - NOISE,U2
2026-07-13 00:15:52,2,DISTURBANCE,DISTURBANCE - NOISE,D3
2026-07-13 00:15:52,2,DISTURBANCE,DISTURBANCE - NOISE,D3
2026-07-13 00:10:28,2,DISTURBANCE,PROWLER - TRESPASS,B1
2026-07-13 00:07:20,2,ASLT - WITH OR W/O WPNS (NO SHOOTINGS),DISTURBANCE - OTHER,J1
2026-07-13 00:07:20,2,ASLT - WITH OR W/O WPNS (NO SHOOTINGS),DISTURBANCE - OTHER,J1
2026-07-12 23:59:17,2,DISTURBANCE,DISTURBANCE - NOISE RESIDENTIAL,S3
2026-07-12 23:56:30,1,UNKNOWN - COMPLAINT OF UNKNOWN NATURE,"DV - ARGUMENTS, DISTURBANCE (NO ARREST)",R2
2026-07-12 23:56:30,1,UNKNOWN - COMPLAINT OF UNKNOWN NATURE,"DV - ARGUMENTS, DISTURBANCE (NO ARREST)",R2
2026-07-12 23:56:11,1,ASLT - WITH OR W/O WPNS (NO SHOOTINGS),DISTURBANCE - OTHER,D1
2026-07-12 23:56:11,1,ASLT - WITH OR W/O WPNS (NO SHOOTINGS),DISTURBANCE - OTHER,D1
2026-07-12 23:55:43,2,DISTURBANCE,DISTURBANCE - OTHER,G2
2026-07-12 23:47:22,4,NOISE - GENERAL,DISTURBANCE - NOISE,E1
2026-07-12 23:45:31,3,ASLT - WITH OR W/O WPNS (NO SHOOTINGS),DISTURBANCE - OTHER,K2
2026-07-12 23:38:47,1,UNKNOWN - ANI/ALI - WRLS PHNS (INCL OPEN LINE),DISTURBANCE - OTHER,R1
2026-07-12 23:38:47,1,UNKNOWN - ANI/ALI - WRLS PHNS (INCL OPEN LINE),DISTURBANCE - OTHER,R1
2026-07-12 23:37:09,3,HARAS - NO BIAS OR THREATS,"DV - ARGUMENTS, DISTURBANCE (NO ARREST)",W1
2026-07-12 23:37:09,3,HARAS - NO BIAS OR THREATS,"DV - ARGUMENTS, DISTURBANCE (NO ARREST)",W1
2026-07-12 23:34:17,1,UNKNOWN - ANI/ALI - WRLS PHNS (INCL OPEN LINE),DISTURBANCE - OTHER,N3
2026-07-12 23:34:17,1,UNKNOWN - ANI/ALI - WRLS PHNS (INCL OPEN LINE),DISTURBANCE - OTHER,N3
2026-07-12 23:34:17,1,UNKNOWN - ANI/ALI - WRLS PHNS (INCL OPEN LINE),DISTURBANCE - OTHER,N3
2026-07-12 23:34:17,1,UNKNOWN - ANI/ALI - WRLS PHNS (INCL OPEN LINE),DISTURBANCE - OTHER,N3
2026-07-12 23:31:53,4,NOISE - GENERAL,DISTURBANCE - NOISE,S1
2026-07-12 23:31:51,2,DISTURBANCE,"SUSPICIOUS CIRCUM. - BUILDING (OPEN DOOR, ETC)",B1
2026-07-12 23:31:51,2,DISTURBANCE,"SUSPICIOUS CIRCUM. - BUILDING (OPEN DOOR, ETC)",B1
2026-07-12 23:31:51,2,DISTURBANCE,"SUSPICIOUS CIRCUM. - BUILDING (OPEN DOOR, ETC)",B1
2026-07-12 23:31:51,2,DISTURBANCE,"SUSPICIOUS CIRCUM. - BUILDING (OPEN DOOR, ETC)",B1
2026-07-12 23:25:30,1,SHOTS HEARD - IN PROGRESS,DISTURBANCE - OTHER,W2
2026-07-12 23:25:30,1,SHOTS HEARD - IN PROGRESS,DISTURBANCE - OTHER,W2
2026-07-12 23:25:25,2,DISTURBANCE - DV - NO ASLT,DISTURBANCE - OTHER,N2
2026-07-12 23:23:07,4,NOISE - GENERAL,DISTURBANCE - NOISE,W1
2026-07-12 23:22:47,2,DISTURBANCE,SUSPICIOUS CIRCUM. - SUSPICIOUS PERSON,W1
2026-07-12 23:22:47,2,DISTURBANCE,SUSPICIOUS CIRCUM. - SUSPICIOUS PERSON,W1
2026-07-12 23:22:47,2,DISTURBANCE,SUSPICIOUS CIRCUM. - SUSPICIOUS PERSON,W1
2026-07-12 23:16:42,4,NOISE - GENERAL,DISTURBANCE - NOISE RESIDENTIAL,G1
2026-07-12 23:14:28,2,EXPLOSION,DISTURBANCE - NOISE,L3
2026-07-12 23:14:28,2,EXPLOSION,DISTURBANCE - NOISE,L3
2026-07-12 23:14:28,2,EXPLOSION,DISTURBANCE - NOISE,L3
2026-07-12 23:14:28,2,EXPLOSION,DISTURBANCE - NOISE,L3
2026-07-12 23:13:11,1,UNKNOWN - COMPLAINT OF UNKNOWN NATURE,DISTURBANCE - OTHER,N3
2026-07-12 23:13:11,1,UNKNOWN - COMPLAINT OF UNKNOWN NATURE,DISTURBANCE - OTHER,N3
2026-07-12 23:11:21,1,UNKNOWN - ANI/ALI - WRLS PHNS (INCL OPEN LINE),DISTURBANCE - OTHER,M3
2026-07-12 23:05:32,2,DISTURBANCE,TRAFFIC - BLOCKING TRAFFIC,C3
2026-07-12 22:56:08,2,ASLT - WITH OR W/O WPNS (NO SHOOTINGS),DISTURBANCE - OTHER,K2
2026-07-12 22:54:50,1,SHOTS HEARD - IN PROGRESS,DISTURBANCE - OTHER,U3
2026-07-12 22:54:50,1,SHOTS HEARD - IN PROGRESS,DISTURBANCE - OTHER,U3
2026-07-12 22:54:50,1,SHOTS HEARD - IN PROGRESS,DISTURBANCE - OTHER,U3
2026-07-12 22:46:22,2,DISTURBANCE,DISTURBANCE - OTHER,B1
2026-07-12 22:46:22,2,DISTURBANCE,DISTURBANCE - OTHER,B1
2026-07-12 22:46:22,2,DISTURBANCE,DISTURBANCE - OTHER,B1
2026-07-12 22:44:16,4,NOISE - GENERAL,DISTURBANCE - NOISE,D1
2026-07-12 22:42:01,2,TRESPASS,DISTURBANCE - OTHER,R1
2026-07-12 22:42:01,2,TRESPASS,DISTURBANCE - OTHER,R1
2026-07-12 22:41:38,3,DISTURBANCE,DISTURBANCE - OTHER,Q3
2026-07-12 22:41:38,3,DISTURBANCE,DISTURBANCE - OTHER,Q3
2026-07-12 22:37:49,1,SHOTS HEARD - IN PROGRESS,DISTURBANCE - OTHER,C2
2026-07-12 22:36:11,2,PROPERTY - DAMAGE,DISTURBANCE - OTHER,Q1
2026-07-12 22:35:04,1,"SUSPICIOUS PERSON, VEHICLE, OR INCIDENT",DISTURBANCE - OTHER,U1
2026-07-12 22:35:04,1,"SUSPICIOUS PERSON, VEHICLE, OR INCIDENT",DISTURBANCE - OTHER,U1
2026-07-12 22:35:04,1,"SUSPICIOUS PERSON, VEHICLE, OR INCIDENT",DISTURBANCE - OTHER,U1
2026-07-12 22:26:22,1,SHOTS HEARD - IN PROGRESS,DISTURBANCE - OTHER,B2
2026-07-12 22:26:22,1,SHOTS HEARD - IN PROGRESS,DISTURBANCE - OTHER,B2
2026-07-12 22:26:22,1,SHOTS HEARD - IN PROGRESS,DISTURBANCE - OTHER,B2
2026-07-12 22:23:27,2,HAZ - POTENTIAL THRT TO PHYS SAFETY,DISTURBANCE - OTHER,W1
2026-07-12 22:20:51,1,SHOTS HEARD - IN PROGRESS,DISTURBANCE - NOISE,N3
2026-07-12 22:13:28,4,NOISE - GENERAL,DISTURBANCE - NOISE,W2
2026-07-12 22:11:44,2,DISTURBANCE,"ASSAULTS - HARASSMENT, THREATS",R3
2026-07-12 22:11:40,1,SHOTS HEARD - IN PROGRESS,DISTURBANCE - OTHER,G2
2026-07-12 22:10:05,4,NOISE - GENERAL,MISCHIEF OR NUISANCE - GENERAL,N2
2026-07-12 22:08:01,1,DISTURBANCE,SUSPICIOUS CIRCUM. - SUSPICIOUS PERSON,Q3
2026-07-12 22:08:01,1,DISTURBANCE,SUSPICIOUS CIRCUM. - SUSPICIOUS PERSON,Q3
2026-07-12 22:08:01,1,DISTURBANCE,SUSPICIOUS CIRCUM. - SUSPICIOUS PERSON,Q3
2026-07-12 22:06:38,2,DISTURBANCE - DV - NO ASLT,"DV - ARGUMENTS, DISTURBANCE (NO ARREST)",F1
2026-07-12 22:06:38,2,DISTURBANCE - DV - NO ASLT,"DV - ARGUMENTS, DISTURBANCE (NO ARREST)",F1
2026-07-12 22:04:12,2,DISTURBANCE,DISTURBANCE - OTHER,U1
2026-07-12 22:00:57,3,NUISANCE,DISTURBANCE - OTHER,E3
2026-07-12 21:45:21,1,UNKNOWN - ANI/ALI - WRLS PHNS (INCL OPEN LINE),DISTURBANCE - OTHER,C3
2026-07-12 21:45:21,1,UNKNOWN - ANI/ALI - WRLS PHNS (INCL OPEN LINE),DISTURBANCE - OTHER,C3
2026-07-12 21:45:21,1,UNKNOWN - ANI/ALI - WRLS PHNS (INCL OPEN LINE),DISTURBANCE - OTHER,C3
2026-07-12 21:45:21,1,UNKNOWN - ANI/ALI - WRLS PHNS (INCL OPEN LINE),DISTURBANCE - OTHER,C3
2026-07-12 21:40:13,3,FOLLOW UP,DISTURBANCE - OTHER,B2
2026-07-12 21:33:01,4,NOISE - GENERAL,DISTURBANCE - NOISE,G2
2026-07-12 21:31:17,1,SHOTS HEARD - IN PROGRESS,DISTURBANCE - OTHER,G2
2026-07-12 21:29:47,4,NOISE - GENERAL,DISTURBANCE - NOISE,M1
2026-07-12 21:25:37,4,NOISE - GENERAL,DISTURBANCE - NOISE,G2
2026-07-12 21:22:59,1,SUICIDE - CRITICAL,DISTURBANCE - OTHER,C1
2026-07-12 21:22:59,1,SUICIDE - CRITICAL,DISTURBANCE - OTHER,C1
2026-07-12 21:22:56,3,DISTURBANCE,DISTURBANCE - NOISE,B1
2026-07-12 21:11:08,3,DISTURBANCE,DISTURBANCE - OTHER,S1
2026-07-12 20:56:56,1,UNKNOWN - COMPLAINT OF UNKNOWN NATURE,DISTURBANCE - NOISE RESIDENTIAL,L3
2026-07-12 20:56:56,1,UNKNOWN - COMPLAINT OF UNKNOWN NATURE,DISTURBANCE - NOISE RESIDENTIAL,L3
2026-07-12 20:55:21,4,FIREWORKS (NO HAZARD),DISTURBANCE - OTHER,R3
2026-07-12 20:43:33,2,DISTURBANCE,SUSPICIOUS CIRCUM. - SUSPICIOUS PERSON,W2
2026-07-12 20:41:05,2,DISTURBANCE - DV - NO ASLT,DV - DOMESTIC VIOLENCE (ARREST DISCRETIONARY),N3
2026-07-12 20:41:05,2,DISTURBANCE - DV - NO ASLT,DV - DOMESTIC VIOLENCE (ARREST DISCRETIONARY),N3
2026-07-12 20:41:05,2,DISTURBANCE - DV - NO ASLT,DV - DOMESTIC VIOLENCE (ARREST DISCRETIONARY),N3
2026-07-12 20:38:20,1,ASLT - DV CRITICAL,"DV - ARGUMENTS, DISTURBANCE (NO ARREST)",S3
2026-07-12 20:38:20,1,ASLT - DV CRITICAL,"DV - ARGUMENTS, DISTURBANCE (NO ARREST)",S3
2026-07-12 20:27:07,2,DISTURBANCE,DISTURBANCE - OTHER,J2
2026-07-12 20:23:14,4,NOISE - GENERAL,DISTURBANCE - NOISE,W1
2026-07-12 20:14:53,2,ASSIST OTHER AGENCY - ROUTINE SERVICE,DISTURBANCE - OTHER,U2
2026-07-12 20:14:53,2,ASSIST OTHER AGENCY - ROUTINE SERVICE,DISTURBANCE - OTHER,U2
2026-07-12 20:11:53,2,DISTURBANCE,DISTURBANCE - OTHER,L2
2026-07-12 20:11:53,2,DISTURBANCE,DISTURBANCE - OTHER,L2
2026-07-12 20:05:40,2,DISTURBANCE,CRISIS COMPLAINT - GENERAL,E1
2026-07-12 20:05:40,2,DISTURBANCE,CRISIS COMPLAINT - GENERAL,E1
2026-07-12 19:48:33,3,CUSTODIAL INTERFERENCE - DV,"DV - ARGUMENTS, DISTURBANCE (NO ARREST)",R2
2026-07-12 19:48:33,3,CUSTODIAL INTERFERENCE - DV,"DV - ARGUMENTS, DISTURBANCE (NO ARREST)",R2
2026-07-12 19:36:26,1,ASLT - DV CRITICAL,"DV - ARGUMENTS, DISTURBANCE (NO ARREST)",K2
2026-07-12 19:36:26,1,ASLT - DV CRITICAL,"DV - ARGUMENTS, DISTURBANCE (NO ARREST)",K2
2026-07-12 19:36:26,1,ASLT - DV CRITICAL,"DV - ARGUMENTS, DISTURBANCE (NO ARREST)",K2
2026-07-12 19:36:26,1,ASLT - DV CRITICAL,"DV - ARGUMENTS, DISTURBANCE (NO ARREST)",K2
2026-07-12 19:27:25,4,NOISE - GENERAL,DISTURBANCE - NOISE,R3
2026-07-12 19:27:25,4,NOISE - GENERAL,DISTURBANCE - NOISE,R3
2026-07-12 19:27:25,4,NOISE - GENERAL,DISTURBANCE - NOISE,R3
2026-07-12 19:19:12,2,DISTURBANCE,DISTURBANCE - OTHER,Q3
2026-07-12 19:16:49,2,DISTURBANCE,DISTURBANCE - OTHER,N3
2026-07-12 19:16:49,2,DISTURBANCE,DISTURBANCE - OTHER,N3
2026-07-12 19:01:25,4,NOISE - GENERAL,DISTURBANCE - NOISE,U1
2026-07-12 18:46:39,2,DISTURBANCE - DV - NO ASLT,DISTURBANCE - NOISE,S2
2026-07-12 18:39:36,2,DISTURBANCE,DISTURBANCE - OTHER,Q3
2026-07-12 18:39:36,2,DISTURBANCE,DISTURBANCE - OTHER,Q3
2026-07-12 18:39:36,2,DISTURBANCE,DISTURBANCE - OTHER,Q3
2026-07-12 18:39:36,2,DISTURBANCE,DISTURBANCE - OTHER,Q3
2026-07-12 18:39:36,2,DISTURBANCE,DISTURBANCE - OTHER,Q3
2026-07-12 18:31:59,2,DISTURBANCE,DISTURBANCE - OTHER,M2
2026-07-12 18:29:31,1,FIGHT - PHYSICAL (NO WEAPONS),DISTURBANCE - FIGHT,F2
2026-07-12 18:22:41,2,DISTURBANCE - DV - NO ASLT,CRISIS COMPLAINT - GENERAL,C2
2026-07-12 18:22:41,2,DISTURBANCE - DV - NO ASLT,CRISIS COMPLAINT - GENERAL,C2
2026-07-12 18:22:41,2,DISTURBANCE - DV - NO ASLT,CRISIS COMPLAINT - GENERAL,C2
2026-07-12 18:22:41,2,DISTURBANCE - DV - NO ASLT,CRISIS COMPLAINT - GENERAL,C2
2026-07-12 18:20:38,3,BIAS,DISTURBANCE - OTHER,W3
2026-07-12 18:11:44,4,NOISE - GENERAL,NOISE - GENERAL,C2
2026-07-12 18:10:08,2,DISTURBANCE,DISTURBANCE - OTHER,G2
2026-07-12 18:10:08,2,DISTURBANCE,DISTURBANCE - OTHER,G2
2026-07-12 18:06:41,3,DISTURBANCE - DV - NO ASLT,DISTURBANCE - OTHER,K3
2026-07-12 17:53:19,1,DISTURBANCE - DV CRITICAL,DISTURBANCE - OTHER,N2
2026-07-12 17:53:19,1,DISTURBANCE - DV CRITICAL,DISTURBANCE - OTHER,N2
2026-07-12 17:53:19,1,DISTURBANCE - DV CRITICAL,DISTURBANCE - OTHER,N2
2026-07-12 17:53:19,1,DISTURBANCE - DV CRITICAL,DISTURBANCE - OTHER,N2
2026-07-12 17:38:35,1,UNKNOWN - COMPLAINT OF UNKNOWN NATURE,DISTURBANCE - OTHER,R3
2026-07-12 17:38:35,1,UNKNOWN - COMPLAINT OF UNKNOWN NATURE,DISTURBANCE - OTHER,R3
2026-07-12 17:30:07,1,ASLT - CRITICAL (NO SHOOTINGS),DISTURBANCE - OTHER,N3
2026-07-12 17:30:07,1,ASLT - CRITICAL (NO SHOOTINGS),DISTURBANCE - OTHER,N3
2026-07-12 17:30:07,1,ASLT - CRITICAL (NO SHOOTINGS),DISTURBANCE - OTHER,N3
2026-07-12 17:30:07,1,ASLT - CRITICAL (NO SHOOTINGS),DISTURBANCE - OTHER,N3
2026-07-12 17:20:02,5,TRU - DISTURBANCE,DISTURBANCE - OTHER,K1
2026-07-12 17:01:47,2,DISTURBANCE,ASSIST PUBLIC - OTHER (NON-SPECIFIED),U1
2026-07-12 17:00:26,4,NOISE - GENERAL,DISTURBANCE - NOISE,R3
2026-07-12 16:59:23,2,ASLT - WITH OR W/O WPNS (NO SHOOTINGS),DISTURBANCE - OTHER,G1
2026-07-12 16:33:25,2,ASLT - WITH OR W/O WPNS (NO SHOOTINGS),DISTURBANCE - OTHER,D3
2026-07-12 16:33:25,2,ASLT - WITH OR W/O WPNS (NO SHOOTINGS),DISTURBANCE - OTHER,D3
2026-07-12 16:33:25,2,ASLT - WITH OR W/O WPNS (NO SHOOTINGS),DISTURBANCE - OTHER,D3
2026-07-12 16:32:39,2,DISTURBANCE,DISTURBANCE,U2
2026-07-12 16:15:57,2,DISTURBANCE,DISTURBANCE - OTHER,U1
2026-07-12 15:46:52,2,DISTURBANCE - DV - NO ASLT,DISTURBANCE - OTHER,L3
2026-07-12 15:41:28,2,DISTURBANCE,DISTURBANCE - OTHER,Q2
2026-07-12 15:41:25,2,DUI - DRIVING UNDER INFLUENCE,DISTURBANCE - OTHER,S3
2026-07-12 15:37:12,2,THREATS (INCLS IN-PERSON/BY PHONE/IN WRITING),DISTURBANCE - OTHER,R1
2026-07-12 15:37:12,2,THREATS (INCLS IN-PERSON/BY PHONE/IN WRITING),DISTURBANCE - OTHER,R1
2026-07-12 15:37:12,2,THREATS (INCLS IN-PERSON/BY PHONE/IN WRITING),DISTURBANCE - OTHER,R1
2026-07-12 15:21:06,2,DOWN - CHECK FOR DOWN PERSON,DISTURBANCE - OTHER,B1
2026-07-12 15:21:06,2,DOWN - CHECK FOR DOWN PERSON,DISTURBANCE - OTHER,B1
2026-07-12 15:16:29,3,DISTURBANCE,ASSIST PUBLIC - OTHER (NON-SPECIFIED),J3
2026-07-12 15:12:07,4,NOISE - GENERAL,DISTURBANCE - OTHER,D2
2026-07-12 14:59:51,1,DISTURBANCE - DV CRITICAL,CRISIS COMPLAINT - GENERAL,N1
2026-07-12 14:59:51,1,DISTURBANCE - DV CRITICAL,CRISIS COMPLAINT - GENERAL,N1
2026-07-12 14:59:51,1,DISTURBANCE - DV CRITICAL,CRISIS COMPLAINT - GENERAL,N1
2026-07-12 14:59:51,1,DISTURBANCE - DV CRITICAL,CRISIS COMPLAINT - GENERAL,N1
2026-07-12 14:57:24,3,DISTURBANCE,DISTURBANCE - OTHER,E2
2026-07-12 14:57:24,3,DISTURBANCE,DISTURBANCE - OTHER,E2
2026-07-12 14:43:13,3,NUISANCE,DISTURBANCE - OTHER,F3
2026-07-12 14:34:23,2,DISTURBANCE - DV - NO ASLT,DISTURBANCE - OTHER,R3
2026-07-12 14:34:23,2,DISTURBANCE - DV - NO ASLT,DISTURBANCE - OTHER,R3
2026-07-12 14:34:23,2,DISTURBANCE - DV - NO ASLT,DISTURBANCE - OTHER,R3
2026-07-12 14:30:23,4,NOISE - GENERAL,DISTURBANCE - NOISE,W1
2026-07-12 14:26:59,3,"SUSPICIOUS PERSON, VEHICLE, OR INCIDENT",DISTURBANCE - OTHER,B2
2026-07-12 14:23:01,2,DISTURBANCE - DV - NO ASLT,"DV - ARGUMENTS, DISTURBANCE (NO ARREST)",D3
2026-07-12 14:23:01,2,DISTURBANCE - DV - NO ASLT,"DV - ARGUMENTS, DISTURBANCE (NO ARREST)",D3
2026-07-12 14:23:01,2,DISTURBANCE - DV - NO ASLT,"DV - ARGUMENTS, DISTURBANCE (NO ARREST)",D3
2026-07-12 14:22:31,2,SFD - ASSIST ON FIRE OR MEDIC RESPONSE,DISTURBANCE - OTHER,U2
2026-07-12 14:22:31,2,SFD - ASSIST ON FIRE OR MEDIC RESPONSE,DISTURBANCE - OTHER,U2
2026-07-12 14:22:31,2,SFD - ASSIST ON FIRE OR MEDIC RESPONSE,DISTURBANCE - OTHER,U2
2026-07-12 14:21:08,2,DISTURBANCE - DV - NO ASLT,ASSIST PUBLIC - OTHER (NON-SPECIFIED),E2
2026-07-12 13:58:24,3,"NARCOTICS - VIOLATIONS (LOITER, USE, SELL, NARS)",DISTURBANCE - OTHER,M3
2026-07-12 13:58:05,2,DISTURBANCE,DISTURBANCE - OTHER,G2
2026-07-12 13:46:38,4,NOISE - GENERAL,DISTURBANCE - NOISE,N3
2026-07-12 13:46:38,4,NOISE - GENERAL,DISTURBANCE - NOISE,N3
2026-07-12 13:46:38,4,NOISE - GENERAL,DISTURBANCE - NOISE,N3
2026-07-12 13:43:22,4,NOISE - GENERAL,DISTURBANCE - NOISE,D1
2026-07-12 13:41:36,1,UNKNOWN - ANI/ALI - WRLS PHNS (INCL OPEN LINE),DISTURBANCE - OTHER,F1
2026-07-12 13:41:36,1,UNKNOWN - ANI/ALI - WRLS PHNS (INCL OPEN LINE),DISTURBANCE - OTHER,F1
2026-07-12 13:31:20,1,UNKNOWN - ANI/ALI - WRLS PHNS (INCL OPEN LINE),DISTURBANCE - OTHER,G3
2026-07-12 13:31:20,1,UNKNOWN - ANI/ALI - WRLS PHNS (INCL OPEN LINE),DISTURBANCE - OTHER,G3
2026-07-12 13:25:50,2,DISTURBANCE - DV - NO ASLT,ASSIST PUBLIC - OTHER (NON-SPECIFIED),W2
2026-07-12 13:20:03,2,DISTURBANCE,DISTURBANCE - OTHER,N1
2026-07-12 13:20:03,2,DISTURBANCE,DISTURBANCE - OTHER,N1
2026-07-12 13:20:03,2,DISTURBANCE,DISTURBANCE - OTHER,N1
2026-07-12 13:12:12,4,NOISE - GENERAL,DISTURBANCE - NOISE RESIDENTIAL,U3
2026-07-12 13:00:40,3,THREATS (INCLS IN-PERSON/BY PHONE/IN WRITING),DISTURBANCE - OTHER,W2
2026-07-12 13:00:40,3,THREATS (INCLS IN-PERSON/BY PHONE/IN WRITING),DISTURBANCE - OTHER,W2
2026-07-12 12:50:58,2,DISTURBANCE,SUSPICIOUS CIRCUM. - SUSPICIOUS PERSON,F2
2026-07-12 12:36:32,3,DISTURBANCE,DISTURBANCE,Q3
2026-07-12 12:36:32,3,DISTURBANCE,DISTURBANCE,Q3
2026-07-12 12:31:33,3,HARAS - NO BIAS OR THREATS,DISTURBANCE - OTHER,F3
2026-07-12 12:20:51,3,CUSTODIAL INTERFERENCE - DV,"DV - ARGUMENTS, DISTURBANCE (NO ARREST)",K2
2026-07-12 12:13:20,2,DISTURBANCE,DISTURBANCE - OTHER,R1
2026-07-12 12:13:20,2,DISTURBANCE,DISTURBANCE - OTHER,R1
2026-07-12 12:13:12,3,SERVICE - WELFARE CHECK,DISTURBANCE - OTHER,G2
2026-07-12 12:13:12,3,SERVICE - WELFARE CHECK,DISTURBANCE - OTHER,G2
2026-07-12 12:10:58,2,HAZ - POTENTIAL THRT TO PHYS SAFETY,DISTURBANCE - OTHER,C2
2026-07-12 12:09:56,3,BIAS,DISTURBANCE - OTHER,R3
2026-07-12 12:01:33,2,TRESPASS,DISTURBANCE - OTHER,J1
2026-07-12 12:01:33,2,TRESPASS,DISTURBANCE - OTHER,J1
2026-07-12 12:01:33,2,TRESPASS,DISTURBANCE - OTHER,J1
2026-07-12 11:58:24,4,NOISE - GENERAL,DISTURBANCE - NOISE,M1
2026-07-12 11:57:51,3,DISTURBANCE,ASSIST PUBLIC - OTHER (NON-SPECIFIED),W2
2026-07-12 11:57:51,3,DISTURBANCE,ASSIST PUBLIC - OTHER (NON-SPECIFIED),W2
2026-07-12 11:57:51,3,DISTURBANCE,ASSIST PUBLIC - OTHER (NON-SPECIFIED),W2
2026-07-12 11:57:51,3,DISTURBANCE,ASSIST PUBLIC - OTHER (NON-SPECIFIED),W2
2026-07-12 11:56:58,1,UNKNOWN - ANI/ALI - LANDLINE (INCLUDES OPEN LINE),"DV - ARGUMENTS, DISTURBANCE (NO ARREST)",U2
2026-07-12 11:56:58,1,UNKNOWN - ANI/ALI - LANDLINE (INCLUDES OPEN LINE),"DV - ARGUMENTS, DISTURBANCE (NO ARREST)",U2
2026-07-12 11:56:58,1,UNKNOWN - ANI/ALI - LANDLINE (INCLUDES OPEN LINE),"DV - ARGUMENTS, DISTURBANCE (NO ARREST)",U2
2026-07-12 11:56:58,1,UNKNOWN - ANI/ALI - LANDLINE (INCLUDES OPEN LINE),"DV - ARGUMENTS, DISTURBANCE (NO ARREST)",U2
2026-07-12 11:44:17,2,DISTURBANCE,DISTURBANCE - FIGHT,W3
2026-07-12 11:44:17,2,DISTURBANCE,DISTURBANCE - FIGHT,W3
2026-07-12 11:33:32,2,DISTURBANCE,DISTURBANCE - OTHER,F2
2026-07-12 11:33:32,2,DISTURBANCE,DISTURBANCE - OTHER,F2
2026-07-12 11:33:32,2,DISTURBANCE,DISTURBANCE - OTHER,F2
2026-07-12 11:29:19,2,DISTURBANCE - DV - NO ASLT,"DV - ARGUMENTS, DISTURBANCE (NO ARREST)",S1
2026-07-12 11:29:19,2,DISTURBANCE - DV - NO ASLT,"DV - ARGUMENTS, DISTURBANCE (NO ARREST)",S1
2026-07-12 11:29:19,2,DISTURBANCE - DV - NO ASLT,"DV - ARGUMENTS, DISTURBANCE (NO ARREST)",S1
2026-07-12 11:21:55,2,DISTURBANCE,DISTURBANCE - OTHER,N2
2026-07-12 11:21:55,2,DISTURBANCE,DISTURBANCE - OTHER,N2
2026-07-12 11:16:58,3,DISTURBANCE - DV - NO ASLT,"DV - ARGUMENTS, DISTURBANCE (NO ARREST)",D1
2026-07-12 10:50:28,2,FIGHT - PHYSICAL (NO WEAPONS),DISTURBANCE - FIGHT,D1
2026-07-12 10:50:28,2,FIGHT - PHYSICAL (NO WEAPONS),DISTURBANCE - FIGHT,D1
2026-07-12 10:49:45,1,DOWN - CHECK FOR DOWN PERSON,DISTURBANCE - OTHER,D3
2026-07-12 10:49:45,1,DOWN - CHECK FOR DOWN PERSON,DISTURBANCE - OTHER,D3
2026-07-12 10:46:26,2,DISTURBANCE,DISTURBANCE - OTHER,F3
2026-07-12 10:46:26,2,DISTURBANCE,DISTURBANCE - OTHER,F3
2026-07-12 10:46:26,2,DISTURBANCE,DISTURBANCE - OTHER,F3
2026-07-12 10:46:26,2,DISTURBANCE,DISTURBANCE - OTHER,F3
2026-07-12 10:45:32,2,DISTURBANCE,DISTURBANCE - OTHER,M1
2026-07-12 10:45:32,2,ROBBERY (INCL STRONG ARM),DISTURBANCE - OTHER,U2
2026-07-12 10:45:32,2,DISTURBANCE,DISTURBANCE - OTHER,M1
2026-07-12 10:45:02,2,DISTURBANCE,WARRANT SERVICES - FELONY,E3
2026-07-12 10:45:02,2,DISTURBANCE,WARRANT SERVICES - FELONY,E3
2026-07-12 10:45:02,2,DISTURBANCE,WARRANT SERVICES - FELONY,E3
2026-07-12 10:26:27,2,DISTURBANCE,PROWLER - TRESPASS,O1
2026-07-12 10:26:27,2,DISTURBANCE,PROWLER - TRESPASS,O1
2026-07-12 10:26:27,2,DISTURBANCE,PROWLER - TRESPASS,O1
2026-07-12 10:26:27,2,DISTURBANCE,PROWLER - TRESPASS,O1
2026-07-12 10:19:23,2,THREATS (INCLS IN-PERSON/BY PHONE/IN WRITING),DISTURBANCE - OTHER,D1
2026-07-12 10:06:17,2,DISTURBANCE,DISTURBANCE - OTHER,S1
2026-07-12 10:06:17,2,DISTURBANCE,DISTURBANCE - OTHER,S1
2026-07-12 10:06:17,2,DISTURBANCE,DISTURBANCE - OTHER,S1
2026-07-12 10:02:50,3,ASLT - WITH OR W/O WPNS (NO SHOOTINGS),DISTURBANCE - OTHER,K2
2026-07-12 09:50:19,2,DISTURBANCE - DV - NO ASLT,"DV - ARGUMENTS, DISTURBANCE (NO ARREST)",M2
2026-07-12 09:50:19,2,DISTURBANCE - DV - NO ASLT,"DV - ARGUMENTS, DISTURBANCE (NO ARREST)",M2
2026-07-12 09:47:13,3,CUSTODIAL INTERFERENCE - DV,"DV - ARGUMENTS, DISTURBANCE (NO ARREST)",S2
2026-07-12 09:47:13,3,CUSTODIAL INTERFERENCE - DV,"DV - ARGUMENTS, DISTURBANCE (NO ARREST)",S2
2026-07-12 09:44:26,2,DISTURBANCE,DISTURBANCE - OTHER,O1
2026-07-12 09:44:26,2,DISTURBANCE,DISTURBANCE - OTHER,O1
2026-07-12 09:40:55,3,NUISANCE,DISTURBANCE - OTHER,B2
2026-07-12 09:34:55,2,DISTURBANCE,ASSIST PUBLIC - OTHER (NON-SPECIFIED),N1
2026-07-12 09:17:23,2,DISTURBANCE,DISTURBANCE - OTHER,J3
2026-07-12 08:54:25,4,PARKING VIOLATION (EXCEPT ABANDONED CAR),DISTURBANCE - OTHER,E1
2026-07-12 08:12:01,2,ASLT - WITH OR W/O WPNS (NO SHOOTINGS),DISTURBANCE - OTHER,L3
2026-07-12 08:12:01,2,ASLT - WITH OR W/O WPNS (NO SHOOTINGS),DISTURBANCE - OTHER,L3
2026-07-12 08:12:01,2,ASLT - WITH OR W/O WPNS (NO SHOOTINGS),DISTURBANCE - OTHER,L3
2026-07-12 07:40:41,3,"ANIMAL - INJURED, DEAD HAZARD, OTHER","ANIMAL COMPLAINT - NOISE,STRAY,BITE",Q1
2026-07-12 07:37:43,2,DISTURBANCE,"ASSAULTS, OTHER",C1
2026-07-12 07:37:43,2,DISTURBANCE,"ASSAULTS, OTHER",C1
2026-07-12 07:37:43,2,DISTURBANCE,"ASSAULTS, OTHER",C1
2026-07-12 07:37:43,2,DISTURBANCE,"ASSAULTS, OTHER",C1
2026-07-12 07:37:43,2,DISTURBANCE,"ASSAULTS, OTHER",C1
2026-07-12 07:37:43,2,DISTURBANCE,"ASSAULTS, OTHER",C1
2026-07-12 07:37:43,2,DISTURBANCE,"ASSAULTS, OTHER",C1
2026-07-12 07:07:36,3,DISTURBANCE,DISTURBANCE - OTHER,N3
2026-07-12 07:07:36,3,DISTURBANCE,DISTURBANCE - OTHER,N3
2026-07-12 07:03:30,4,NOISE - GENERAL,DISTURBANCE - NOISE,E3
2026-07-12 06:24:04,2,DISTURBANCE - DV - NO ASLT,CRISIS COMPLAINT - GENERAL,G2
2026-07-12 06:14:37,2,BURG - COMM BURGLARY,DISTURBANCE - OTHER,F1
2026-07-12 06:14:37,2,BURG - COMM BURGLARY,DISTURBANCE - OTHER,F1
2026-07-12 05:22:18,2,"SUSPICIOUS PERSON, VEHICLE, OR INCIDENT",DISTURBANCE - OTHER,Q1
2026-07-12 05:21:12,3,PERSON IN BEHAVIORAL/EMOTIONAL CRISIS,DISTURBANCE - OTHER,F3
2026-07-12 05:17:49,2,DISTURBANCE,DISTURBANCE - OTHER,B1
2026-07-12 05:09:52,4,NOISE - GENERAL,DISTURBANCE - NOISE RESIDENTIAL,N2
2026-07-12 05:08:29,2,DISTURBANCE - DV - NO ASLT,DISTURBANCE - OTHER,L1
2026-07-12 05:08:29,2,DISTURBANCE - DV - NO ASLT,DISTURBANCE - OTHER,L1
2026-07-12 05:08:29,2,DISTURBANCE - DV - NO ASLT,DISTURBANCE - OTHER,L1
2026-07-12 04:20:13,2,DISTURBANCE,DISTURBANCE - NOISE RESIDENTIAL,B1
2026-07-12 04:20:13,2,DISTURBANCE,DISTURBANCE - NOISE RESIDENTIAL,B1
2026-07-12 04:20:13,2,DISTURBANCE,DISTURBANCE - NOISE RESIDENTIAL,B1
2026-07-12 04:15:07,1,UNKNOWN - COMPLAINT OF UNKNOWN NATURE,DISTURBANCE - OTHER,M3
2026-07-12 04:11:44,1,FIGHT - CRITICAL WITH WEAPONS,DISTURBANCE - OTHER,D1
2026-07-12 04:11:44,1,FIGHT - CRITICAL WITH WEAPONS,DISTURBANCE - OTHER,D1
2026-07-12 04:11:44,1,FIGHT - CRITICAL WITH WEAPONS,DISTURBANCE - OTHER,D1
2026-07-12 04:01:20,2,THREATS (INCLS IN-PERSON/BY PHONE/IN WRITING),DISTURBANCE - OTHER,N3
2026-07-12 04:01:20,2,THREATS (INCLS IN-PERSON/BY PHONE/IN WRITING),DISTURBANCE - OTHER,N3
2026-07-12 04:01:20,2,THREATS (INCLS IN-PERSON/BY PHONE/IN WRITING),DISTURBANCE - OTHER,N3
2026-07-12 03:36:38,1,SHOTS HEARD - IN PROGRESS,DISTURBANCE - NOISE,Q3
2026-07-12 03:36:38,1,SHOTS HEARD - IN PROGRESS,DISTURBANCE - NOISE,Q3
2026-07-12 03:26:58,4,FIREWORKS (NO HAZARD),DISTURBANCE - OTHER,E3
2026-07-12 03:21:38,2,DISTURBANCE,DISTURBANCE - NOISE,E2
2026-07-12 03:21:38,2,DISTURBANCE,DISTURBANCE - NOISE,E2
2026-07-12 03:21:02,4,NOISE - GENERAL,DISTURBANCE - NOISE,R3
2026-07-12 03:14:43,4,NOISE - GENERAL,DISTURBANCE - NOISE,E1
2026-07-12 03:14:24,1,DISTURBANCE,DISTURBANCE - OTHER,K3
2026-07-12 03:14:24,1,DISTURBANCE,DISTURBANCE - OTHER,K3
2026-07-12 03:14:24,1,DISTURBANCE,DISTURBANCE - OTHER,K3
2026-07-12 03:11:27,4,NOISE - GENERAL,DISTURBANCE - NOISE,R3
2026-07-12 03:07:22,1,SHOTS HEARD - IN PROGRESS,DISTURBANCE - NOISE,K2
2026-07-12 03:07:22,1,SHOTS HEARD - IN PROGRESS,DISTURBANCE - NOISE,K2
2026-07-12 02:59:13,1,DISTURBANCE,DISTURBANCE - OTHER,K3
2026-07-12 02:59:13,1,DISTURBANCE,DISTURBANCE - OTHER,K3
2026-07-12 02:57:39,2,TRAFFIC - ROAD RAGE,DISTURBANCE - OTHER,Q1
2026-07-12 02:57:36,4,FIREWORKS (NO HAZARD),DISTURBANCE - OTHER,W1
2026-07-12 02:57:36,4,FIREWORKS (NO HAZARD),DISTURBANCE - OTHER,W1
2026-07-12 02:39:47,2,DISTURBANCE,DISTURBANCE - OTHER,E3
2026-07-12 02:39:47,2,DISTURBANCE,DISTURBANCE - OTHER,E3
2026-07-12 02:39:36,1,SHOTS HEARD - IN PROGRESS,DISTURBANCE - NOISE,K3
2026-07-12 02:37:37,4,FIREWORKS (NO HAZARD),DISTURBANCE - NOISE,G1
2026-07-12 02:30:04,1,DISTURBANCE - DV CRITICAL,"DV - ARGUMENTS, DISTURBANCE (NO ARREST)",G2
2026-07-12 02:30:04,1,DISTURBANCE - DV CRITICAL,"DV - ARGUMENTS, DISTURBANCE (NO ARREST)",G2
2026-07-12 02:30:04,1,DISTURBANCE - DV CRITICAL,"DV - ARGUMENTS, DISTURBANCE (NO ARREST)",G2
2026-07-12 02:30:04,1,DISTURBANCE - DV CRITICAL,"DV - ARGUMENTS, DISTURBANCE (NO ARREST)",G2
2026-07-12 02:30:04,1,DISTURBANCE - DV CRITICAL,"DV - ARGUMENTS, DISTURBANCE (NO ARREST)",G2
2026-07-12 02:29:36,2,DISTURBANCE,DISTURBANCE - OTHER,D1
2026-07-12 02:24:27,4,FIREWORKS (NO HAZARD),DISTURBANCE - OTHER,W1
2026-07-12 02:07:00,1,SHOTS HEARD - IN PROGRESS,DISTURBANCE - OTHER,F1
2026-07-12 02:07:00,1,SHOTS HEARD - IN PROGRESS,DISTURBANCE - OTHER,F1
2026-07-12 02:07:00,1,SHOTS HEARD - IN PROGRESS,DISTURBANCE - OTHER,F1
2026-07-12 02:06:23,1,DISTURBANCE,DISTURBANCE - FIGHT,B1
2026-07-12 02:06:23,1,DISTURBANCE,DISTURBANCE - FIGHT,B1
2026-07-12 02:06:23,1,DISTURBANCE,DISTURBANCE - FIGHT,B1
2026-07-12 02:06:23,1,DISTURBANCE,DISTURBANCE - FIGHT,B1
2026-07-12 02:02:57,2,THREATS (INCLS IN-PERSON/BY PHONE/IN WRITING),DISTURBANCE - OTHER,K3
2026-07-12 02:00:58,2,DISTURBANCE,DISTURBANCE - OTHER,W1
2026-07-12 02:00:58,2,DISTURBANCE,DISTURBANCE - OTHER,W1
2026-07-12 01:54:37,4,NOISE - GENERAL,DISTURBANCE - NOISE RESIDENTIAL,M1
2026-07-12 01:37:21,1,FIGHT - PHYSICAL (NO WEAPONS),DISTURBANCE - FIGHT,K2
2026-07-12 01:37:21,1,FIGHT - PHYSICAL (NO WEAPONS),DISTURBANCE - FIGHT,K2
2026-07-12 01:37:21,1,FIGHT - PHYSICAL (NO WEAPONS),DISTURBANCE - FIGHT,K2
2026-07-12 01:37:21,1,FIGHT - PHYSICAL (NO WEAPONS),DISTURBANCE - FIGHT,K2
2026-07-12 01:37:21,1,FIGHT - PHYSICAL (NO WEAPONS),DISTURBANCE - FIGHT,K2
2026-07-12 01:34:46,1,SHOTS HEARD - IN PROGRESS,DISTURBANCE - NOISE,N3
2026-07-12 01:34:46,1,SHOTS HEARD - IN PROGRESS,DISTURBANCE - NOISE,N3
2026-07-12 01:15:31,1,HAZ - CRITICAL,DISTURBANCE - OTHER,J1
2026-07-12 01:15:31,1,HAZ - CRITICAL,DISTURBANCE - OTHER,J1
2026-07-12 01:15:31,1,HAZ - CRITICAL,DISTURBANCE - OTHER,J1
2026-07-12 01:15:31,1,HAZ - CRITICAL,DISTURBANCE - OTHER,J1
2026-07-12 01:07:14,2,HAZ - POTENTIAL THRT TO PHYS SAFETY,DISTURBANCE - OTHER,B1
2026-07-12 01:07:14,2,HAZ - POTENTIAL THRT TO PHYS SAFETY,DISTURBANCE - OTHER,B1
2026-07-12 01:07:14,2,HAZ - POTENTIAL THRT TO PHYS SAFETY,DISTURBANCE - OTHER,B1
2026-07-12 01:07:02,3,NUISANCE,DISTURBANCE - NOISE,D1
2026-07-12 01:05:39,4,NOISE - ANIMAL (INCLUDES BARKING DOGS),DISTURBANCE - OTHER,W1
2026-07-12 01:02:28,1,DISTURBANCE - DV CRITICAL,"DV - ARGUMENTS, DISTURBANCE (NO ARREST)",W1
2026-07-12 01:02:28,1,DISTURBANCE - DV CRITICAL,"DV - ARGUMENTS, DISTURBANCE (NO ARREST)",W1
2026-07-12 01:01:17,1,SHOTS HEARD - IN PROGRESS,DISTURBANCE - OTHER,F3
2026-07-12 00:58:09,2,DISTURBANCE,DISTURBANCE - OTHER,E2
2026-07-12 00:58:09,2,DISTURBANCE,DISTURBANCE - OTHER,E2
2026-07-12 00:58:09,2,DISTURBANCE,DISTURBANCE - OTHER,E2
2026-07-12 00:54:49,2,EXPLOSION,DISTURBANCE - OTHER,C3
2026-07-12 00:54:49,2,EXPLOSION,DISTURBANCE - OTHER,C3
2026-07-12 00:41:43,1,"SUSPICIOUS PERSON, VEHICLE, OR INCIDENT","DV - ARGUMENTS, DISTURBANCE (NO ARREST)",B2
2026-07-12 00:41:43,1,"SUSPICIOUS PERSON, VEHICLE, OR INCIDENT","DV - ARGUMENTS, DISTURBANCE (NO ARREST)",B2
2026-07-12 00:41:43,1,"SUSPICIOUS PERSON, VEHICLE, OR INCIDENT","DV - ARGUMENTS, DISTURBANCE (NO ARREST)",B2
2026-07-12 00:39:00,1,UNKNOWN - ANI/ALI - WRLS PHNS (INCL OPEN LINE),DISTURBANCE - OTHER,E3
2026-07-12 00:36:16,4,FIREWORKS (NO HAZARD),DISTURBANCE - OTHER,M1
2026-07-12 00:35:39,2,THREATS (INCLS IN-PERSON/BY PHONE/IN WRITING),DISTURBANCE - OTHER,U2
2026-07-12 00:25:04,3,NUISANCE,DISTURBANCE - NOISE,W1
2026-07-12 00:20:41,3,DISTURBANCE,MISCHIEF OR NUISANCE - GENERAL,Q3
2026-07-12 00:13:50,3,DISTURBANCE,DISTURBANCE - NOISE,M3
2026-07-12 00:12:37,1,SHOTS HEARD - IN PROGRESS,DISTURBANCE - OTHER,U3
2026-07-12 00:12:37,1,SHOTS HEARD - IN PROGRESS,DISTURBANCE - OTHER,U3
2026-07-12 00:10:01,1,SHOTS HEARD - IN PROGRESS,DISTURBANCE - OTHER,M3
2026-07-12 00:10:01,1,SHOTS HEARD - IN PROGRESS,DISTURBANCE - OTHER,M3
2026-07-12 00:01:13,4,FIREWORKS (NO HAZARD),DISTURBANCE - NOISE RESIDENTIAL,N2
2026-07-11 23:58:00,2,DISTURBANCE,CRISIS COMPLAINT - GENERAL,D3
2026-07-11 23:58:00,2,DISTURBANCE,CRISIS COMPLAINT - GENERAL,D3
2026-07-11 23:58:00,2,DISTURBANCE,CRISIS COMPLAINT - GENERAL,D3
2026-07-11 23:57:57,3,"SUSPICIOUS PERSON, VEHICLE, OR INCIDENT",DISTURBANCE - NOISE RESIDENTIAL,N2
2026-07-11 23:55:06,4,NOISE - GENERAL,DISTURBANCE - NOISE,D1
2026-07-11 23:48:41,4,NOISE - GENERAL,DISTURBANCE - NOISE,W1
2026-07-11 23:48:34,4,NOISE - GENERAL,DISTURBANCE - NOISE RESIDENTIAL,B1
2026-07-11 23:47:40,3,DISTURBANCE,DISTURBANCE - OTHER,G3
2026-07-11 23:47:04,4,NOISE - GENERAL,DISTURBANCE - NOISE,U1
2026-07-11 23:44:16,1,SHOTS HEARD - IN PROGRESS,DISTURBANCE - NOISE,N2
2026-07-11 23:43:15,3,DISTURBANCE,DISTURBANCE - OTHER,K3
2026-07-11 23:42:38,2,DISTURBANCE,SUSPICIOUS CIRCUM. - SUSPICIOUS PERSON,O2
2026-07-11 23:41:26,4,NOISE - GENERAL,DISTURBANCE - NOISE,D1
2026-07-11 23:40:14,2,DISTURBANCE - DV - NO ASLT,DISTURBANCE - OTHER,F2
2026-07-11 23:35:15,4,NOISE - GENERAL,DISTURBANCE - NOISE RESIDENTIAL,S1
2026-07-11 23:30:34,2,DISTURBANCE,DISTURBANCE - OTHER,W3
2026-07-11 23:26:11,4,NOISE - GENERAL,DISTURBANCE - NOISE,U1
2026-07-11 23:21:13,1,SHOTS HEARD - IN PROGRESS,DISTURBANCE - NOISE,L1
2026-07-11 23:21:04,2,DISTURBANCE,DISTURBANCE - OTHER,K2
2026-07-11 23:21:04,2,DISTURBANCE,DISTURBANCE - OTHER,K2
2026-07-11 23:21:04,2,DISTURBANCE,DISTURBANCE - OTHER,K2
2026-07-11 23:21:04,2,DISTURBANCE,DISTURBANCE - OTHER,K2
2026-07-11 23:20:01,4,NOISE - GENERAL,DISTURBANCE - NOISE RESIDENTIAL,K3
2026-07-11 23:19:48,4,NOISE - GENERAL,DISTURBANCE - NOISE,W1
2026-07-11 23:19:42,4,NOISE - GENERAL,DISTURBANCE - NOISE,U1
2026-07-11 23:18:01,2,DISTURBANCE - DV - NO ASLT,DISTURBANCE - OTHER,U1
2026-07-11 23:18:01,2,DISTURBANCE - DV - NO ASLT,DISTURBANCE - OTHER,U1
2026-07-11 23:13:54,3,DISTURBANCE,DISTURBANCE - NOISE RESIDENTIAL,N3
2026-07-11 23:13:35,3,DISTURBANCE,DISTURBANCE - NOISE RESIDENTIAL,G3
2026-07-11 23:10:56,4,NOISE - GENERAL,DISTURBANCE - NOISE,U1
2026-07-11 23:06:26,1,SHOTS HEARD - IN PROGRESS,DISTURBANCE - NOISE,C3
2026-07-11 23:06:26,1,SHOTS HEARD - IN PROGRESS,DISTURBANCE - NOISE,C3
2026-07-11 23:03:41,1,SHOTS HEARD - IN PROGRESS,DISTURBANCE - NOISE,L3
2026-07-11 23:01:29,1,SHOTS HEARD - IN PROGRESS,DISTURBANCE - NOISE,U1
2026-07-11 22:58:27,4,FIREWORKS (NO HAZARD),DISTURBANCE - OTHER,W1
2026-07-11 22:58:27,4,FIREWORKS (NO HAZARD),DISTURBANCE - OTHER,W1
2026-07-11 22:51:54,2,EXPLOSION,DISTURBANCE - NOISE,D1
2026-07-11 22:51:54,2,EXPLOSION,DISTURBANCE - NOISE,D1
2026-07-11 22:51:51,4,NOISE - GENERAL,DISTURBANCE - NOISE RESIDENTIAL,Q3
2026-07-11 22:48:37,2,DISTURBANCE,DISTURBANCE - OTHER,N3
2026-07-11 22:36:36,2,FIREWORKS (NO HAZARD),DISTURBANCE - OTHER,W1
2026-07-11 22:36:36,2,FIREWORKS (NO HAZARD),DISTURBANCE - OTHER,W1
2026-07-11 22:35:00,2,BURN - RECKLESS BURNING,DISTURBANCE - OTHER,N2
2026-07-11 22:34:14,1,DISTURBANCE - DV - NO ASLT,"DV - ARGUMENTS, DISTURBANCE (NO ARREST)",G1
2026-07-11 22:34:14,1,DISTURBANCE - DV - NO ASLT,"DV - ARGUMENTS, DISTURBANCE (NO ARREST)",G1
2026-07-11 22:34:14,1,DISTURBANCE - DV - NO ASLT,"DV - ARGUMENTS, DISTURBANCE (NO ARREST)",G1
2026-07-11 22:34:14,1,DISTURBANCE - DV - NO ASLT,"DV - ARGUMENTS, DISTURBANCE (NO ARREST)",G1
2026-07-11 22:34:14,1,DISTURBANCE - DV - NO ASLT,"DV - ARGUMENTS, DISTURBANCE (NO ARREST)",G1
2026-07-11 22:33:21,2,BURG - RESD (INCL UNOCC STRUCTURES ON PROP),DISTURBANCE - OTHER,E3
2026-07-11 22:32:19,4,NOISE - ANIMAL (INCLUDES BARKING DOGS),DISTURBANCE - NOISE,C1
2026-07-11 22:29:11,2,DISTURBANCE,DISTURBANCE - OTHER,R3
2026-07-11 22:29:11,2,DISTURBANCE,DISTURBANCE - OTHER,R3
2026-07-11 22:26:17,4,NOISE - GENERAL,DISTURBANCE - NOISE RESIDENTIAL,L2
2026-07-11 22:26:10,2,DISTURBANCE,DISTURBANCE - OTHER,K3
2026-07-11 22:22:52,2,EXPLOSION,DISTURBANCE - OTHER,L3
2026-07-11 22:21:33,2,DISTURBANCE,DISTURBANCE - OTHER,M3
2026-07-11 22:20:01,4,NOISE - GENERAL,DISTURBANCE - NOISE RESIDENTIAL,C3
2026-07-11 22:16:25,4,NOISE - GENERAL,DISTURBANCE - NOISE RESIDENTIAL,S1
2026-07-11 22:15:55,2,SHOTS HEARD - DELAY,DISTURBANCE - OTHER,U1
2026-07-11 22:15:39,4,NOISE - GENERAL,DISTURBANCE - NOISE,B2
2026-07-11 22:15:27,4,NOISE - GENERAL,DISTURBANCE - NOISE,C1
2026-07-11 22:08:30,4,NOISE - GENERAL,DISTURBANCE - NOISE,M1
2026-07-11 22:05:38,4,NOISE - GENERAL,DISTURBANCE - NOISE,L3
2026-07-11 22:00:56,4,NOISE - ANIMAL (INCLUDES BARKING DOGS),DISTURBANCE - NOISE RESIDENTIAL,Q3
2026-07-11 21:55:46,2,DISTURBANCE,DISTURBANCE - OTHER,W3
2026-07-11 21:54:42,4,NOISE - GENERAL,DISTURBANCE - NOISE,W3
2026-07-11 21:53:15,4,FIREWORKS (NO HAZARD),DISTURBANCE - OTHER,Q2
2026-07-11 21:41:12,1,DISTURBANCE,"ASSIST PUBLIC - 911 HANG UP, OPEN LINE",R2
2026-07-11 21:41:12,1,DISTURBANCE,"ASSIST PUBLIC - 911 HANG UP, OPEN LINE",R2
2026-07-11 21:41:12,1,DISTURBANCE,"ASSIST PUBLIC - 911 HANG UP, OPEN LINE",R2
2026-07-11 21:39:44,2,DISTURBANCE - DV - NO ASLT,DV - ENFORCE COURT ORDER (ARREST MANDATED),U1
2026-07-11 21:39:44,2,DISTURBANCE - DV - NO ASLT,DV - ENFORCE COURT ORDER (ARREST MANDATED),U1
2026-07-11 21:38:54,4,NOISE - GENERAL,DISTURBANCE - NOISE RESIDENTIAL,C3
2026-07-11 21:36:03,2,DISTURBANCE,DISTURBANCE - OTHER,K1
2026-07-11 21:25:54,2,DISTURBANCE,DISTURBANCE - OTHER,G1
2026-07-11 21:25:54,2,DISTURBANCE,DISTURBANCE - OTHER,G1
2026-07-11 21:24:08,4,NOISE - GENERAL,DISTURBANCE - NOISE,J3
2026-07-11 21:17:07,1,DISTURBANCE - DV CRITICAL,"DV - ARGUMENTS, DISTURBANCE (NO ARREST)",R2
2026-07-11 21:17:07,1,DISTURBANCE - DV CRITICAL,"DV - ARGUMENTS, DISTURBANCE (NO ARREST)",R2
2026-07-11 21:12:53,1,DISTURBANCE - DV CRITICAL,DISTURBANCE - OTHER,F3
2026-07-11 21:12:53,1,DISTURBANCE - DV CRITICAL,DISTURBANCE - OTHER,F3
2026-07-11 21:12:26,1,ASLT - CRITICAL (NO SHOOTINGS),DISTURBANCE - OTHER,R3
2026-07-11 21:12:26,1,ASLT - CRITICAL (NO SHOOTINGS),DISTURBANCE - OTHER,R3
2026-07-11 21:10:13,2,DISTURBANCE,DISTURBANCE - OTHER,Q3
2026-07-11 21:00:46,2,ASLT - WITH OR W/O WPNS (NO SHOOTINGS),DISTURBANCE - OTHER,C1
2026-07-11 21:00:46,2,ASLT - WITH OR W/O WPNS (NO SHOOTINGS),DISTURBANCE - OTHER,C1
2026-07-11 20:52:31,1,UNKNOWN - ANI/ALI - WRLS PHNS (INCL OPEN LINE),DISTURBANCE - OTHER,K2
2026-07-11 20:52:31,1,UNKNOWN - ANI/ALI - WRLS PHNS (INCL OPEN LINE),DISTURBANCE - OTHER,K2
2026-07-11 20:52:31,1,UNKNOWN - ANI/ALI - WRLS PHNS (INCL OPEN LINE),DISTURBANCE - OTHER,K2
2026-07-11 20:48:15,4,NOISE - GENERAL,ASSIST PUBLIC - OTHER (NON-SPECIFIED),F2
2026-07-11 20:43:42,2,DISTURBANCE,PROWLER - TRESPASS,C1
2026-07-11 20:43:42,2,DISTURBANCE,PROWLER - TRESPASS,C1
2026-07-11 20:43:42,2,DISTURBANCE,PROWLER - TRESPASS,C1
2026-07-11 20:40:17,2,DISTURBANCE,DISTURBANCE - OTHER,C1
2026-07-11 20:37:28,1,ASLT - DV CRITICAL,"DV - ARGUMENTS, DISTURBANCE (NO ARREST)",U3
2026-07-11 20:37:28,1,ASLT - DV CRITICAL,"DV - ARGUMENTS, DISTURBANCE (NO ARREST)",U3
2026-07-11 20:37:28,1,ASLT - DV CRITICAL,"DV - ARGUMENTS, DISTURBANCE (NO ARREST)",U3
2026-07-11 20:20:32,2,DISTURBANCE - DV - NO ASLT,DISTURBANCE - DV - NO ASLT,L1
2026-07-11 20:20:32,2,DISTURBANCE - DV - NO ASLT,DISTURBANCE - DV - NO ASLT,L1
2026-07-11 20:20:32,2,DISTURBANCE - DV - NO ASLT,DISTURBANCE - DV - NO ASLT,L1
2026-07-11 20:20:32,2,DISTURBANCE - DV - NO ASLT,DISTURBANCE - DV - NO ASLT,L1
2026-07-11 20:20:32,2,DISTURBANCE - DV - NO ASLT,DISTURBANCE - DV - NO ASLT,L1
2026-07-11 20:17:27,2,DISTURBANCE,DISTURBANCE - OTHER,C2
2026-07-11 20:17:27,2,DISTURBANCE,DISTURBANCE - OTHER,C2
2026-07-11 20:14:31,1,ASLT - DV CRITICAL,"DV - ARGUMENTS, DISTURBANCE (NO ARREST)",K3
2026-07-11 20:14:31,1,ASLT - DV CRITICAL,"DV - ARGUMENTS, DISTURBANCE (NO ARREST)",K3
2026-07-11 20:14:31,1,ASLT - DV CRITICAL,"DV - ARGUMENTS, DISTURBANCE (NO ARREST)",K3
2026-07-11 20:05:58,3,DISTURBANCE,"DV - ARGUMENTS, DISTURBANCE (NO ARREST)",W2
2026-07-11 20:05:58,3,DISTURBANCE,"DV - ARGUMENTS, DISTURBANCE (NO ARREST)",W2
2026-07-11 20:05:36,1,DISTURBANCE,SUSPICIOUS CIRCUM. - SUSPICIOUS PERSON,J2
2026-07-11 20:05:36,1,DISTURBANCE,SUSPICIOUS CIRCUM. - SUSPICIOUS PERSON,J2
2026-07-11 20:05:36,1,DISTURBANCE,SUSPICIOUS CIRCUM. - SUSPICIOUS PERSON,J2
2026-07-11 20:04:21,2,DISTURBANCE - DV - NO ASLT,"DV - ARGUMENTS, DISTURBANCE (NO ARREST)",J2
2026-07-11 20:04:21,2,DISTURBANCE - DV - NO ASLT,"DV - ARGUMENTS, DISTURBANCE (NO ARREST)",J2
2026-07-11 20:03:16,1,THREATS (INCLS IN-PERSON/BY PHONE/IN WRITING),DISTURBANCE - NOISE,N3
2026-07-11 19:56:22,4,NOISE - GENERAL,DISTURBANCE - NOISE RESIDENTIAL,J2
2026-07-11 19:52:15,3,ANIMAL - DANGEROUS,"ANIMAL COMPLAINT - NOISE,STRAY,BITE",S2
2026-07-11 19:30:24,3,BIAS,DISTURBANCE - OTHER,D3
2026-07-11 19:28:28,2,TRAFFIC - ROAD RAGE,DISTURBANCE - OTHER,C3
2026-07-11 19:19:25,2,"ALARM - COMM, SILENT/AUD BURG (INCL BANKS)",DISTURBANCE - OTHER,B2
2026-07-11 19:19:25,2,"ALARM - COMM, SILENT/AUD BURG (INCL BANKS)",DISTURBANCE - OTHER,B2
2026-07-11 19:19:25,2,"ALARM - COMM, SILENT/AUD BURG (INCL BANKS)",DISTURBANCE - OTHER,B2
2026-07-11 19:18:21,2,DISTURBANCE,DISTURBANCE - OTHER,E3
2026-07-11 19:17:23,2,DISTURBANCE - DV - NO ASLT,DV - DOMESTIC VIOL/ASLT (ARREST MANDATORY),R1
2026-07-11 19:17:23,2,DISTURBANCE - DV - NO ASLT,DV - DOMESTIC VIOL/ASLT (ARREST MANDATORY),R1
2026-07-11 19:17:23,2,DISTURBANCE - DV - NO ASLT,DV - DOMESTIC VIOL/ASLT (ARREST MANDATORY),R1
2026-07-11 19:17:23,2,DISTURBANCE - DV - NO ASLT,DV - DOMESTIC VIOL/ASLT (ARREST MANDATORY),R1
2026-07-11 19:10:17,2,DISTURBANCE - DV - NO ASLT,"DV - ARGUMENTS, DISTURBANCE (NO ARREST)",R2
2026-07-11 19:10:17,2,DISTURBANCE - DV - NO ASLT,"DV - ARGUMENTS, DISTURBANCE (NO ARREST)",R2
2026-07-11 19:10:17,2,DISTURBANCE - DV - NO ASLT,"DV - ARGUMENTS, DISTURBANCE (NO ARREST)",R2
2026-07-11 19:10:17,2,DISTURBANCE - DV - NO ASLT,"DV - ARGUMENTS, DISTURBANCE (NO ARREST)",R2
2026-07-11 18:34:06,3,DISTURBANCE,DISTURBANCE - OTHER,C3
2026-07-11 18:34:06,3,DISTURBANCE,DISTURBANCE - OTHER,C3
2026-07-11 18:34:05,3,DISTURBANCE,CRISIS COMPLAINT - GENERAL,W2
2026-07-11 18:34:05,3,DISTURBANCE,CRISIS COMPLAINT - GENERAL,W2
2026-07-11 18:34:05,3,DISTURBANCE,CRISIS COMPLAINT - GENERAL,W2
2026-07-11 18:34:05,3,DISTURBANCE,CRISIS COMPLAINT - GENERAL,W2
2026-07-11 18:34:05,3,DISTURBANCE,CRISIS COMPLAINT - GENERAL,W2
2026-07-11 18:34:05,3,DISTURBANCE,CRISIS COMPLAINT - GENERAL,W2
2026-07-11 18:32:54,2,BIAS,DISTURBANCE - OTHER,W3
2026-07-11 18:30:32,2,DISTURBANCE,SUSPICIOUS CIRCUM. - SUSPICIOUS PERSON,R2
2026-07-11 18:30:32,2,DISTURBANCE,SUSPICIOUS CIRCUM. - SUSPICIOUS PERSON,R2
2026-07-11 18:30:32,2,DISTURBANCE,SUSPICIOUS CIRCUM. - SUSPICIOUS PERSON,R2
2026-07-11 18:30:32,2,DISTURBANCE,SUSPICIOUS CIRCUM. - SUSPICIOUS PERSON,R2
2026-07-11 18:21:38,1,SHOTS HEARD - IN PROGRESS,DISTURBANCE - NOISE,R1
2026-07-11 18:14:30,2,DISTURBANCE,CRISIS COMPLAINT - GENERAL,R3
2026-07-11 18:14:30,2,DISTURBANCE,CRISIS COMPLAINT - GENERAL,R3
2026-07-11 18:14:30,2,DISTURBANCE,CRISIS COMPLAINT - GENERAL,R3
2026-07-11 18:10:01,3,"SUSPICIOUS PERSON, VEHICLE, OR INCIDENT",DISTURBANCE - OTHER,B2
2026-07-11 18:10:01,3,"SUSPICIOUS PERSON, VEHICLE, OR INCIDENT",DISTURBANCE - OTHER,B2
2026-07-11 18:03:33,4,NOISE - GENERAL,DISTURBANCE - OTHER,G2
2026-07-11 18:02:15,3,SERVICE - WELFARE CHECK,DISTURBANCE - OTHER,N3
2026-07-11 17:45:45,1,SHOTS HEARD - IN PROGRESS,DISTURBANCE - NOISE,R1
2026-07-11 17:45:45,1,SHOTS HEARD - IN PROGRESS,DISTURBANCE - NOISE,R1
2026-07-11 17:45:45,1,SHOTS HEARD - IN PROGRESS,DISTURBANCE - NOISE,R1
2026-07-11 17:45:45,1,SHOTS HEARD - IN PROGRESS,DISTURBANCE - NOISE,R1
2026-07-11 17:39:55,1,DISTURBANCE - DV CRITICAL,"ASSAULTS - HARASSMENT, THREATS",K3
2026-07-11 17:39:55,1,DISTURBANCE - DV CRITICAL,"ASSAULTS - HARASSMENT, THREATS",K3
2026-07-11 17:35:06,3,"NARCOTICS - VIOLATIONS (LOITER, USE, SELL, NARS)",DISTURBANCE - OTHER,E2
2026-07-11 17:31:33,3,PERSON IN BEHAVIORAL/EMOTIONAL CRISIS,DISTURBANCE - OTHER,G3
2026-07-11 17:31:33,3,PERSON IN BEHAVIORAL/EMOTIONAL CRISIS,DISTURBANCE - OTHER,G3
2026-07-11 17:17:23,1,ASLT - DV CRITICAL,"DV - ARGUMENTS, DISTURBANCE (NO ARREST)",U3
2026-07-11 17:17:23,1,ASLT - DV CRITICAL,"DV - ARGUMENTS, DISTURBANCE (NO ARREST)",U3
2026-07-11 17:15:30,3,THREATS (INCLS IN-PERSON/BY PHONE/IN WRITING),DISTURBANCE - OTHER,R2
2026-07-11 17:13:25,3,DISTURBANCE,ASSIST PUBLIC - OTHER (NON-SPECIFIED),B1
2026-07-11 16:56:00,2,DISTURBANCE,SEX OFFENSES (NON-RAPE) - LEWD CONDUCT,Q1
2026-07-11 16:56:00,2,DISTURBANCE,SEX OFFENSES (NON-RAPE) - LEWD CONDUCT,Q1
2026-07-11 16:48:33,2,EXPLOSION,DISTURBANCE - NOISE,K3
2026-07-11 16:46:13,2,DISTURBANCE - DV - NO ASLT,DISTURBANCE - OTHER,D2
2026-07-11 16:46:13,2,DISTURBANCE - DV - NO ASLT,DISTURBANCE - OTHER,D2
2026-07-11 16:31:41,2,DISTURBANCE,PROWLER - TRESPASS,M2
2026-07-11 16:31:41,2,DISTURBANCE,PROWLER - TRESPASS,M2
2026-07-11 16:23:24,1,SHOTS HEARD - IN PROGRESS,DISTURBANCE - NOISE,L3
2026-07-11 16:23:24,1,SHOTS HEARD - IN PROGRESS,DISTURBANCE - NOISE,L3
2026-07-11 16:23:24,1,SHOTS HEARD - IN PROGRESS,DISTURBANCE - NOISE,L3
2026-07-11 16:23:24,1,SHOTS HEARD - IN PROGRESS,DISTURBANCE - NOISE,L3
2026-07-11 16:13:46,2,DISTURBANCE,DISTURBANCE - OTHER,U2
2026-07-11 16:13:46,2,DISTURBANCE,DISTURBANCE - OTHER,U2
2026-07-11 16:13:46,2,DISTURBANCE,DISTURBANCE - OTHER,U2
2026-07-11 16:08:24,1,UNKNOWN - ANI/ALI - WRLS PHNS (INCL OPEN LINE),DISTURBANCE - OTHER,E2
2026-07-11 16:08:24,1,UNKNOWN - ANI/ALI - WRLS PHNS (INCL OPEN LINE),DISTURBANCE - OTHER,E2
2026-07-11 15:44:36,3,NUISANCE,DISTURBANCE - OTHER,B1
2026-07-11 15:44:36,3,NUISANCE,DISTURBANCE - OTHER,B1
2026-07-11 15:42:44,3,DISTURBANCE,DISTURBANCE - OTHER,N3
2026-07-11 15:34:38,2,DISTURBANCE - DV - NO ASLT,DISTURBANCE - OTHER,R2
2026-07-11 15:34:38,2,DISTURBANCE - DV - NO ASLT,DISTURBANCE - OTHER,R2
2026-07-11 15:18:40,1,UNKNOWN - ANI/ALI - LANDLINE (INCLUDES OPEN LINE),DISTURBANCE - OTHER,W2
2026-07-11 15:04:21,1,UNKNOWN - ANI/ALI - LANDLINE (INCLUDES OPEN LINE),"DV - ARGUMENTS, DISTURBANCE (NO ARREST)",J2
2026-07-11 15:02:28,2,DISTURBANCE,SUSPICIOUS CIRCUM. - SUSPICIOUS PERSON,C3
2026-07-11 15:02:28,2,DISTURBANCE,SUSPICIOUS CIRCUM. - SUSPICIOUS PERSON,C3
2026-07-11 14:29:33,2,DISTURBANCE,DISTURBANCE,U1
2026-07-11 14:29:08,4,NOISE - GENERAL,DISTURBANCE - NOISE,M1
2026-07-11 14:18:47,2,FIGHT - PHYSICAL (NO WEAPONS),DISTURBANCE - FIGHT,K3
2026-07-11 14:18:47,2,FIGHT - PHYSICAL (NO WEAPONS),DISTURBANCE - FIGHT,K3
2026-07-11 14:18:47,2,FIGHT - PHYSICAL (NO WEAPONS),DISTURBANCE - FIGHT,K3
2026-07-11 14:07:20,3,PERSON IN BEHAVIORAL/EMOTIONAL CRISIS,DISTURBANCE - OTHER,C2
2026-07-11 14:02:37,2,DISTURBANCE,SUSPICIOUS CIRCUM. - SUSPICIOUS PERSON,Q3
2026-07-11 14:02:37,2,DISTURBANCE,SUSPICIOUS CIRCUM. - SUSPICIOUS PERSON,Q3
2026-07-11 13:55:04,2,DISTURBANCE,DISTURBANCE,S3
2026-07-11 13:55:04,2,DISTURBANCE,DISTURBANCE,S3
2026-07-11 13:55:04,2,DISTURBANCE,DISTURBANCE,S3
2026-07-11 13:23:36,2,DISTURBANCE,DISTURBANCE - OTHER,S2
2026-07-11 13:23:36,2,DISTURBANCE,DISTURBANCE - OTHER,S2
2026-07-11 13:20:14,2,DISTURBANCE,DISTURBANCE - OTHER,N3
2026-07-11 13:20:14,2,DISTURBANCE,DISTURBANCE - OTHER,N3
2026-07-11 13:07:53,2,DISTURBANCE - DV - NO ASLT,"DV - ARGUMENTS, DISTURBANCE (NO ARREST)",D2
2026-07-11 13:07:53,2,DISTURBANCE - DV - NO ASLT,"DV - ARGUMENTS, DISTURBANCE (NO ARREST)",D2
2026-07-11 13:07:53,2,DISTURBANCE - DV - NO ASLT,"DV - ARGUMENTS, DISTURBANCE (NO ARREST)",D2
2026-07-11 13:07:53,2,DISTURBANCE - DV - NO ASLT,"DV - ARGUMENTS, DISTURBANCE (NO ARREST)",D2
2026-07-11 13:01:53,2,DISTURBANCE - DV - NO ASLT,CRISIS COMPLAINT - GENERAL,E3
2026-07-11 13:01:53,2,DISTURBANCE - DV - NO ASLT,CRISIS COMPLAINT - GENERAL,E3
2026-07-11 13:01:53,2,DISTURBANCE - DV - NO ASLT,CRISIS COMPLAINT - GENERAL,E3
2026-07-11 12:57:28,2,DISTURBANCE - DV - NO ASLT,"DV - ARGUMENTS, DISTURBANCE (NO ARREST)",N3
2026-07-11 12:57:28,2,DISTURBANCE - DV - NO ASLT,"DV - ARGUMENTS, DISTURBANCE (NO ARREST)",N3
2026-07-11 12:57:28,2,DISTURBANCE - DV - NO ASLT,"DV - ARGUMENTS, DISTURBANCE (NO ARREST)",N3
2026-07-11 12:47:57,2,DISTURBANCE,DISTURBANCE - OTHER,M1
2026-07-11 12:47:57,2,DISTURBANCE,DISTURBANCE - OTHER,M1
2026-07-11 12:47:57,2,DISTURBANCE,DISTURBANCE - OTHER,M1
2026-07-11 12:46:47,5,TRU - DISTURBANCE,DISTURBANCE - OTHER,L1
2026-07-11 12:14:49,1,ASLT - DV CRITICAL,"DV - ARGUMENTS, DISTURBANCE (NO ARREST)",W2
2026-07-11 12:14:49,1,ASLT - DV CRITICAL,"DV - ARGUMENTS, DISTURBANCE (NO ARREST)",W2
2026-07-11 12:14:49,1,ASLT - DV CRITICAL,"DV - ARGUMENTS, DISTURBANCE (NO ARREST)",W2
2026-07-11 12:11:24,4,NOISE - GENERAL,DISTURBANCE - NOISE,M1
2026-07-11 12:08:28,2,PROPERTY - DAMAGE,DISTURBANCE - OTHER,E3
2026-07-11 11:51:14,1,UNKNOWN - COMPLAINT OF UNKNOWN NATURE,DISTURBANCE - NOISE RESIDENTIAL,U3
2026-07-11 11:51:14,1,UNKNOWN - COMPLAINT OF UNKNOWN NATURE,DISTURBANCE - NOISE RESIDENTIAL,U3
2026-07-11 11:45:06,2,DISTURBANCE,DISTURBANCE - OTHER,S2
2026-07-11 11:45:06,2,DISTURBANCE,DISTURBANCE - OTHER,S2
2026-07-11 11:45:06,2,DISTURBANCE,DISTURBANCE - OTHER,S2
2026-07-11 11:28:27,2,DISTURBANCE,DISTURBANCE - OTHER,E2
2026-07-11 10:47:56,2,DISTURBANCE,DISTURBANCE - OTHER,D2
2026-07-11 10:47:56,2,DISTURBANCE,DISTURBANCE - OTHER,D2
2026-07-11 10:46:23,2,DISTURBANCE,CRISIS COMPLAINT - GENERAL,E1
2026-07-11 10:46:23,2,DISTURBANCE,CRISIS COMPLAINT - GENERAL,E1
2026-07-11 10:46:23,2,DISTURBANCE,CRISIS COMPLAINT - GENERAL,E1
2026-07-11 10:33:35,2,DISTURBANCE - DV - NO ASLT,"DV - ARGUMENTS, DISTURBANCE (NO ARREST)",N1
2026-07-11 10:24:28,2,"CHILD - ABAND, ABUSE, MOLEST, NEGLECT","DV - ARGUMENTS, DISTURBANCE (NO ARREST)",K2
2026-07-11 10:24:28,2,"CHILD - ABAND, ABUSE, MOLEST, NEGLECT","DV - ARGUMENTS, DISTURBANCE (NO ARREST)",K2
2026-07-11 10:24:28,2,"CHILD - ABAND, ABUSE, MOLEST, NEGLECT","DV - ARGUMENTS, DISTURBANCE (NO ARREST)",K2
2026-07-11 10:24:28,2,"CHILD - ABAND, ABUSE, MOLEST, NEGLECT","DV - ARGUMENTS, DISTURBANCE (NO ARREST)",K2
2026-07-11 10:24:28,2,"CHILD - ABAND, ABUSE, MOLEST, NEGLECT","DV - ARGUMENTS, DISTURBANCE (NO ARREST)",K2
2026-07-11 10:24:28,2,"CHILD - ABAND, ABUSE, MOLEST, NEGLECT","DV - ARGUMENTS, DISTURBANCE (NO ARREST)",K2
2026-07-11 10:23:18,1,ASLT - CRITICAL (NO SHOOTINGS),DISTURBANCE - OTHER,F3
2026-07-11 10:23:18,1,ASLT - CRITICAL (NO SHOOTINGS),DISTURBANCE - OTHER,F3
2026-07-11 10:20:37,1,ASLT - DV CRITICAL,"DV - ARGUMENTS, DISTURBANCE (NO ARREST)",S3
2026-07-11 10:20:37,1,ASLT - DV CRITICAL,"DV - ARGUMENTS, DISTURBANCE (NO ARREST)",S3
2026-07-11 10:20:37,1,ASLT - DV CRITICAL,"DV - ARGUMENTS, DISTURBANCE (NO ARREST)",S3
2026-07-11 10:11:18,1,DISTURBANCE,DV - DOMESTIC VIOL/ASLT (ARREST MANDATORY),G1
2026-07-11 10:11:18,1,DISTURBANCE,DV - DOMESTIC VIOL/ASLT (ARREST MANDATORY),G1
2026-07-11 10:11:18,1,DISTURBANCE,DV - DOMESTIC VIOL/ASLT (ARREST MANDATORY),G1
2026-07-11 10:11:18,1,DISTURBANCE,DV - DOMESTIC VIOL/ASLT (ARREST MANDATORY),G1
2026-07-11 10:11:18,1,DISTURBANCE,DV - DOMESTIC VIOL/ASLT (ARREST MANDATORY),G1
2026-07-11 09:12:03,2,DISTURBANCE,DISTURBANCE - OTHER,S2
2026-07-11 09:12:03,2,DISTURBANCE,DISTURBANCE - OTHER,S2
2026-07-11 09:12:03,2,DISTURBANCE,DISTURBANCE - OTHER,S2
2026-07-11 09:12:03,2,DISTURBANCE,DISTURBANCE - OTHER,S2
2026-07-11 09:12:03,2,DISTURBANCE,DISTURBANCE - OTHER,S2
2026-07-11 09:12:03,2,DISTURBANCE,DISTURBANCE - OTHER,S2
2026-07-11 09:02:33,4,NOISE - GENERAL,DISTURBANCE - NOISE RESIDENTIAL,N3
2026-07-11 09:02:33,3,THEFT (DOES NOT INCLUDE SHOPLIFT OR SVCS),DISTURBANCE - OTHER,C3
2026-07-11 08:59:03,3,"URINATING, DEFECATING IN PUBLIC",DISTURBANCE - OTHER,D2
2026-07-11 08:57:29,2,DISTURBANCE,DISTURBANCE - OTHER,E3
2026-07-11 08:57:29,2,DISTURBANCE,DISTURBANCE - OTHER,E3
2026-07-11 08:34:33,3,DISTURBANCE - DV - NO ASLT,"DV - ARGUMENTS, DISTURBANCE (NO ARREST)",F1
2026-07-11 08:25:43,2,DISTURBANCE,DISTURBANCE - OTHER,B1
2026-07-11 08:25:43,2,DISTURBANCE,DISTURBANCE - OTHER,B1
2026-07-11 08:25:43,2,DISTURBANCE,DISTURBANCE - OTHER,B1
2026-07-11 08:24:51,2,EXPLOSION,DISTURBANCE - OTHER,B2
2026-07-11 08:24:51,2,EXPLOSION,DISTURBANCE - OTHER,B2
2026-07-11 08:24:51,2,EXPLOSION,DISTURBANCE - OTHER,B2
2026-07-11 08:24:51,2,EXPLOSION,DISTURBANCE - OTHER,B2
2026-07-11 08:21:41,5,TRU - DISTURBANCE,DISTURBANCE - OTHER,B2
2026-07-11 07:46:13,2,DISTURBANCE - DV - NO ASLT,"DV - ARGUMENTS, DISTURBANCE (NO ARREST)",E1
2026-07-11 07:46:13,2,DISTURBANCE - DV - NO ASLT,"DV - ARGUMENTS, DISTURBANCE (NO ARREST)",E1
2026-07-11 07:23:32,2,HAZ - POTENTIAL THRT TO PHYS SAFETY,DISTURBANCE - OTHER,K3
2026-07-11 07:23:32,2,HAZ - POTENTIAL THRT TO PHYS SAFETY,DISTURBANCE - OTHER,K3
2026-07-11 07:23:32,2,HAZ - POTENTIAL THRT TO PHYS SAFETY,DISTURBANCE - OTHER,K3
2026-07-11 07:21:37,3,DISTURBANCE,DISTURBANCE - OTHER,Q2
2026-07-11 07:21:37,3,DISTURBANCE,DISTURBANCE - OTHER,Q2
2026-07-11 07:18:21,4,NOISE - GENERAL,ASSIST PUBLIC - OTHER (NON-SPECIFIED),R3
2026-07-11 07:18:21,4,NOISE - GENERAL,ASSIST PUBLIC - OTHER (NON-SPECIFIED),R3
2026-07-11 06:15:09,2,DISTURBANCE - DV - NO ASLT,DV - DOMESTIC VIOLENCE (ARREST DISCRETIONARY),Q1
2026-07-11 06:15:09,2,DISTURBANCE - DV - NO ASLT,DV - DOMESTIC VIOLENCE (ARREST DISCRETIONARY),Q1
2026-07-11 06:12:10,1,ASLT - CRITICAL (NO SHOOTINGS),DISTURBANCE - OTHER,N3
2026-07-11 06:12:10,1,ASLT - CRITICAL (NO SHOOTINGS),DISTURBANCE - OTHER,N3
2026-07-11 06:12:10,1,ASLT - CRITICAL (NO SHOOTINGS),DISTURBANCE - OTHER,N3
2026-07-11 06:12:10,1,ASLT - CRITICAL (NO SHOOTINGS),DISTURBANCE - OTHER,N3
2026-07-11 06:12:10,1,ASLT - CRITICAL (NO SHOOTINGS),DISTURBANCE - OTHER,N3
2026-07-11 06:12:10,1,ASLT - CRITICAL (NO SHOOTINGS),DISTURBANCE - OTHER,N3
2026-07-11 06:12:10,1,ASLT - CRITICAL (NO SHOOTINGS),DISTURBANCE - OTHER,N3
2026-07-11 06:01:43,2,EXPLOSION,DISTURBANCE - OTHER,L3
2026-07-11 05:58:32,4,NOISE - GENERAL,ASSIST PUBLIC - OTHER (NON-SPECIFIED),R3
2026-07-11 05:56:50,1,DISTURBANCE - DV CRITICAL,"DV - ARGUMENTS, DISTURBANCE (NO ARREST)",D2
2026-07-11 05:56:50,1,DISTURBANCE - DV CRITICAL,"DV - ARGUMENTS, DISTURBANCE (NO ARREST)",D2
2026-07-11 05:56:50,1,DISTURBANCE - DV CRITICAL,"DV - ARGUMENTS, DISTURBANCE (NO ARREST)",D2
2026-07-11 05:38:32,1,UNKNOWN - COMPLAINT OF UNKNOWN NATURE,DISTURBANCE - OTHER,L1
2026-07-11 05:38:32,1,UNKNOWN - COMPLAINT OF UNKNOWN NATURE,DISTURBANCE - OTHER,L1
2026-07-11 05:18:53,2,THREATS (INCLS IN-PERSON/BY PHONE/IN WRITING),DISTURBANCE - OTHER,F2
2026-07-11 05:18:53,2,THREATS (INCLS IN-PERSON/BY PHONE/IN WRITING),DISTURBANCE - OTHER,F2
2026-07-11 05:10:32,2,HAZ - POTENTIAL THRT TO PHYS SAFETY,DISTURBANCE - OTHER,R2
2026-07-11 05:10:32,2,HAZ - POTENTIAL THRT TO PHYS SAFETY,DISTURBANCE - OTHER,R2
2026-07-11 04:54:00,1,UNKNOWN - COMPLAINT OF UNKNOWN NATURE,DISTURBANCE - OTHER,J3
2026-07-11 04:54:00,1,UNKNOWN - COMPLAINT OF UNKNOWN NATURE,DISTURBANCE - OTHER,J3
2026-07-11 04:54:00,1,UNKNOWN - COMPLAINT OF UNKNOWN NATURE,DISTURBANCE - OTHER,J3
2026-07-11 04:54:00,1,UNKNOWN - COMPLAINT OF UNKNOWN NATURE,DISTURBANCE - OTHER,J3
2026-07-11 04:46:45,1,SHOTS HEARD - IN PROGRESS,DISTURBANCE - OTHER,L3
2026-07-11 04:46:45,1,SHOTS HEARD - IN PROGRESS,DISTURBANCE - OTHER,L3
2026-07-11 04:37:50,2,DISTURBANCE,DISTURBANCE - OTHER,W2
2026-07-11 04:37:50,2,DISTURBANCE,DISTURBANCE - OTHER,W2
2026-07-11 04:09:48,1,SHOTS HEARD - IN PROGRESS,DISTURBANCE - NOISE,K3
2026-07-11 04:09:38,1,DISTURBANCE - DV CRITICAL,DISTURBANCE - OTHER,D2
2026-07-11 04:09:38,1,DISTURBANCE - DV CRITICAL,DISTURBANCE - OTHER,D2
2026-07-11 04:08:50,1,SHOTS HEARD - IN PROGRESS,DISTURBANCE - NOISE,G3
2026-07-11 04:04:31,4,NOISE - GENERAL,DISTURBANCE - NOISE,D1
2026-07-11 04:03:07,2,ASLT - WITH OR W/O WPNS (NO SHOOTINGS),DISTURBANCE - OTHER,J1
2026-07-11 04:01:22,2,DISTURBANCE,DISTURBANCE - OTHER,N3
2026-07-11 03:46:12,3,DISTURBANCE - DV - NO ASLT,CRISIS COMPLAINT - GENERAL,C3
2026-07-11 03:19:04,3,ASLT - WITH OR W/O WPNS (NO SHOOTINGS),DISTURBANCE - OTHER,D3
2026-07-11 03:19:04,3,ASLT - WITH OR W/O WPNS (NO SHOOTINGS),DISTURBANCE - OTHER,D3
2026-07-11 03:13:29,4,NOISE - GENERAL,DISTURBANCE - NOISE,Q2
2026-07-11 03:13:00,3,DISTURBANCE,"ASSAULTS, OTHER",E2
2026-07-11 03:13:00,3,DISTURBANCE,"ASSAULTS, OTHER",E2
2026-07-11 03:13:00,3,DISTURBANCE,"ASSAULTS, OTHER",E2
2026-07-11 03:13:00,3,DISTURBANCE,"ASSAULTS, OTHER",E2
2026-07-11 03:12:41,2,ROBBERY (INCL STRONG ARM),DISTURBANCE - FIGHT,K3
2026-07-11 03:12:41,2,ROBBERY (INCL STRONG ARM),DISTURBANCE - FIGHT,K3
2026-07-11 03:12:41,2,ROBBERY (INCL STRONG ARM),DISTURBANCE - FIGHT,K3
2026-07-11 03:12:41,2,ROBBERY (INCL STRONG ARM),DISTURBANCE - FIGHT,K3
2026-07-11 03:12:41,2,ROBBERY (INCL STRONG ARM),DISTURBANCE - FIGHT,K3
2026-07-11 03:07:38,3,SERVICE - WELFARE CHECK,DISTURBANCE - NOISE,D2
2026-07-11 03:03:39,2,DISTURBANCE - DV - NO ASLT,DISTURBANCE - OTHER,U1
2026-07-11 03:00:50,4,NOISE - GENERAL,DISTURBANCE - NOISE,W1
2026-07-11 02:45:48,1,UNKNOWN - COMPLAINT OF UNKNOWN NATURE,DISTURBANCE - NOISE,K2
2026-07-11 02:45:48,1,UNKNOWN - COMPLAINT OF UNKNOWN NATURE,DISTURBANCE - NOISE,K2
2026-07-11 02:45:48,1,UNKNOWN - COMPLAINT OF UNKNOWN NATURE,DISTURBANCE - NOISE,K2
2026-07-11 02:44:18,3,DISTURBANCE,DISTURBANCE - OTHER,D3
2026-07-11 02:43:59,4,NOISE - GENERAL,DISTURBANCE - NOISE,E2
2026-07-11 02:42:02,4,NOISE - GENERAL,DISTURBANCE - NOISE,W1
2026-07-11 02:14:42,1,OVERDOSE,DISTURBANCE - OTHER,N3
2026-07-11 02:14:42,1,OVERDOSE,DISTURBANCE - OTHER,N3
2026-07-11 02:13:27,2,DISTURBANCE,DISTURBANCE - OTHER,F2
2026-07-11 02:12:44,1,DISTURBANCE,"SUSPICIOUS CIRCUM. - BUILDING (OPEN DOOR, ETC)",B2
2026-07-11 02:12:44,1,DISTURBANCE,"SUSPICIOUS CIRCUM. - BUILDING (OPEN DOOR, ETC)",B2
2026-07-11 02:09:06,4,NOISE - GENERAL,DISTURBANCE - NOISE,R3
2026-07-11 01:54:44,1,SHOTS HEARD - IN PROGRESS,DISTURBANCE - NOISE,B1
2026-07-11 01:54:44,1,SHOTS HEARD - IN PROGRESS,DISTURBANCE - NOISE,B1
2026-07-11 01:49:42,4,FIREWORKS (NO HAZARD),DISTURBANCE - NOISE,C1
2026-07-11 01:46:26,4,FIREWORKS (NO HAZARD),DISTURBANCE - NOISE,G2
2026-07-11 01:37:36,2,"SUSPICIOUS PERSON, VEHICLE, OR INCIDENT",DISTURBANCE - OTHER,R1
2026-07-11 01:37:36,2,"SUSPICIOUS PERSON, VEHICLE, OR INCIDENT",DISTURBANCE - OTHER,R1
2026-07-11 01:36:26,1,SHOTS HEARD - IN PROGRESS,DISTURBANCE - NOISE RESIDENTIAL,S2
2026-07-11 01:36:26,1,SHOTS HEARD - IN PROGRESS,DISTURBANCE - NOISE RESIDENTIAL,S2
2026-07-11 01:36:04,3,"SUSPICIOUS PERSON, VEHICLE, OR INCIDENT",DISTURBANCE - OTHER,K3
2026-07-11 01:28:44,2,DISTURBANCE,"ASSAULTS, OTHER",B1
2026-07-11 01:28:44,2,DISTURBANCE,"ASSAULTS, OTHER",B1
2026-07-11 01:28:44,2,DISTURBANCE,"ASSAULTS, OTHER",B1
2026-07-11 01:28:44,2,DISTURBANCE,"ASSAULTS, OTHER",B1
2026-07-11 01:28:44,2,DISTURBANCE,"ASSAULTS, OTHER",B1
2026-07-11 01:28:01,4,NOISE - GENERAL,DISTURBANCE - NOISE,D3
2026-07-11 01:25:30,2,DISTURBANCE,DISTURBANCE - OTHER,K3
2026-07-11 01:24:19,4,FIREWORKS (NO HAZARD),DISTURBANCE - NOISE RESIDENTIAL,S1
2026-07-11 01:22:27,4,FIREWORKS (NO HAZARD),DISTURBANCE - NOISE,L2
2026-07-11 01:21:46,2,DISTURBANCE,"ASSAULTS - HARASSMENT, THREATS",U2
2026-07-11 01:21:46,2,DISTURBANCE,"ASSAULTS - HARASSMENT, THREATS",U2
2026-07-11 01:21:46,2,DISTURBANCE,"ASSAULTS - HARASSMENT, THREATS",U2
2026-07-11 01:21:46,2,DISTURBANCE,"ASSAULTS - HARASSMENT, THREATS",U2
2026-07-11 01:20:59,4,NOISE - GENERAL,NOISE - GENERAL,R2
2026-07-11 01:20:02,3,TRAFFIC - MOVING VIOLATION,DISTURBANCE - OTHER,F1
2026-07-11 01:18:27,3,ASSIST PUBLIC - NO WELFARE CHK OR DV ORDER SERVICE,DISTURBANCE - OTHER,E2
2026-07-11 01:14:55,4,NOISE - GENERAL,DISTURBANCE - NOISE,C2
2026-07-11 01:14:06,7,TRAFFIC STOP - OFFICER INITIATED ONVIEW,DISTURBANCE - OTHER,G2
2026-07-11 01:13:35,4,NOISE - GENERAL,DISTURBANCE - NOISE,L1
2026-07-11 01:02:39,1,UNKNOWN - ANI/ALI - WRLS PHNS (INCL OPEN LINE),DISTURBANCE - OTHER,G2
2026-07-11 01:02:39,1,UNKNOWN - ANI/ALI - WRLS PHNS (INCL OPEN LINE),DISTURBANCE - OTHER,G2
2026-07-11 00:54:45,4,NOISE - GENERAL,DISTURBANCE - NOISE,E1
2026-07-11 00:53:44,2,DISTURBANCE,DISTURBANCE - OTHER,F3
2026-07-11 00:38:49,1,SHOTS HEARD - IN PROGRESS,DISTURBANCE - NOISE RESIDENTIAL,L3
2026-07-11 00:38:49,1,SHOTS HEARD - IN PROGRESS,DISTURBANCE - NOISE RESIDENTIAL,L3
2026-07-11 00:33:59,1,DISTURBANCE - DV CRITICAL,DISTURBANCE - OTHER,U3
2026-07-11 00:33:59,1,DISTURBANCE - DV CRITICAL,DISTURBANCE - OTHER,U3
2026-07-11 00:33:59,1,DISTURBANCE - DV CRITICAL,DISTURBANCE - OTHER,U3
2026-07-11 00:19:31,2,DISTURBANCE - DV - NO ASLT,CRISIS COMPLAINT - GENERAL,U3
2026-07-11 00:19:31,2,DISTURBANCE - DV - NO ASLT,CRISIS COMPLAINT - GENERAL,U3
2026-07-11 00:19:31,2,DISTURBANCE - DV - NO ASLT,CRISIS COMPLAINT - GENERAL,U3
2026-07-11 00:18:14,4,NOISE - GENERAL,DISTURBANCE - NOISE,D3
2026-07-11 00:14:27,4,NOISE - GENERAL,DISTURBANCE - NOISE,Q2
2026-07-11 00:04:05,1,SHOTS HEARD - IN PROGRESS,DISTURBANCE - OTHER,C3
2026-07-11 00:04:05,1,SHOTS HEARD - IN PROGRESS,DISTURBANCE - OTHER,C3
2026-07-11 00:04:05,1,SHOTS HEARD - IN PROGRESS,DISTURBANCE - OTHER,C3
2026-07-11 00:03:57,2,HAZ - POTENTIAL THRT TO PHYS SAFETY,DISTURBANCE - OTHER,W3
2026-07-11 00:01:51,2,DISTURBANCE,DISTURBANCE - NOISE,Q3
2026-07-10 23:59:33,4,FIREWORKS (NO HAZARD),DISTURBANCE - NOISE RESIDENTIAL,B2
2026-07-10 23:54:00,3,DISTURBANCE,DISTURBANCE - OTHER,L2
2026-07-10 23:52:11,4,NOISE - GENERAL,DISTURBANCE - OTHER,F1
2026-07-10 23:51:12,4,FIREWORKS (NO HAZARD),DISTURBANCE - NOISE,G1
2026-07-10 23:51:10,2,DISTURBANCE,DISTURBANCE - OTHER,E3
2026-07-10 23:50:20,2,EXPLOSION,DISTURBANCE - NOISE,N1
2026-07-10 23:47:49,1,UNKNOWN - ANI/ALI - WRLS PHNS (INCL OPEN LINE),DISTURBANCE - OTHER,U1
2026-07-10 23:47:49,1,UNKNOWN - ANI/ALI - WRLS PHNS (INCL OPEN LINE),DISTURBANCE - OTHER,U1
2026-07-10 23:47:49,1,UNKNOWN - ANI/ALI - WRLS PHNS (INCL OPEN LINE),DISTURBANCE - OTHER,U1
2026-07-10 23:47:15,3,ASSIST PUBLIC - NO WELFARE CHK OR DV ORDER SERVICE,DISTURBANCE - OTHER,F2
2026-07-10 23:41:15,1,SHOTS HEARD - IN PROGRESS,DISTURBANCE - OTHER,C2
2026-07-10 23:41:15,1,SHOTS HEARD - IN PROGRESS,DISTURBANCE - OTHER,C2
2026-07-10 23:41:15,1,SHOTS HEARD - IN PROGRESS,DISTURBANCE - OTHER,C2
2026-07-10 23:37:51,1,SHOTS HEARD - IN PROGRESS,DISTURBANCE - OTHER,G1
2026-07-10 23:37:51,1,SHOTS HEARD - IN PROGRESS,DISTURBANCE - OTHER,G1
2026-07-10 23:34:42,4,NOISE - GENERAL,DISTURBANCE - NOISE,B1
2026-07-10 23:29:12,2,"ANIMAL - INJURED, DEAD HAZARD, OTHER",DISTURBANCE - OTHER,G1
2026-07-10 23:24:35,1,UNKNOWN - COMPLAINT OF UNKNOWN NATURE,DISTURBANCE - OTHER,G3
2026-07-10 23:24:35,1,UNKNOWN - COMPLAINT OF UNKNOWN NATURE,DISTURBANCE - OTHER,G3
2026-07-10 23:24:35,1,UNKNOWN - COMPLAINT OF UNKNOWN NATURE,DISTURBANCE - OTHER,G3
2026-07-10 23:21:01,3,NUISANCE,DISTURBANCE - OTHER,U2
2026-07-10 23:15:58,4,NOISE - GENERAL,DISTURBANCE - NOISE,B1
2026-07-10 23:15:06,1,UNKNOWN - ANI/ALI - WRLS PHNS (INCL OPEN LINE),DISTURBANCE - OTHER,G2
2026-07-10 23:04:18,4,NOISE - GENERAL,DISTURBANCE - NOISE,B3
2026-07-10 22:58:22,2,DISTURBANCE,PROPERTY DEST (DAMG),M2
2026-07-10 22:49:28,4,FIREWORKS (NO HAZARD),DISTURBANCE - OTHER,W3
2026-07-10 22:36:47,1,SHOTS HEARD - IN PROGRESS,DISTURBANCE - NOISE,K3
2026-07-10 22:36:47,1,SHOTS HEARD - IN PROGRESS,DISTURBANCE - NOISE,K3
2026-07-10 22:36:02,4,NOISE - GENERAL,DISTURBANCE - NOISE,U1
2026-07-10 22:34:00,1,SHOTS HEARD - IN PROGRESS,DISTURBANCE - NOISE,E1
2026-07-10 22:34:00,1,SHOTS HEARD - IN PROGRESS,DISTURBANCE - NOISE,E1
2026-07-10 22:25:07,4,NOISE - GENERAL,DISTURBANCE - NOISE,G2
2026-07-10 22:22:26,2,DISTURBANCE,"ARSON, BOMBS, EXPLO - RECKLESS BURNING",O2
2026-07-10 22:22:26,2,DISTURBANCE,"ARSON, BOMBS, EXPLO - RECKLESS BURNING",O2
2026-07-10 22:20:52,2,DISTURBANCE - DV - NO ASLT,DISTURBANCE - OTHER,K2
2026-07-10 22:18:31,4,NOISE - GENERAL,DISTURBANCE - NOISE RESIDENTIAL,R2
2026-07-10 22:17:39,1,ASLT - DV CRITICAL,"DV - ARGUMENTS, DISTURBANCE (NO ARREST)",Q2
2026-07-10 22:17:39,1,ASLT - DV CRITICAL,"DV - ARGUMENTS, DISTURBANCE (NO ARREST)",Q2
2026-07-10 22:17:36,4,NOISE - GENERAL,DISTURBANCE - NOISE,C1
2026-07-10 22:02:06,1,DISTURBANCE,DISTURBANCE - OTHER,K2
2026-07-10 22:02:06,1,DISTURBANCE,DISTURBANCE - OTHER,K2
2026-07-10 21:59:34,3,ASLT - WITH OR W/O WPNS (NO SHOOTINGS),DISTURBANCE - OTHER,D3
2026-07-10 21:57:57,2,HAZ - POTENTIAL THRT TO PHYS SAFETY,DISTURBANCE - NOISE,L1
2026-07-10 21:57:57,2,HAZ - POTENTIAL THRT TO PHYS SAFETY,DISTURBANCE - NOISE,L1
2026-07-10 21:55:47,1,HAZ - POTENTIAL THRT TO PHYS SAFETY,DISTURBANCE - OTHER,W1
2026-07-10 21:47:46,2,DISTURBANCE,DISTURBANCE - OTHER,B1
2026-07-10 21:47:46,2,DISTURBANCE,DISTURBANCE - OTHER,B1
2026-07-10 21:47:46,2,DISTURBANCE,DISTURBANCE - OTHER,B1
2026-07-10 21:47:46,2,DISTURBANCE,DISTURBANCE - OTHER,B1
2026-07-10 21:47:46,2,DISTURBANCE,DISTURBANCE - OTHER,B1
2026-07-10 21:45:57,2,LIQUOR VIOLATIONS - MINOR,DISTURBANCE - OTHER,U1
2026-07-10 21:44:58,2,FIGHT - PHYSICAL (NO WEAPONS),DISTURBANCE - OTHER,D3
2026-07-10 21:44:58,2,FIGHT - PHYSICAL (NO WEAPONS),DISTURBANCE - OTHER,D3
2026-07-10 21:39:40,1,DISTURBANCE - DV CRITICAL,"DV - ARGUMENTS, DISTURBANCE (NO ARREST)",U3
2026-07-10 21:39:40,1,DISTURBANCE - DV CRITICAL,"DV - ARGUMENTS, DISTURBANCE (NO ARREST)",U3
2026-07-10 21:32:36,1,ASLT - DV CRITICAL,"DV - ARGUMENTS, DISTURBANCE (NO ARREST)",F2
2026-07-10 21:32:36,1,ASLT - DV CRITICAL,"DV - ARGUMENTS, DISTURBANCE (NO ARREST)",F2
2026-07-10 21:24:56,3,DISTURBANCE,DISTURBANCE - NOISE RESIDENTIAL,B3
2026-07-10 21:22:05,3,"ANIMAL - INJURED, DEAD HAZARD, OTHER","ANIMAL COMPLAINT - NOISE,STRAY,BITE",S3
2026-07-10 21:22:05,3,"ANIMAL - INJURED, DEAD HAZARD, OTHER","ANIMAL COMPLAINT - NOISE,STRAY,BITE",S3
2026-07-10 21:19:16,3,DISTURBANCE,DISTURBANCE - OTHER,E2
2026-07-10 21:18:26,1,EXPLOSION,DISTURBANCE - NOISE,G2
2026-07-10 21:18:26,1,EXPLOSION,DISTURBANCE - NOISE,G2
2026-07-10 21:18:26,1,EXPLOSION,DISTURBANCE - NOISE,G2
2026-07-10 21:18:26,1,EXPLOSION,DISTURBANCE - NOISE,G2
2026-07-10 21:14:11,4,NOISE - GENERAL,DISTURBANCE - NOISE,U3
2026-07-10 21:12:01,2,TRESPASS,DISTURBANCE - OTHER,U2
2026-07-10 21:12:01,2,TRESPASS,DISTURBANCE - OTHER,U2
2026-07-10 21:07:05,2,DISTURBANCE,DISTURBANCE - OTHER,R2
2026-07-10 21:02:44,2,DISTURBANCE - DV - NO ASLT,"DV - ARGUMENTS, DISTURBANCE (NO ARREST)",E3
2026-07-10 21:02:44,2,DISTURBANCE - DV - NO ASLT,"DV - ARGUMENTS, DISTURBANCE (NO ARREST)",E3
2026-07-10 21:02:44,2,DISTURBANCE - DV - NO ASLT,"DV - ARGUMENTS, DISTURBANCE (NO ARREST)",E3
2026-07-10 20:56:30,2,FIGHT - PHYSICAL (NO WEAPONS),DISTURBANCE - OTHER,L3
2026-07-10 20:56:30,2,FIGHT - PHYSICAL (NO WEAPONS),DISTURBANCE - OTHER,L3
2026-07-10 20:56:30,2,FIGHT - PHYSICAL (NO WEAPONS),DISTURBANCE - OTHER,L3
2026-07-10 20:56:30,2,FIGHT - PHYSICAL (NO WEAPONS),DISTURBANCE - OTHER,L3
2026-07-10 20:52:40,2,"SUSPICIOUS PERSON, VEHICLE, OR INCIDENT",DISTURBANCE - OTHER,R2
2026-07-10 20:52:40,2,"SUSPICIOUS PERSON, VEHICLE, OR INCIDENT",DISTURBANCE - OTHER,R2
2026-07-10 20:46:28,2,ASLT - WITH OR W/O WPNS (NO SHOOTINGS),DISTURBANCE - OTHER,D3
2026-07-10 20:46:28,2,ASLT - WITH OR W/O WPNS (NO SHOOTINGS),DISTURBANCE - OTHER,D3
2026-07-10 20:46:28,2,ASLT - WITH OR W/O WPNS (NO SHOOTINGS),DISTURBANCE - OTHER,D3
2026-07-10 20:40:57,2,DISTURBANCE,PROWLER - TRESPASS,K3
2026-07-10 20:40:57,2,DISTURBANCE,PROWLER - TRESPASS,K3
2026-07-10 20:40:57,2,DISTURBANCE,PROWLER - TRESPASS,K3
2026-07-10 20:38:08,1,SHOTS HEARD - IN PROGRESS,DISTURBANCE - NOISE RESIDENTIAL,S2
2026-07-10 20:38:08,1,SHOTS HEARD - IN PROGRESS,DISTURBANCE - NOISE RESIDENTIAL,S2
2026-07-10 20:38:08,1,SHOTS HEARD - IN PROGRESS,DISTURBANCE - NOISE RESIDENTIAL,S2
2026-07-10 20:35:17,4,NOISE - GENERAL,DISTURBANCE - NOISE,D3
2026-07-10 20:34:32,2,DISTURBANCE - DV - NO ASLT,DISTURBANCE - OTHER,F2
2026-07-10 20:26:50,1,SHOTS HEARD - IN PROGRESS,DISTURBANCE - OTHER,E1
2026-07-10 20:26:50,1,SHOTS HEARD - IN PROGRESS,DISTURBANCE - OTHER,E1
2026-07-10 20:26:50,1,SHOTS HEARD - IN PROGRESS,DISTURBANCE - OTHER,E1
2026-07-10 20:20:08,2,DISTURBANCE,DISTURBANCE - OTHER,U3
2026-07-10 20:20:08,2,DISTURBANCE,DISTURBANCE - OTHER,U3
2026-07-10 20:20:08,2,DISTURBANCE,DISTURBANCE - OTHER,U3
2026-07-10 20:12:44,4,NOISE - GENERAL,DISTURBANCE - NOISE,G2
2026-07-10 20:04:27,2,DISTURBANCE - DV - NO ASLT,"DV - ARGUMENTS, DISTURBANCE (NO ARREST)",L1
2026-07-10 20:04:27,2,DISTURBANCE - DV - NO ASLT,"DV - ARGUMENTS, DISTURBANCE (NO ARREST)",L1
2026-07-10 19:57:40,2,FIGHT - PHYSICAL (NO WEAPONS),DISTURBANCE - OTHER,K2
2026-07-10 19:57:40,2,FIGHT - PHYSICAL (NO WEAPONS),DISTURBANCE - OTHER,K2
2026-07-10 19:57:40,2,FIGHT - PHYSICAL (NO WEAPONS),DISTURBANCE - OTHER,K2
2026-07-10 19:57:40,2,FIGHT - PHYSICAL (NO WEAPONS),DISTURBANCE - OTHER,K2
2026-07-10 19:57:40,2,FIGHT - PHYSICAL (NO WEAPONS),DISTURBANCE - OTHER,K2
2026-07-10 19:57:40,2,FIGHT - PHYSICAL (NO WEAPONS),DISTURBANCE - OTHER,K2
2026-07-10 19:52:13,3,"NARCOTICS - VIOLATIONS (LOITER, USE, SELL, NARS)",DISTURBANCE - OTHER,J1
2026-07-10 19:52:13,3,"NARCOTICS - VIOLATIONS (LOITER, USE, SELL, NARS)",DISTURBANCE - OTHER,J1
2026-07-10 19:50:20,2,DISTURBANCE - DV - NO ASLT,DISTURBANCE - OTHER,L2
2026-07-10 19:50:20,2,DISTURBANCE - DV - NO ASLT,DISTURBANCE - OTHER,L2
2026-07-10 19:49:55,2,DISTURBANCE - DV - NO ASLT,DISTURBANCE - OTHER,U1
2026-07-10 19:35:52,1,SFD - ASSIST ON CRITICAL FIRE OR MEDIC RESPONSE,DISTURBANCE - OTHER,J3
2026-07-10 19:35:52,1,SFD - ASSIST ON CRITICAL FIRE OR MEDIC RESPONSE,DISTURBANCE - OTHER,J3
2026-07-10 19:24:24,2,DISTURBANCE,SUSPICIOUS CIRCUM. - SUSPICIOUS PERSON,E2
2026-07-10 19:24:24,2,DISTURBANCE,SUSPICIOUS CIRCUM. - SUSPICIOUS PERSON,E2
2026-07-10 19:24:23,4,FIREWORKS (NO HAZARD),DISTURBANCE - NOISE RESIDENTIAL,R3
2026-07-10 19:21:22,3,HARAS - NO BIAS OR THREATS,DISTURBANCE - OTHER,B1
2026-07-10 19:03:02,2,DISTURBANCE,DISTURBANCE - NOISE,S1
2026-07-10 19:03:02,2,DISTURBANCE,DISTURBANCE - NOISE,S1
2026-07-10 19:03:02,2,DISTURBANCE,DISTURBANCE - NOISE,S1
2026-07-10 18:53:32,2,HAZ - POTENTIAL THRT TO PHYS SAFETY,DISTURBANCE - OTHER,E2
2026-07-10 18:53:32,2,HAZ - POTENTIAL THRT TO PHYS SAFETY,DISTURBANCE - OTHER,E2
2026-07-10 18:53:32,2,HAZ - POTENTIAL THRT TO PHYS SAFETY,DISTURBANCE - OTHER,E2
2026-07-10 18:35:34,1,FOUND PERSON,"DV - ARGUMENTS, DISTURBANCE (NO ARREST)",D3
2026-07-10 18:35:34,1,FOUND PERSON,"DV - ARGUMENTS, DISTURBANCE (NO ARREST)",D3
2026-07-10 18:35:34,1,FOUND PERSON,"DV - ARGUMENTS, DISTURBANCE (NO ARREST)",D3
2026-07-10 18:35:34,1,FOUND PERSON,"DV - ARGUMENTS, DISTURBANCE (NO ARREST)",D3
2026-07-10 18:35:34,1,FOUND PERSON,"DV - ARGUMENTS, DISTURBANCE (NO ARREST)",D3
2026-07-10 18:35:34,1,FOUND PERSON,"DV - ARGUMENTS, DISTURBANCE (NO ARREST)",D3
2026-07-10 18:35:34,1,FOUND PERSON,"DV - ARGUMENTS, DISTURBANCE (NO ARREST)",D3
2026-07-10 18:35:31,3,PERSON IN BEHAVIORAL/EMOTIONAL CRISIS,DISTURBANCE - OTHER,K2
2026-07-10 18:33:56,3,ASLT - WITH OR W/O WPNS (NO SHOOTINGS),DISTURBANCE - OTHER,E3
2026-07-10 18:18:21,2,DISTURBANCE - DV - NO ASLT,"DV - ARGUMENTS, DISTURBANCE (NO ARREST)",J2
2026-07-10 17:59:14,2,ORDER - VIOLATING DV COURT ORDER,"DV - ARGUMENTS, DISTURBANCE (NO ARREST)",L3
2026-07-10 17:59:14,2,ORDER - VIOLATING DV COURT ORDER,"DV - ARGUMENTS, DISTURBANCE (NO ARREST)",L3
2026-07-10 17:53:37,1,DISTURBANCE - DV CRITICAL,"DV - ARGUMENTS, DISTURBANCE (NO ARREST)",S3
2026-07-10 17:53:37,1,DISTURBANCE - DV CRITICAL,"DV - ARGUMENTS, DISTURBANCE (NO ARREST)",S3
2026-07-10 17:39:22,3,DISTURBANCE,DISTURBANCE - OTHER,K3
2026-07-10 16:53:04,2,DISTURBANCE - DV - NO ASLT,"DV - ARGUMENTS, DISTURBANCE (NO ARREST)",L3
2026-07-10 16:52:36,2,THREATS (INCLS IN-PERSON/BY PHONE/IN WRITING),DISTURBANCE - OTHER,E3
2026-07-10 16:32:07,2,DISTURBANCE,DISTURBANCE - OTHER,S2
2026-07-10 16:32:07,2,DISTURBANCE,DISTURBANCE - OTHER,S2
2026-07-10 16:15:22,2,BURG - RESD (INCL UNOCC STRUCTURES ON PROP),DISTURBANCE - OTHER,G1
2026-07-10 16:15:22,2,BURG - RESD (INCL UNOCC STRUCTURES ON PROP),DISTURBANCE - OTHER,G1
2026-07-10 16:03:37,5,TRU - DISTURBANCE,DISTURBANCE - OTHER,D1
2026-07-10 15:58:54,2,"SUSPICIOUS PERSON, VEHICLE, OR INCIDENT",DISTURBANCE - OTHER,O2
2026-07-10 15:58:54,2,"SUSPICIOUS PERSON, VEHICLE, OR INCIDENT",DISTURBANCE - OTHER,O2
2026-07-10 15:47:46,5,TRU - THEFT,DISTURBANCE - OTHER,W3
2026-07-10 15:46:26,3,NUISANCE,DISTURBANCE - OTHER,E1
2026-07-10 15:41:14,5,TRU - DISTURBANCE,DISTURBANCE - OTHER,C1
2026-07-10 15:38:36,1,"CHILD - CRITICAL ABAND, ABUSE, MOLEST, NEGLECT","DV - ARGUMENTS, DISTURBANCE (NO ARREST)",B1
2026-07-10 15:38:36,1,"CHILD - CRITICAL ABAND, ABUSE, MOLEST, NEGLECT","DV - ARGUMENTS, DISTURBANCE (NO ARREST)",B1
2026-07-10 15:38:36,1,"CHILD - CRITICAL ABAND, ABUSE, MOLEST, NEGLECT","DV - ARGUMENTS, DISTURBANCE (NO ARREST)",B1
2026-07-10 15:38:36,1,"CHILD - CRITICAL ABAND, ABUSE, MOLEST, NEGLECT","DV - ARGUMENTS, DISTURBANCE (NO ARREST)",B1
2026-07-10 15:36:02,1,FIGHT - PHYSICAL (NO WEAPONS),DISTURBANCE - OTHER,L1
2026-07-10 15:36:02,1,FIGHT - PHYSICAL (NO WEAPONS),DISTURBANCE - OTHER,L1
2026-07-10 15:34:23,2,DISTURBANCE,DISTURBANCE - OTHER,K2
2026-07-10 15:34:23,2,DISTURBANCE,DISTURBANCE - OTHER,K2
2026-07-10 15:33:42,3,DISTURBANCE,DISTURBANCE - OTHER,R2
2026-07-10 15:25:57,2,DISTURBANCE - DV - NO ASLT,DISTURBANCE - OTHER,U1
2026-07-10 15:02:27,5,TRU - DISTURBANCE,ASSIST PUBLIC - OTHER (NON-SPECIFIED),G2
2026-07-10 14:48:01,2,ASLT - DV,"DV - ARGUMENTS, DISTURBANCE (NO ARREST)",B1
2026-07-10 14:48:01,2,ASLT - DV,"DV - ARGUMENTS, DISTURBANCE (NO ARREST)",B1
2026-07-10 14:48:01,2,ASLT - DV,"DV - ARGUMENTS, DISTURBANCE (NO ARREST)",B1
2026-07-10 14:46:06,2,DISTURBANCE,DISTURBANCE - NOISE RESIDENTIAL,K3
2026-07-10 14:46:06,2,DISTURBANCE,DISTURBANCE - NOISE RESIDENTIAL,K3
2026-07-10 14:40:34,5,TRU - DISTURBANCE,DISTURBANCE - OTHER,D2
2026-07-10 14:36:07,2,DISTURBANCE,PROWLER - TRESPASS,K2
2026-07-10 14:36:07,2,DISTURBANCE,PROWLER - TRESPASS,K2
2026-07-10 14:36:07,2,DISTURBANCE,PROWLER - TRESPASS,K2
2026-07-10 14:28:50,4,NOISE - GENERAL,DISTURBANCE - NOISE RESIDENTIAL,B2
2026-07-10 14:25:13,2,THREATS (INCLS IN-PERSON/BY PHONE/IN WRITING),DISTURBANCE - OTHER,S2
2026-07-10 14:22:38,2,ORDER - VIOLATING DV COURT ORDER,DISTURBANCE - OTHER,K3
2026-07-10 14:18:19,2,DISTURBANCE,DISTURBANCE - OTHER,Q3
2026-07-10 14:18:19,2,DISTURBANCE,DISTURBANCE - OTHER,Q3
2026-07-10 14:18:19,2,DISTURBANCE,DISTURBANCE - OTHER,Q3
2026-07-10 13:56:07,2,DISTURBANCE,SUSPICIOUS CIRCUM. - SUSPICIOUS PERSON,K3
2026-07-10 13:56:07,2,DISTURBANCE,SUSPICIOUS CIRCUM. - SUSPICIOUS PERSON,K3
2026-07-10 13:56:07,2,DISTURBANCE,SUSPICIOUS CIRCUM. - SUSPICIOUS PERSON,K3
2026-07-10 13:51:03,3,PERSON IN BEHAVIORAL/EMOTIONAL CRISIS,DISTURBANCE - OTHER,M2
2026-07-10 13:30:53,2,DISTURBANCE - DV - NO ASLT,DISTURBANCE,S2
2026-07-10 13:30:53,2,DISTURBANCE - DV - NO ASLT,DISTURBANCE,S2
2026-07-10 12:53:26,2,BURG - RESD (INCL UNOCC STRUCTURES ON PROP),DISTURBANCE - OTHER,L1
2026-07-10 12:38:38,3,NUISANCE,DISTURBANCE - OTHER,D1
2026-07-10 12:34:14,3,DISTURBANCE,DISTURBANCE - OTHER,E2
2026-07-10 12:34:14,3,DISTURBANCE,DISTURBANCE - OTHER,E2
2026-07-10 12:31:57,2,DISTURBANCE,SUSPICIOUS CIRCUM. - SUSPICIOUS PERSON,G3
2026-07-10 12:29:30,2,DISTURBANCE,SUSPICIOUS CIRCUM. - SUSPICIOUS PERSON,N3
2026-07-10 12:29:30,2,DISTURBANCE,SUSPICIOUS CIRCUM. - SUSPICIOUS PERSON,N3
2026-07-10 12:29:30,2,DISTURBANCE,SUSPICIOUS CIRCUM. - SUSPICIOUS PERSON,N3
2026-07-10 12:29:30,2,DISTURBANCE,SUSPICIOUS CIRCUM. - SUSPICIOUS PERSON,N3
2026-07-10 12:29:30,2,DISTURBANCE,SUSPICIOUS CIRCUM. - SUSPICIOUS PERSON,N3
2026-07-10 12:29:30,2,DISTURBANCE,SUSPICIOUS CIRCUM. - SUSPICIOUS PERSON,N3
2026-07-10 12:21:31,2,ROBBERY (INCL STRONG ARM),DISTURBANCE - OTHER,W2
2026-07-10 12:21:31,2,ROBBERY (INCL STRONG ARM),DISTURBANCE - OTHER,W2
2026-07-10 12:18:17,3,THREATS (INCLS IN-PERSON/BY PHONE/IN WRITING),DISTURBANCE - OTHER,E3
2026-07-10 12:12:47,1,UNKNOWN - COMPLAINT OF UNKNOWN NATURE,DISTURBANCE - OTHER,E1
2026-07-10 12:12:47,1,UNKNOWN - COMPLAINT OF UNKNOWN NATURE,DISTURBANCE - OTHER,E1
2026-07-10 12:12:47,1,UNKNOWN - COMPLAINT OF UNKNOWN NATURE,DISTURBANCE - OTHER,E1
2026-07-10 12:08:16,3,DISTURBANCE,DISTURBANCE - OTHER,D1
2026-07-10 12:06:34,2,ASLT - WITH OR W/O WPNS (NO SHOOTINGS),DISTURBANCE - OTHER,G2
2026-07-10 11:50:40,2,DISTURBANCE - DV - NO ASLT,"DV - ARGUMENTS, DISTURBANCE (NO ARREST)",R1
2026-07-10 11:50:40,2,DISTURBANCE - DV - NO ASLT,"DV - ARGUMENTS, DISTURBANCE (NO ARREST)",R1
2026-07-10 11:50:40,2,DISTURBANCE - DV - NO ASLT,"DV - ARGUMENTS, DISTURBANCE (NO ARREST)",R1
2026-07-10 11:50:40,2,DISTURBANCE - DV - NO ASLT,"DV - ARGUMENTS, DISTURBANCE (NO ARREST)",R1
2026-07-10 11:50:40,2,DISTURBANCE - DV - NO ASLT,"DV - ARGUMENTS, DISTURBANCE (NO ARREST)",R1
2026-07-10 11:50:40,2,DISTURBANCE - DV - NO ASLT,"DV - ARGUMENTS, DISTURBANCE (NO ARREST)",R1
2026-07-10 11:42:39,3,PERSON IN BEHAVIORAL/EMOTIONAL CRISIS,DISTURBANCE - OTHER,W1
2026-07-10 11:41:16,2,DISTURBANCE,PROWLER - TRESPASS,N2
2026-07-10 11:39:56,1,DISTURBANCE,THEFT - SHOPLIFT,D1
2026-07-10 11:39:56,1,DISTURBANCE,THEFT - SHOPLIFT,D1
2026-07-10 11:39:56,1,DISTURBANCE,THEFT - SHOPLIFT,D1
2026-07-10 11:39:56,1,DISTURBANCE,THEFT - SHOPLIFT,D1
2026-07-10 11:38:41,4,NOISE - GENERAL,DISTURBANCE - NOISE,L2
2026-07-10 11:21:58,1,DISTURBANCE - DV CRITICAL,"DV - ARGUMENTS, DISTURBANCE (NO ARREST)",S3
2026-07-10 11:21:58,1,DISTURBANCE - DV CRITICAL,"DV - ARGUMENTS, DISTURBANCE (NO ARREST)",S3
2026-07-10 11:21:58,1,DISTURBANCE - DV CRITICAL,"DV - ARGUMENTS, DISTURBANCE (NO ARREST)",S3
2026-07-10 11:21:58,1,DISTURBANCE - DV CRITICAL,"DV - ARGUMENTS, DISTURBANCE (NO ARREST)",S3
2026-07-10 11:21:58,1,DISTURBANCE - DV CRITICAL,"DV - ARGUMENTS, DISTURBANCE (NO ARREST)",S3
2026-07-10 11:21:58,1,DISTURBANCE - DV CRITICAL,"DV - ARGUMENTS, DISTURBANCE (NO ARREST)",S3
2026-07-10 11:12:11,4,FIREWORKS (NO HAZARD),DISTURBANCE - OTHER,U1
2026-07-10 11:05:25,2,SERVICE - WELFARE CHECK,DISTURBANCE - OTHER,W2
2026-07-10 11:05:25,2,SERVICE - WELFARE CHECK,DISTURBANCE - OTHER,W2
2026-07-10 10:55:26,1,THREATS (INCLS IN-PERSON/BY PHONE/IN WRITING),DISTURBANCE - OTHER,U3
2026-07-10 10:55:26,1,THREATS (INCLS IN-PERSON/BY PHONE/IN WRITING),DISTURBANCE - OTHER,U3
2026-07-10 10:55:26,1,THREATS (INCLS IN-PERSON/BY PHONE/IN WRITING),DISTURBANCE - OTHER,U3
2026-07-10 10:47:47,2,DISTURBANCE,DISTURBANCE - OTHER,K2
2026-07-10 10:45:29,3,HARAS - NO BIAS OR THREATS,DISTURBANCE - OTHER,C2
2026-07-10 10:32:20,2,DISTURBANCE,SUSPICIOUS CIRCUM. - SUSPICIOUS PERSON,S2
2026-07-10 10:32:20,2,DISTURBANCE,SUSPICIOUS CIRCUM. - SUSPICIOUS PERSON,S2
2026-07-10 10:32:20,2,DISTURBANCE,SUSPICIOUS CIRCUM. - SUSPICIOUS PERSON,S2
2026-07-10 10:23:21,2,ORDER - VIOLATION OF COURT ORDER (NON DV),DISTURBANCE - NOISE,Q1
2026-07-10 10:23:21,2,ORDER - VIOLATION OF COURT ORDER (NON DV),DISTURBANCE - NOISE,Q1
2026-07-10 10:23:21,2,ORDER - VIOLATION OF COURT ORDER (NON DV),DISTURBANCE - NOISE,Q1
2026-07-10 10:01:45,3,DISTURBANCE,DISTURBANCE,M3
2026-07-10 09:54:00,1,SUICIDE - CRITICAL,"DV - ARGUMENTS, DISTURBANCE (NO ARREST)",R3
2026-07-10 09:54:00,1,SUICIDE - CRITICAL,"DV - ARGUMENTS, DISTURBANCE (NO ARREST)",R3
2026-07-10 09:54:00,1,SUICIDE - CRITICAL,"DV - ARGUMENTS, DISTURBANCE (NO ARREST)",R3
2026-07-10 09:54:00,1,SUICIDE - CRITICAL,"DV - ARGUMENTS, DISTURBANCE (NO ARREST)",R3
2026-07-10 09:54:00,1,SUICIDE - CRITICAL,"DV - ARGUMENTS, DISTURBANCE (NO ARREST)",R3
2026-07-10 09:54:00,1,SUICIDE - CRITICAL,"DV - ARGUMENTS, DISTURBANCE (NO ARREST)",R3
2026-07-10 09:54:00,1,SUICIDE - CRITICAL,"DV - ARGUMENTS, DISTURBANCE (NO ARREST)",R3
2026-07-10 09:54:00,1,SUICIDE - CRITICAL,"DV - ARGUMENTS, DISTURBANCE (NO ARREST)",R3
2026-07-10 09:50:35,2,"SUSPICIOUS PERSON, VEHICLE, OR INCIDENT",DISTURBANCE - OTHER,F2
2026-07-10 09:50:35,2,"SUSPICIOUS PERSON, VEHICLE, OR INCIDENT",DISTURBANCE - OTHER,F2
2026-07-10 09:43:36,3,ASLT - WITH OR W/O WPNS (NO SHOOTINGS),DISTURBANCE - OTHER,E3
2026-07-10 09:32:05,1,DISTURBANCE - DV CRITICAL,"DV - ARGUMENTS, DISTURBANCE (NO ARREST)",Q1
2026-07-10 09:32:05,1,DISTURBANCE - DV CRITICAL,"DV - ARGUMENTS, DISTURBANCE (NO ARREST)",Q1
2026-07-10 09:32:05,1,DISTURBANCE - DV CRITICAL,"DV - ARGUMENTS, DISTURBANCE (NO ARREST)",Q1
2026-07-10 09:27:50,3,DISTURBANCE,WARRANT SERVICES - MISDEMEANOR,E1
2026-07-10 09:27:50,3,DISTURBANCE,WARRANT SERVICES - MISDEMEANOR,E1
2026-07-10 09:27:50,3,DISTURBANCE,WARRANT SERVICES - MISDEMEANOR,E1
2026-07-10 09:27:50,3,DISTURBANCE,WARRANT SERVICES - MISDEMEANOR,E1
2026-07-10 09:10:12,2,DISTURBANCE,DISTURBANCE - OTHER,N2
2026-07-10 09:10:12,2,DISTURBANCE,DISTURBANCE - OTHER,N2
2026-07-10 09:03:36,3,THEFT (DOES NOT INCLUDE SHOPLIFT OR SVCS),DISTURBANCE - OTHER,B2
2026-07-10 09:03:36,3,THEFT (DOES NOT INCLUDE SHOPLIFT OR SVCS),DISTURBANCE - OTHER,B2
2026-07-10 08:57:18,1,SHOTS HEARD - IN PROGRESS,DISTURBANCE - OTHER,R1
2026-07-10 08:57:18,1,SHOTS HEARD - IN PROGRESS,DISTURBANCE - OTHER,R1
2026-07-10 08:57:18,1,SHOTS HEARD - IN PROGRESS,DISTURBANCE - OTHER,R1
2026-07-10 08:57:18,1,SHOTS HEARD - IN PROGRESS,DISTURBANCE - OTHER,R1
2026-07-10 08:57:18,1,SHOTS HEARD - IN PROGRESS,DISTURBANCE - OTHER,R1
2026-07-10 08:55:55,5,TRU - FOLLOW UP,DISTURBANCE - OTHER,J1
2026-07-10 08:47:43,2,DISTURBANCE,BURGLARY - NON RESIDENTIAL/COMMERCIAL,M1
2026-07-10 08:47:43,2,DISTURBANCE,BURGLARY - NON RESIDENTIAL/COMMERCIAL,M1
2026-07-10 08:46:47,2,BURN - RECKLESS BURNING,DISTURBANCE - OTHER,C3
2026-07-10 08:46:47,2,BURN - RECKLESS BURNING,DISTURBANCE - OTHER,C3
2026-07-10 08:43:56,3,DISTURBANCE,ASSIST PUBLIC - OTHER (NON-SPECIFIED),B2
2026-07-10 08:42:52,3,DISTURBANCE,DISTURBANCE - NOISE RESIDENTIAL,W1
2026-07-10 08:42:52,3,DISTURBANCE,DISTURBANCE - NOISE RESIDENTIAL,W1
2026-07-10 08:35:44,2,DISTURBANCE,DISTURBANCE - OTHER,K3
2026-07-10 08:35:44,2,DISTURBANCE,DISTURBANCE - OTHER,K3
2026-07-10 08:35:44,2,DISTURBANCE,DISTURBANCE - OTHER,K3
2026-07-10 08:35:44,2,DISTURBANCE,DISTURBANCE - OTHER,K3
2026-07-10 08:25:39,3,"NARCOTICS - VIOLATIONS (LOITER, USE, SELL, NARS)",DISTURBANCE - NOISE,D1
2026-07-10 08:17:20,3,NUISANCE,DISTURBANCE - OTHER,U1
2026-07-10 08:07:21,2,DISTURBANCE,DISTURBANCE - OTHER,U1
2026-07-10 08:07:21,2,DISTURBANCE,DISTURBANCE - OTHER,U1
2026-07-10 07:58:39,2,DISTURBANCE,CRISIS COMPLAINT - GENERAL,M1
2026-07-10 07:58:39,2,DISTURBANCE,CRISIS COMPLAINT - GENERAL,M1
2026-07-10 07:58:39,2,DISTURBANCE,CRISIS COMPLAINT - GENERAL,M1
2026-07-10 07:48:04,3,ORDER - VIOLATION OF COURT ORDER (NON DV),DISTURBANCE - OTHER,C2
2026-07-10 07:35:44,1,ASLT - DV CRITICAL,DISTURBANCE - OTHER,G1
2026-07-10 07:35:44,1,ASLT - DV CRITICAL,DISTURBANCE - OTHER,G1
2026-07-10 07:35:44,1,ASLT - DV CRITICAL,DISTURBANCE - OTHER,G1
2026-07-10 06:58:06,3,DEMONSTRATIONS,DISTURBANCE - OTHER,K2
2026-07-10 06:58:06,3,DEMONSTRATIONS,DISTURBANCE - OTHER,K2
2026-07-10 06:58:06,3,DEMONSTRATIONS,DISTURBANCE - OTHER,K2
2026-07-10 06:58:06,3,DEMONSTRATIONS,DISTURBANCE - OTHER,K2
2026-07-10 06:58:06,3,DEMONSTRATIONS,DISTURBANCE - OTHER,K2
2026-07-10 06:58:06,3,DEMONSTRATIONS,DISTURBANCE - OTHER,K2
2026-07-10 06:57:42,2,THREATS (INCLS IN-PERSON/BY PHONE/IN WRITING),DISTURBANCE - NOISE RESIDENTIAL,G2
2026-07-10 06:57:42,2,THREATS (INCLS IN-PERSON/BY PHONE/IN WRITING),DISTURBANCE - NOISE RESIDENTIAL,G2
2026-07-10 06:57:42,2,THREATS (INCLS IN-PERSON/BY PHONE/IN WRITING),DISTURBANCE - NOISE RESIDENTIAL,G2
2026-07-10 06:41:42,2,PROPERTY - DAMAGE,DISTURBANCE - OTHER,K3
2026-07-10 06:24:19,2,ORDER - VIOLATION OF COURT ORDER (NON DV),DISTURBANCE - OTHER,B2
2026-07-10 06:24:19,2,ORDER - VIOLATION OF COURT ORDER (NON DV),DISTURBANCE - OTHER,B2
2026-07-10 06:24:19,2,ORDER - VIOLATION OF COURT ORDER (NON DV),DISTURBANCE - OTHER,B2
2026-07-10 06:24:19,2,ORDER - VIOLATION OF COURT ORDER (NON DV),DISTURBANCE - OTHER,B2
2026-07-10 06:03:49,2,FIGHT - PHYSICAL (NO WEAPONS),DISTURBANCE - FIGHT,U1
2026-07-10 06:03:49,2,FIGHT - PHYSICAL (NO WEAPONS),DISTURBANCE - FIGHT,U1
2026-07-10 06:03:49,2,FIGHT - PHYSICAL (NO WEAPONS),DISTURBANCE - FIGHT,U1
2026-07-10 06:02:08,2,DISTURBANCE - DV - NO ASLT,DISTURBANCE - OTHER,G3
2026-07-10 05:46:59,2,DISTURBANCE,PROWLER - TRESPASS,K1
2026-07-10 05:42:09,3,CUSTODIAL INTERFERENCE - DV,"DV - ARGUMENTS, DISTURBANCE (NO ARREST)",K3
2026-07-10 05:30:03,2,DISTURBANCE,ASSIST PUBLIC - OTHER (NON-SPECIFIED),C2
2026-07-10 05:30:03,2,DISTURBANCE,ASSIST PUBLIC - OTHER (NON-SPECIFIED),C2
2026-07-10 05:30:03,2,DISTURBANCE,ASSIST PUBLIC - OTHER (NON-SPECIFIED),C2
2026-07-10 05:25:52,2,THREATS (INCLS IN-PERSON/BY PHONE/IN WRITING),DISTURBANCE - OTHER,D2
2026-07-10 05:25:52,2,THREATS (INCLS IN-PERSON/BY PHONE/IN WRITING),DISTURBANCE - OTHER,D2
2026-07-10 05:09:29,4,NOISE - GENERAL,DISTURBANCE - NOISE,G2
2026-07-10 05:09:29,4,NOISE - GENERAL,DISTURBANCE - NOISE,G2
2026-07-10 04:23:15,2,DISTURBANCE,SUSPICIOUS CIRCUM. - SUSPICIOUS PERSON,E3
2026-07-10 04:23:15,2,DISTURBANCE,SUSPICIOUS CIRCUM. - SUSPICIOUS PERSON,E3
2026-07-10 04:23:15,2,DISTURBANCE,SUSPICIOUS CIRCUM. - SUSPICIOUS PERSON,E3
2026-07-10 03:33:25,4,NOISE - GENERAL,DISTURBANCE - NOISE,Q3
2026-07-10 03:22:20,3,PERSON IN BEHAVIORAL/EMOTIONAL CRISIS,DISTURBANCE - NOISE,G2
2026-07-10 02:45:01,2,DISTURBANCE,DISTURBANCE - OTHER,K3
2026-07-10 02:40:49,4,NOISE - GENERAL,DISTURBANCE - NOISE,R1
2026-07-10 02:10:30,1,UNKNOWN - ANI/ALI - LANDLINE (INCLUDES OPEN LINE),DISTURBANCE - OTHER,G2
2026-07-10 01:41:36,2,EXPLOSION,DISTURBANCE - NOISE,E1
2026-07-10 01:41:36,2,EXPLOSION,DISTURBANCE - NOISE,E1
2026-07-10 01:24:35,1,ORDER - CRITICAL VIOLATION OF DV COURT ORDER,DISTURBANCE - OTHER,U2
2026-07-10 01:24:35,1,ORDER - CRITICAL VIOLATION OF DV COURT ORDER,DISTURBANCE - OTHER,U2
2026-07-10 01:24:35,1,ORDER - CRITICAL VIOLATION OF DV COURT ORDER,DISTURBANCE - OTHER,U2
2026-07-10 01:24:35,1,ORDER - CRITICAL VIOLATION OF DV COURT ORDER,DISTURBANCE - OTHER,U2
2026-07-10 01:18:46,2,DISTURBANCE,DISTURBANCE - OTHER,S1
2026-07-10 01:18:46,2,DISTURBANCE,DISTURBANCE - OTHER,S1
2026-07-10 01:18:46,2,DISTURBANCE,DISTURBANCE - OTHER,S1
2026-07-10 01:18:46,2,DISTURBANCE,DISTURBANCE - OTHER,S1
2026-07-10 01:06:08,4,NOISE - GENERAL,DISTURBANCE - NOISE,M2
2026-07-10 01:04:17,4,NOISE - GENERAL,DISTURBANCE - NOISE,K2
2026-07-10 00:59:07,2,DISTURBANCE,DISTURBANCE - OTHER,L2
2026-07-10 00:59:07,2,DISTURBANCE,DISTURBANCE - OTHER,L2
2026-07-10 00:59:07,2,DISTURBANCE,DISTURBANCE - OTHER,L2
2026-07-10 00:43:08,3,DISTURBANCE,DISTURBANCE,S2
2026-07-10 00:43:08,3,DISTURBANCE,DISTURBANCE,S2
2026-07-10 00:43:08,3,DISTURBANCE,DISTURBANCE,S2
2026-07-10 00:36:07,3,DISTURBANCE,DISTURBANCE - OTHER,E1
2026-07-10 00:28:05,1,SHOTS HEARD - IN PROGRESS,DISTURBANCE - NOISE,G2
2026-07-10 00:24:49,2,"SUSPICIOUS PERSON, VEHICLE, OR INCIDENT",DISTURBANCE - OTHER,U1
2026-07-10 00:24:49,2,"SUSPICIOUS PERSON, VEHICLE, OR INCIDENT",DISTURBANCE - OTHER,U1
2026-07-10 00:24:49,2,"SUSPICIOUS PERSON, VEHICLE, OR INCIDENT",DISTURBANCE - OTHER,U1
2026-07-10 00:24:49,2,"SUSPICIOUS PERSON, VEHICLE, OR INCIDENT",DISTURBANCE - OTHER,U1
2026-07-10 00:23:02,4,NOISE - GENERAL,DISTURBANCE - NOISE,S2
2026-07-10 00:22:33,1,UNKNOWN - ANI/ALI - WRLS PHNS (INCL OPEN LINE),DISTURBANCE - OTHER,N3
2026-07-10 00:22:33,1,UNKNOWN - ANI/ALI - WRLS PHNS (INCL OPEN LINE),DISTURBANCE - OTHER,N3
2026-07-10 00:22:33,1,UNKNOWN - ANI/ALI - WRLS PHNS (INCL OPEN LINE),DISTURBANCE - OTHER,N3
2026-07-10 00:13:51,3,NUISANCE,DISTURBANCE - OTHER,G2
2026-07-10 00:03:49,4,NOISE - GENERAL,DISTURBANCE - NOISE,U1
2026-07-09 23:59:49,3,DISTURBANCE,DISTURBANCE - NOISE,B2
2026-07-09 23:59:49,3,DISTURBANCE,DISTURBANCE - NOISE,B2
2026-07-09 23:59:49,3,DISTURBANCE,DISTURBANCE - NOISE,B2
2026-07-09 23:47:52,2,FIGHT - PHYSICAL (NO WEAPONS),DISTURBANCE - OTHER,G3
2026-07-09 23:47:52,2,FIGHT - PHYSICAL (NO WEAPONS),DISTURBANCE - OTHER,G3
2026-07-09 23:47:52,2,FIGHT - PHYSICAL (NO WEAPONS),DISTURBANCE - OTHER,G3
2026-07-09 23:40:53,4,FIREWORKS (NO HAZARD),DISTURBANCE - OTHER,U2
2026-07-09 23:35:08,1,ASLT - DV CRITICAL,DISTURBANCE - OTHER,B1
2026-07-09 23:35:08,1,ASLT - DV CRITICAL,DISTURBANCE - OTHER,B1
2026-07-09 23:35:08,1,ASLT - DV CRITICAL,DISTURBANCE - OTHER,B1
2026-07-09 23:35:08,1,ASLT - DV CRITICAL,DISTURBANCE - OTHER,B1
2026-07-09 23:27:44,4,NOISE - GENERAL,DISTURBANCE - NOISE RESIDENTIAL,S3
2026-07-09 23:23:55,2,DISTURBANCE - DV - NO ASLT,"DV - ARGUMENTS, DISTURBANCE (NO ARREST)",F2
2026-07-09 23:23:55,2,DISTURBANCE - DV - NO ASLT,"DV - ARGUMENTS, DISTURBANCE (NO ARREST)",F2
2026-07-09 23:22:10,1,DISTURBANCE,DISTURBANCE - DV - NO ASLT,S2
2026-07-09 23:22:10,1,DISTURBANCE,DISTURBANCE - DV - NO ASLT,S2
2026-07-09 23:22:10,1,DISTURBANCE,DISTURBANCE - DV - NO ASLT,S2
2026-07-09 23:22:10,1,DISTURBANCE,DISTURBANCE - DV - NO ASLT,S2
2026-07-09 23:19:58,2,DISTURBANCE,DISTURBANCE - OTHER,N1
2026-07-09 23:19:58,2,DISTURBANCE,DISTURBANCE - OTHER,N1
2026-07-09 23:19:58,2,DISTURBANCE,DISTURBANCE - OTHER,N1
2026-07-09 23:18:30,2,DISTURBANCE,DISTURBANCE - OTHER,R1
2026-07-09 23:18:30,2,DISTURBANCE,DISTURBANCE - OTHER,R1
2026-07-09 23:18:01,4,NOISE - GENERAL,DISTURBANCE - NOISE RESIDENTIAL,S1
2026-07-09 23:14:21,1,SHOTS HEARD - IN PROGRESS,DISTURBANCE - NOISE,F3
2026-07-09 23:14:21,1,SHOTS HEARD - IN PROGRESS,DISTURBANCE - NOISE,F3
2026-07-09 23:14:21,1,SHOTS HEARD - IN PROGRESS,DISTURBANCE - NOISE,F3
2026-07-09 23:11:21,1,SHOTS HEARD - IN PROGRESS,DISTURBANCE - OTHER,M3
2026-07-09 23:11:21,1,SHOTS HEARD - IN PROGRESS,DISTURBANCE - OTHER,M3
2026-07-09 23:11:21,1,SHOTS HEARD - IN PROGRESS,DISTURBANCE - OTHER,M3
2026-07-09 23:11:21,1,SHOTS HEARD - IN PROGRESS,DISTURBANCE - OTHER,M3
2026-07-09 23:11:21,1,SHOTS HEARD - IN PROGRESS,DISTURBANCE - OTHER,M3
2026-07-09 23:11:21,1,SHOTS HEARD - IN PROGRESS,DISTURBANCE - OTHER,M3
2026-07-09 23:09:03,3,DISTURBANCE,DISTURBANCE - OTHER,E1
2026-07-09 23:02:02,4,NOISE - GENERAL,DISTURBANCE - NOISE,Q1
2026-07-09 22:50:26,3,DISTURBANCE,DISTURBANCE - NOISE,D2
2026-07-09 22:30:56,4,NOISE - GENERAL,DISTURBANCE - OTHER,W3
2026-07-09 22:27:15,2,DISTURBANCE,DISTURBANCE - OTHER,K1
2026-07-09 22:20:25,2,DISTURBANCE - DV - NO ASLT,DISTURBANCE - OTHER,S3
2026-07-09 22:20:25,2,DISTURBANCE - DV - NO ASLT,DISTURBANCE - OTHER,S3
2026-07-09 22:20:17,2,DISTURBANCE,PROWLER - TRESPASS,Q3
2026-07-09 22:18:24,4,NOISE - GENERAL,DISTURBANCE - NOISE,G2
2026-07-09 22:18:24,4,NOISE - GENERAL,DISTURBANCE - NOISE,G2
2026-07-09 22:18:24,4,NOISE - GENERAL,DISTURBANCE - NOISE,G2
2026-07-09 22:17:08,4,NOISE - GENERAL,DISTURBANCE - NOISE,J3
2026-07-09 22:17:08,4,NOISE - GENERAL,DISTURBANCE - NOISE,J3
2026-07-09 22:13:04,1,UNKNOWN - COMPLAINT OF UNKNOWN NATURE,DISTURBANCE - OTHER,D1
2026-07-09 22:11:45,1,DISTURBANCE - DV CRITICAL,ASSIST PUBLIC - OTHER (NON-SPECIFIED),G1
2026-07-09 22:10:05,2,HAZ - POTENTIAL THRT TO PHYS SAFETY,DISTURBANCE - OTHER,Q3
2026-07-09 22:08:33,2,PROPERTY - DAMAGE,DISTURBANCE - OTHER,D1
2026-07-09 22:08:33,2,PROPERTY - DAMAGE,DISTURBANCE - OTHER,D1
2026-07-09 22:08:33,2,PROPERTY - DAMAGE,DISTURBANCE - OTHER,D1
2026-07-09 21:57:37,2,BURN - RECKLESS BURNING,DISTURBANCE - OTHER,U1
2026-07-09 21:57:37,2,BURN - RECKLESS BURNING,DISTURBANCE - OTHER,U1
2026-07-09 21:56:02,2,DISTURBANCE,DISTURBANCE - OTHER,J1
2026-07-09 21:56:02,2,DISTURBANCE,DISTURBANCE - OTHER,J1
2026-07-09 21:56:02,2,DISTURBANCE,DISTURBANCE - OTHER,J1
2026-07-09 21:55:37,1,DISTURBANCE,DV - DOMESTIC VIOL/ASLT (ARREST MANDATORY),Q2
2026-07-09 21:55:37,1,DISTURBANCE,DV - DOMESTIC VIOL/ASLT (ARREST MANDATORY),Q2
2026-07-09 21:55:37,1,DISTURBANCE,DV - DOMESTIC VIOL/ASLT (ARREST MANDATORY),Q2
2026-07-09 21:55:37,1,DISTURBANCE,DV - DOMESTIC VIOL/ASLT (ARREST MANDATORY),Q2
2026-07-09 21:55:37,1,DISTURBANCE,DV - DOMESTIC VIOL/ASLT (ARREST MANDATORY),Q2
2026-07-09 21:55:37,1,DISTURBANCE,DV - DOMESTIC VIOL/ASLT (ARREST MANDATORY),Q2
2026-07-09 21:54:34,2,"ANIMAL - INJURED, DEAD HAZARD, OTHER","ANIMAL COMPLAINT - NOISE,STRAY,BITE",F1
2026-07-09 21:54:34,2,"ANIMAL - INJURED, DEAD HAZARD, OTHER","ANIMAL COMPLAINT - NOISE,STRAY,BITE",F1
2026-07-09 21:47:42,2,DISTURBANCE - DV - NO ASLT,DISTURBANCE - OTHER,S2
2026-07-09 21:47:42,2,DISTURBANCE - DV - NO ASLT,DISTURBANCE - OTHER,S2
2026-07-09 21:47:42,2,DISTURBANCE - DV - NO ASLT,DISTURBANCE - OTHER,S2
2026-07-09 21:34:03,1,DISTURBANCE - DV CRITICAL,CRISIS COMPLAINT - GENERAL,U2
2026-07-09 21:34:03,1,DISTURBANCE - DV CRITICAL,CRISIS COMPLAINT - GENERAL,U2
2026-07-09 21:34:03,1,DISTURBANCE - DV CRITICAL,CRISIS COMPLAINT - GENERAL,U2
2026-07-09 21:33:16,2,DISTURBANCE,"ASSAULTS - HARASSMENT, THREATS",E2
2026-07-09 21:27:11,2,DISTURBANCE,DISTURBANCE - OTHER,W3
2026-07-09 21:27:11,2,DISTURBANCE,DISTURBANCE - OTHER,W3
2026-07-09 21:24:53,2,DISTURBANCE,SUSPICIOUS CIRCUM. - SUSPICIOUS PERSON,D1
2026-07-09 21:23:33,2,FIGHT - PHYSICAL (NO WEAPONS),DISTURBANCE - OTHER,K3
2026-07-09 21:23:33,2,FIGHT - PHYSICAL (NO WEAPONS),DISTURBANCE - OTHER,K3
2026-07-09 21:23:33,2,FIGHT - PHYSICAL (NO WEAPONS),DISTURBANCE - OTHER,K3
2026-07-09 21:23:33,2,FIGHT - PHYSICAL (NO WEAPONS),DISTURBANCE - OTHER,K3
2026-07-09 21:23:05,2,FIGHT - PHYSICAL (NO WEAPONS),DISTURBANCE - FIGHT,R2
2026-07-09 21:20:41,2,DISTURBANCE - DV - NO ASLT,"DV - ARGUMENTS, DISTURBANCE (NO ARREST)",B1
2026-07-09 21:20:41,2,DISTURBANCE - DV - NO ASLT,"DV - ARGUMENTS, DISTURBANCE (NO ARREST)",B1
2026-07-09 21:19:26,2,DISTURBANCE,CRISIS COMPLAINT - GENERAL,W2
2026-07-09 21:19:26,2,DISTURBANCE,CRISIS COMPLAINT - GENERAL,W2
2026-07-09 21:16:55,2,DISTURBANCE - DV - NO ASLT,"DV - ARGUMENTS, DISTURBANCE (NO ARREST)",J2
2026-07-09 21:16:55,2,DISTURBANCE - DV - NO ASLT,"DV - ARGUMENTS, DISTURBANCE (NO ARREST)",J2
2026-07-09 21:16:55,2,DISTURBANCE - DV - NO ASLT,"DV - ARGUMENTS, DISTURBANCE (NO ARREST)",J2
2026-07-09 21:08:30,3,DISTURBANCE,DISTURBANCE - OTHER,E2
2026-07-09 21:00:50,2,TRESPASS,DISTURBANCE - OTHER,R2
2026-07-09 20:54:53,2,DISTURBANCE,DISTURBANCE - NOISE,F1
2026-07-09 20:54:53,2,DISTURBANCE,DISTURBANCE - NOISE,F1
2026-07-09 20:54:53,2,DISTURBANCE,DISTURBANCE - NOISE,F1
2026-07-09 20:49:34,2,HARAS - NO BIAS OR THREATS,DISTURBANCE - OTHER,O3
2026-07-09 20:42:34,1,UNKNOWN - ANI/ALI - WRLS PHNS (INCL OPEN LINE),DISTURBANCE - OTHER,U1
2026-07-09 20:42:34,1,UNKNOWN - ANI/ALI - WRLS PHNS (INCL OPEN LINE),DISTURBANCE - OTHER,U1
2026-07-09 20:42:34,1,UNKNOWN - ANI/ALI - WRLS PHNS (INCL OPEN LINE),DISTURBANCE - OTHER,U1
2026-07-09 20:42:34,1,UNKNOWN - ANI/ALI - WRLS PHNS (INCL OPEN LINE),DISTURBANCE - OTHER,U1
2026-07-09 20:40:48,1,ASLT - CRITICAL (NO SHOOTINGS),"DV - ARGUMENTS, DISTURBANCE (NO ARREST)",Q2
2026-07-09 20:40:48,1,ASLT - CRITICAL (NO SHOOTINGS),"DV - ARGUMENTS, DISTURBANCE (NO ARREST)",Q2
2026-07-09 20:40:48,1,ASLT - CRITICAL (NO SHOOTINGS),"DV - ARGUMENTS, DISTURBANCE (NO ARREST)",Q2
2026-07-09 20:40:12,2,ASLT - DV,"DV - ARGUMENTS, DISTURBANCE (NO ARREST)",K2
2026-07-09 20:40:12,2,ASLT - DV,"DV - ARGUMENTS, DISTURBANCE (NO ARREST)",K2
2026-07-09 20:40:12,2,ASLT - DV,"DV - ARGUMENTS, DISTURBANCE (NO ARREST)",K2
2026-07-09 20:39:46,2,DISTURBANCE,DISTURBANCE - OTHER,O3
2026-07-09 20:38:30,2,DISTURBANCE - DV - NO ASLT,DISTURBANCE - OTHER,G3
2026-07-09 20:28:56,1,SUICIDE - CRITICAL,DISTURBANCE - OTHER,K3
2026-07-09 20:25:55,2,DISTURBANCE,DISTURBANCE - OTHER,E2
2026-07-09 20:21:32,3,NUISANCE,DISTURBANCE - OTHER,W1
2026-07-09 20:18:52,1,SUICIDE - CRITICAL,DISTURBANCE - OTHER,U3
2026-07-09 20:18:52,1,SUICIDE - CRITICAL,DISTURBANCE - OTHER,U3
2026-07-09 20:18:52,1,SUICIDE - CRITICAL,DISTURBANCE - OTHER,U3
2026-07-09 20:18:52,1,SUICIDE - CRITICAL,DISTURBANCE - OTHER,U3
2026-07-09 20:00:24,1,ASLT - CRITICAL (NO SHOOTINGS),DISTURBANCE - OTHER,K3
2026-07-09 20:00:24,1,ASLT - CRITICAL (NO SHOOTINGS),DISTURBANCE - OTHER,K3
2026-07-09 20:00:24,1,ASLT - CRITICAL (NO SHOOTINGS),DISTURBANCE - OTHER,K3
2026-07-09 20:00:24,1,ASLT - CRITICAL (NO SHOOTINGS),DISTURBANCE - OTHER,K3
2026-07-09 20:00:24,1,ASLT - CRITICAL (NO SHOOTINGS),DISTURBANCE - OTHER,K3
2026-07-09 20:00:24,1,ASLT - CRITICAL (NO SHOOTINGS),DISTURBANCE - OTHER,K3
2026-07-09 19:55:17,3,DISTURBANCE,DISTURBANCE - OTHER,K3
2026-07-09 19:55:17,3,DISTURBANCE,DISTURBANCE - OTHER,K3
2026-07-09 19:55:17,3,DISTURBANCE,DISTURBANCE - OTHER,K3
2026-07-09 19:52:34,4,NOISE - GENERAL,DISTURBANCE - NOISE,G3
2026-07-09 19:37:39,4,NOISE - GENERAL,DISTURBANCE - NOISE,R3
2026-07-09 19:37:35,2,ANIMAL BITE,"ANIMAL COMPLAINT - NOISE,STRAY,BITE",Q2
2026-07-09 19:37:35,2,ANIMAL BITE,"ANIMAL COMPLAINT - NOISE,STRAY,BITE",Q2
2026-07-09 19:24:01,1,DISTURBANCE - DV CRITICAL,"DV - ARGUMENTS, DISTURBANCE (NO ARREST)",U3
2026-07-09 19:24:01,1,DISTURBANCE - DV CRITICAL,"DV - ARGUMENTS, DISTURBANCE (NO ARREST)",U3
2026-07-09 19:24:01,1,DISTURBANCE - DV CRITICAL,"DV - ARGUMENTS, DISTURBANCE (NO ARREST)",U3
2026-07-09 19:24:01,1,DISTURBANCE - DV CRITICAL,"DV - ARGUMENTS, DISTURBANCE (NO ARREST)",U3
2026-07-09 19:11:30,4,FIREWORKS (NO HAZARD),DISTURBANCE - NOISE,N2
2026-07-09 19:00:15,3,DISTURBANCE,HARBOR - HARBOR CODE VIOLATION,R3
2026-07-09 19:00:15,3,DISTURBANCE,HARBOR - HARBOR CODE VIOLATION,R3
2026-07-09 19:00:15,3,DISTURBANCE,HARBOR - HARBOR CODE VIOLATION,R3
2026-07-09 18:55:33,2,ASLT - WITH OR W/O WPNS (NO SHOOTINGS),DISTURBANCE - OTHER,O1
2026-07-09 18:47:23,3,ASLT - WITH OR W/O WPNS (NO SHOOTINGS),DISTURBANCE - OTHER,K3
2026-07-09 18:47:23,3,ASLT - WITH OR W/O WPNS (NO SHOOTINGS),DISTURBANCE - OTHER,K3
2026-07-09 18:47:23,3,ASLT - WITH OR W/O WPNS (NO SHOOTINGS),DISTURBANCE - OTHER,K3
2026-07-09 18:47:23,3,ASLT - WITH OR W/O WPNS (NO SHOOTINGS),DISTURBANCE - OTHER,K3
2026-07-09 18:47:23,3,ASLT - WITH OR W/O WPNS (NO SHOOTINGS),DISTURBANCE - OTHER,K3
2026-07-09 18:44:56,4,NOISE - GENERAL,DISTURBANCE - NOISE,U1
2026-07-09 18:26:36,2,THREATS (INCLS IN-PERSON/BY PHONE/IN WRITING),DISTURBANCE - OTHER,Q2
2026-07-09 17:55:19,2,DISTURBANCE - DV - NO ASLT,DISTURBANCE - OTHER,U2
2026-07-09 17:50:27,2,ASLT - WITH OR W/O WPNS (NO SHOOTINGS),DISTURBANCE - OTHER,L2
2026-07-09 17:50:27,2,ASLT - WITH OR W/O WPNS (NO SHOOTINGS),DISTURBANCE - OTHER,L2
2026-07-09 17:50:27,2,ASLT - WITH OR W/O WPNS (NO SHOOTINGS),DISTURBANCE - OTHER,L2
2026-07-09 17:30:14,5,TRU - FOLLOW UP,DISTURBANCE - OTHER,N1
2026-07-09 17:17:49,3,NUISANCE,DISTURBANCE - OTHER,L2
2026-07-09 17:17:49,3,NUISANCE,DISTURBANCE - OTHER,L2
2026-07-09 17:15:09,2,DISTURBANCE,DISTURBANCE - OTHER,W3
2026-07-09 17:15:09,2,DISTURBANCE,DISTURBANCE - OTHER,W3
2026-07-09 17:12:35,1,DISTURBANCE - DV CRITICAL,"DV - ARGUMENTS, DISTURBANCE (NO ARREST)",W2
2026-07-09 17:12:35,1,DISTURBANCE - DV CRITICAL,"DV - ARGUMENTS, DISTURBANCE (NO ARREST)",W2
2026-07-09 17:12:35,1,DISTURBANCE - DV CRITICAL,"DV - ARGUMENTS, DISTURBANCE (NO ARREST)",W2
2026-07-09 17:12:35,1,DISTURBANCE - DV CRITICAL,"DV - ARGUMENTS, DISTURBANCE (NO ARREST)",W2
2026-07-09 17:11:36,2,TRESPASS,DISTURBANCE - OTHER,E2
2026-07-09 17:11:36,2,TRESPASS,DISTURBANCE - OTHER,E2
2026-07-09 17:11:36,2,TRESPASS,DISTURBANCE - OTHER,E2
2026-07-09 17:11:36,2,TRESPASS,DISTURBANCE - OTHER,E2
2026-07-09 17:11:36,2,TRESPASS,DISTURBANCE - OTHER,E2
2026-07-09 17:06:56,2,DISTURBANCE,DISTURBANCE - NOISE,N2
2026-07-09 17:02:53,2,DISTURBANCE,DISTURBANCE - OTHER,C2
2026-07-09 17:00:25,2,THREATS (INCLS IN-PERSON/BY PHONE/IN WRITING),DISTURBANCE - OTHER,K3
2026-07-09 16:50:19,1,UNKNOWN - ANI/ALI - LANDLINE (INCLUDES OPEN LINE),DISTURBANCE - OTHER,M2
2026-07-09 16:43:01,3,DISTURBANCE,DISTURBANCE - OTHER,E1
2026-07-09 16:37:45,2,DISTURBANCE,DISTURBANCE - OTHER,Q3
2026-07-09 16:30:52,3,DISTURBANCE - DV - NO ASLT,"DV - ARGUMENTS, DISTURBANCE (NO ARREST)",K3
2026-07-09 16:27:27,2,DISTURBANCE,"ASSAULTS, OTHER",B1
2026-07-09 16:27:27,2,DISTURBANCE,"ASSAULTS, OTHER",B1
2026-07-09 16:17:37,2,DISTURBANCE,DISTURBANCE - OTHER,E1
2026-07-09 16:08:31,1,UNKNOWN - COMPLAINT OF UNKNOWN NATURE,DISTURBANCE - OTHER,U3
2026-07-09 16:08:31,1,UNKNOWN - COMPLAINT OF UNKNOWN NATURE,DISTURBANCE - OTHER,U3
2026-07-09 16:08:31,1,UNKNOWN - COMPLAINT OF UNKNOWN NATURE,DISTURBANCE - OTHER,U3
2026-07-09 16:08:31,1,UNKNOWN - COMPLAINT OF UNKNOWN NATURE,DISTURBANCE - OTHER,U3
2026-07-09 16:07:46,1,UNKNOWN - ANI/ALI - WRLS PHNS (INCL OPEN LINE),"DV - ARGUMENTS, DISTURBANCE (NO ARREST)",J3
2026-07-09 16:07:46,1,UNKNOWN - ANI/ALI - WRLS PHNS (INCL OPEN LINE),"DV - ARGUMENTS, DISTURBANCE (NO ARREST)",J3
2026-07-09 16:07:46,1,UNKNOWN - ANI/ALI - WRLS PHNS (INCL OPEN LINE),"DV - ARGUMENTS, DISTURBANCE (NO ARREST)",J3
2026-07-09 16:07:46,1,UNKNOWN - ANI/ALI - WRLS PHNS (INCL OPEN LINE),"DV - ARGUMENTS, DISTURBANCE (NO ARREST)",J3
2026-07-09 16:07:46,1,UNKNOWN - ANI/ALI - WRLS PHNS (INCL OPEN LINE),"DV - ARGUMENTS, DISTURBANCE (NO ARREST)",J3
2026-07-09 16:07:46,1,UNKNOWN - ANI/ALI - WRLS PHNS (INCL OPEN LINE),"DV - ARGUMENTS, DISTURBANCE (NO ARREST)",J3
2026-07-09 16:07:46,1,UNKNOWN - ANI/ALI - WRLS PHNS (INCL OPEN LINE),"DV - ARGUMENTS, DISTURBANCE (NO ARREST)",J3
2026-07-09 15:51:14,2,ASLT - DV,"DV - ARGUMENTS, DISTURBANCE (NO ARREST)",O3
2026-07-09 15:51:14,2,ASLT - DV,"DV - ARGUMENTS, DISTURBANCE (NO ARREST)",O3
2026-07-09 15:46:24,1,DISTURBANCE,"ASSAULTS - HARASSMENT, THREATS",B1
2026-07-09 15:46:24,1,DISTURBANCE,"ASSAULTS - HARASSMENT, THREATS",B1
2026-07-09 15:46:24,1,DISTURBANCE,"ASSAULTS - HARASSMENT, THREATS",B1
2026-07-09 15:46:24,1,DISTURBANCE,"ASSAULTS - HARASSMENT, THREATS",B1
2026-07-09 15:46:24,1,DISTURBANCE,"ASSAULTS - HARASSMENT, THREATS",B1
2026-07-09 15:46:24,1,DISTURBANCE,"ASSAULTS - HARASSMENT, THREATS",B1
2026-07-09 15:46:24,1,DISTURBANCE,"ASSAULTS - HARASSMENT, THREATS",B1
2026-07-09 15:46:24,1,DISTURBANCE,"ASSAULTS - HARASSMENT, THREATS",B1
2026-07-09 15:46:24,1,DISTURBANCE,"ASSAULTS - HARASSMENT, THREATS",B1
2026-07-09 15:46:24,1,DISTURBANCE,"ASSAULTS - HARASSMENT, THREATS",B1
2026-07-09 15:46:24,1,DISTURBANCE,"ASSAULTS - HARASSMENT, THREATS",B1
2026-07-09 15:44:52,3,FOLLOW UP,DISTURBANCE - OTHER,N3
2026-07-09 15:28:35,2,THREATS (INCLS IN-PERSON/BY PHONE/IN WRITING),DISTURBANCE - OTHER,U2
2026-07-09 15:28:35,2,THREATS (INCLS IN-PERSON/BY PHONE/IN WRITING),DISTURBANCE - OTHER,U2
2026-07-09 15:28:35,2,THREATS (INCLS IN-PERSON/BY PHONE/IN WRITING),DISTURBANCE - OTHER,U2
2026-07-09 15:28:35,2,THREATS (INCLS IN-PERSON/BY PHONE/IN WRITING),DISTURBANCE - OTHER,U2
2026-07-09 15:28:35,2,THREATS (INCLS IN-PERSON/BY PHONE/IN WRITING),DISTURBANCE - OTHER,U2
2026-07-09 15:25:03,2,DISTURBANCE,ASSIST PUBLIC - OTHER (NON-SPECIFIED),K2
2026-07-09 15:25:03,2,DISTURBANCE,ASSIST PUBLIC - OTHER (NON-SPECIFIED),K2
2026-07-09 15:25:03,2,DISTURBANCE,ASSIST PUBLIC - OTHER (NON-SPECIFIED),K2
2026-07-09 15:25:03,2,DISTURBANCE,ASSIST PUBLIC - OTHER (NON-SPECIFIED),K2
2026-07-09 15:13:58,4,FIREWORKS (NO HAZARD),DISTURBANCE - NOISE RESIDENTIAL,S1
2026-07-09 15:05:32,2,DISTURBANCE,DISTURBANCE - OTHER,S2
2026-07-09 15:01:08,3,DISTURBANCE,SUSPICIOUS CIRCUM. - SUSPICIOUS PERSON,D2
2026-07-09 15:00:37,2,DISTURBANCE - DV - NO ASLT,DISTURBANCE - OTHER,C2
2026-07-09 14:43:52,3,NUISANCE,DISTURBANCE - OTHER,S3
2026-07-09 14:32:07,2,DISTURBANCE - DV - NO ASLT,DISTURBANCE - OTHER,B1
2026-07-09 14:32:07,2,DISTURBANCE - DV - NO ASLT,DISTURBANCE - OTHER,B1
2026-07-09 14:32:07,2,DISTURBANCE - DV - NO ASLT,DISTURBANCE - OTHER,B1
2026-07-09 14:17:40,2,"CHILD - ABAND, ABUSE, MOLEST, NEGLECT",DISTURBANCE - OTHER,E2
2026-07-09 14:04:31,3,PERSON IN BEHAVIORAL/EMOTIONAL CRISIS,DISTURBANCE - OTHER,K2
2026-07-09 13:31:43,5,TRU - FOLLOW UP,DISTURBANCE - OTHER,N1
2026-07-09 13:28:16,2,DISTURBANCE - DV - NO ASLT,ASSIST PUBLIC - OTHER (NON-SPECIFIED),L3
2026-07-09 13:18:57,3,"SUSPICIOUS PERSON, VEHICLE, OR INCIDENT",DISTURBANCE - OTHER,U2
2026-07-09 13:18:57,3,"SUSPICIOUS PERSON, VEHICLE, OR INCIDENT",DISTURBANCE - OTHER,U2
2026-07-09 13:18:57,3,"SUSPICIOUS PERSON, VEHICLE, OR INCIDENT",DISTURBANCE - OTHER,U2
2026-07-09 13:09:38,5,TRU - THEFT,DISTURBANCE - OTHER,F1
2026-07-09 13:08:30,2,DISTURBANCE - DV - NO ASLT,DISTURBANCE - OTHER,D2
2026-07-09 13:05:01,2,SHOPLIFT - THEFT,DISTURBANCE - OTHER,S3
2026-07-09 13:05:01,2,SHOPLIFT - THEFT,DISTURBANCE - OTHER,S3
2026-07-09 13:00:15,2,DISTURBANCE,SUSPICIOUS CIRCUM. - SUSPICIOUS PERSON,B2
2026-07-09 13:00:15,2,DISTURBANCE,SUSPICIOUS CIRCUM. - SUSPICIOUS PERSON,B2
2026-07-09 13:00:15,2,DISTURBANCE,SUSPICIOUS CIRCUM. - SUSPICIOUS PERSON,B2
2026-07-09 12:53:13,1,UNKNOWN - COMPLAINT OF UNKNOWN NATURE,DISTURBANCE - OTHER,G1
2026-07-09 12:53:13,1,UNKNOWN - COMPLAINT OF UNKNOWN NATURE,DISTURBANCE - OTHER,G1
2026-07-09 12:42:48,2,DISTURBANCE,PROWLER - TRESPASS,R2
2026-07-09 12:42:48,2,DISTURBANCE,PROWLER - TRESPASS,R2
2026-07-09 12:42:48,2,DISTURBANCE,PROWLER - TRESPASS,R2
2026-07-09 12:32:52,3,DISTURBANCE - DV - NO ASLT,BURGLARY - RESIDENTIAL OCCUPIED,C2
2026-07-09 12:28:23,1,SHOTS HEARD - IN PROGRESS,DISTURBANCE - NOISE,N1
2026-07-09 12:28:23,1,SHOTS HEARD - IN PROGRESS,DISTURBANCE - NOISE,N1
2026-07-09 12:08:55,3,DISTURBANCE,DISTURBANCE,N3
2026-07-09 11:51:58,1,DISTURBANCE - DV CRITICAL,DV - ENFORCE COURT ORDER (ARREST MANDATED),S2
2026-07-09 11:51:58,1,DISTURBANCE - DV CRITICAL,DV - ENFORCE COURT ORDER (ARREST MANDATED),S2
2026-07-09 11:51:58,1,DISTURBANCE - DV CRITICAL,DV - ENFORCE COURT ORDER (ARREST MANDATED),S2
2026-07-09 11:51:58,1,DISTURBANCE - DV CRITICAL,DV - ENFORCE COURT ORDER (ARREST MANDATED),S2
2026-07-09 11:51:58,1,DISTURBANCE - DV CRITICAL,DV - ENFORCE COURT ORDER (ARREST MANDATED),S2
2026-07-09 11:25:45,2,DISTURBANCE,KIDNAP - GENERAL,M1
2026-07-09 11:25:45,2,DISTURBANCE,KIDNAP - GENERAL,M1
2026-07-09 11:25:45,2,DISTURBANCE,KIDNAP - GENERAL,M1
2026-07-09 11:25:45,2,DISTURBANCE,KIDNAP - GENERAL,M1
2026-07-09 11:25:45,2,DISTURBANCE,KIDNAP - GENERAL,M1
2026-07-09 11:25:45,2,DISTURBANCE,KIDNAP - GENERAL,M1
2026-07-09 11:25:45,2,DISTURBANCE,KIDNAP - GENERAL,M1
2026-07-09 11:25:45,2,DISTURBANCE,KIDNAP - GENERAL,M1
2026-07-09 11:14:15,2,DISTURBANCE - DV - NO ASLT,PROWLER - TRESPASS,O3
2026-07-09 11:14:15,2,DISTURBANCE - DV - NO ASLT,PROWLER - TRESPASS,O3
2026-07-09 11:14:15,2,DISTURBANCE - DV - NO ASLT,PROWLER - TRESPASS,O3
2026-07-09 11:08:19,3,NUISANCE,DISTURBANCE - OTHER,E1
2026-07-09 11:08:19,3,NUISANCE,DISTURBANCE - OTHER,E1
2026-07-09 11:01:43,1,ASLT - CRITICAL (NO SHOOTINGS),DISTURBANCE - OTHER,L1
2026-07-09 11:01:43,1,ASLT - CRITICAL (NO SHOOTINGS),DISTURBANCE - OTHER,L1
2026-07-09 10:54:14,2,DISTURBANCE,"ASSAULTS, OTHER",K1
2026-07-09 10:54:14,2,DISTURBANCE,"ASSAULTS, OTHER",K1
2026-07-09 10:40:12,3,ASLT - WITH OR W/O WPNS (NO SHOOTINGS),DISTURBANCE - OTHER,D1
2026-07-09 10:40:12,3,ASLT - WITH OR W/O WPNS (NO SHOOTINGS),DISTURBANCE - OTHER,D1
2026-07-09 10:09:31,4,FIREWORKS (NO HAZARD),DISTURBANCE - NOISE,R2
2026-07-09 10:03:02,3,NUISANCE,DISTURBANCE - OTHER,E2
2026-07-09 10:03:02,3,NUISANCE,DISTURBANCE - OTHER,E2
2026-07-09 09:54:35,2,FIGHT - PHYSICAL (NO WEAPONS),DISTURBANCE - OTHER,D1
2026-07-09 09:34:31,2,THREATS - DV - NO ASSAULT,DISTURBANCE - OTHER,S1
2026-07-09 09:00:18,2,PROPERTY - DAMAGE,DISTURBANCE - OTHER,U3
2026-07-09 09:00:18,2,PROPERTY - DAMAGE,DISTURBANCE - OTHER,U3
2026-07-09 09:00:18,2,PROPERTY - DAMAGE,DISTURBANCE - OTHER,U3
2026-07-09 08:52:34,3,ORDER - VIOLATION OF COURT ORDER (NON DV),DISTURBANCE - OTHER,B2
2026-07-09 08:52:34,3,ORDER - VIOLATION OF COURT ORDER (NON DV),DISTURBANCE - OTHER,B2
2026-07-09 08:43:05,2,DISTURBANCE - DV - NO ASLT,"DV - ARGUMENTS, DISTURBANCE (NO ARREST)",F2
2026-07-09 08:43:05,2,DISTURBANCE - DV - NO ASLT,"DV - ARGUMENTS, DISTURBANCE (NO ARREST)",F2
2026-07-09 08:43:05,2,DISTURBANCE - DV - NO ASLT,"DV - ARGUMENTS, DISTURBANCE (NO ARREST)",F2
2026-07-09 08:43:05,2,DISTURBANCE - DV - NO ASLT,"DV - ARGUMENTS, DISTURBANCE (NO ARREST)",F2
2026-07-09 08:17:13,2,DISTURBANCE,PROPERTY DEST (DAMG),B2
2026-07-09 08:17:13,2,DISTURBANCE,PROPERTY DEST (DAMG),B2
2026-07-09 08:17:13,2,DISTURBANCE,PROPERTY DEST (DAMG),B2
2026-07-09 07:17:31,1,UNKNOWN - COMPLAINT OF UNKNOWN NATURE,DISTURBANCE - OTHER,O3
2026-07-09 07:17:31,1,UNKNOWN - COMPLAINT OF UNKNOWN NATURE,DISTURBANCE - OTHER,O3
2026-07-09 07:01:26,2,ASLT - WITH OR W/O WPNS (NO SHOOTINGS),DISTURBANCE - OTHER,K3
2026-07-09 07:01:26,2,ASLT - WITH OR W/O WPNS (NO SHOOTINGS),DISTURBANCE - OTHER,K3
2026-07-09 07:01:26,2,ASLT - WITH OR W/O WPNS (NO SHOOTINGS),DISTURBANCE - OTHER,K3
2026-07-09 06:59:30,2,DISTURBANCE - DV - NO ASLT,"DV - ARGUMENTS, DISTURBANCE (NO ARREST)",S3
2026-07-09 06:59:30,2,DISTURBANCE - DV - NO ASLT,"DV - ARGUMENTS, DISTURBANCE (NO ARREST)",S3
2026-07-09 06:59:30,2,DISTURBANCE - DV - NO ASLT,"DV - ARGUMENTS, DISTURBANCE (NO ARREST)",S3
2026-07-09 06:58:49,2,DISTURBANCE,DISTURBANCE - OTHER,S3
2026-07-09 06:58:49,2,DISTURBANCE,DISTURBANCE - OTHER,S3
2026-07-09 06:47:32,3,DISTURBANCE,SUSPICIOUS CIRCUM. - SUSPICIOUS PERSON,B3
2026-07-09 06:47:32,3,DISTURBANCE,SUSPICIOUS CIRCUM. - SUSPICIOUS PERSON,B3
2026-07-09 05:57:58,3,DISTURBANCE,PROWLER - TRESPASS,D2
2026-07-09 05:36:01,3,DISTURBANCE,DISTURBANCE - OTHER,U1
2026-07-09 05:36:01,3,DISTURBANCE,DISTURBANCE - OTHER,U1
2026-07-09 05:22:43,2,DISTURBANCE - DV - NO ASLT,CRISIS COMPLAINT - GENERAL,W1
2026-07-09 05:22:43,2,DISTURBANCE - DV - NO ASLT,CRISIS COMPLAINT - GENERAL,W1
2026-07-09 05:22:43,2,DISTURBANCE - DV - NO ASLT,CRISIS COMPLAINT - GENERAL,W1
2026-07-09 05:22:43,2,DISTURBANCE - DV - NO ASLT,CRISIS COMPLAINT - GENERAL,W1
2026-07-09 04:23:53,4,NOISE - GENERAL,DISTURBANCE - NOISE RESIDENTIAL,D1
2026-07-09 04:15:01,2,THREATS (INCLS IN-PERSON/BY PHONE/IN WRITING),DISTURBANCE - OTHER,E2
2026-07-09 03:24:42,2,DISTURBANCE - DV - NO ASLT,"DV - ARGUMENTS, DISTURBANCE (NO ARREST)",N1
2026-07-09 03:24:42,2,DISTURBANCE - DV - NO ASLT,"DV - ARGUMENTS, DISTURBANCE (NO ARREST)",N1
2026-07-09 03:24:42,2,DISTURBANCE - DV - NO ASLT,"DV - ARGUMENTS, DISTURBANCE (NO ARREST)",N1
2026-07-09 03:18:33,4,NOISE - GENERAL,DISTURBANCE - NOISE RESIDENTIAL,R1
2026-07-09 03:02:16,4,NOISE - GENERAL,DISTURBANCE - NOISE,D1
2026-07-09 02:54:25,2,DISTURBANCE,DISTURBANCE - OTHER,K1
2026-07-09 02:54:25,2,DISTURBANCE,DISTURBANCE - OTHER,K1
2026-07-09 02:38:46,2,DISTURBANCE,DISTURBANCE - OTHER,G1
2026-07-09 02:38:46,2,DISTURBANCE,DISTURBANCE - OTHER,G1
2026-07-09 02:32:37,1,"SUSPICIOUS PERSON, VEHICLE, OR INCIDENT",DISTURBANCE - OTHER,K3
2026-07-09 02:32:37,1,"SUSPICIOUS PERSON, VEHICLE, OR INCIDENT",DISTURBANCE - OTHER,K3
2026-07-09 02:32:37,1,"SUSPICIOUS PERSON, VEHICLE, OR INCIDENT",DISTURBANCE - OTHER,K3
2026-07-09 02:32:37,1,"SUSPICIOUS PERSON, VEHICLE, OR INCIDENT",DISTURBANCE - OTHER,K3
2026-07-09 02:32:37,1,"SUSPICIOUS PERSON, VEHICLE, OR INCIDENT",DISTURBANCE - OTHER,K3
2026-07-09 02:32:37,1,"SUSPICIOUS PERSON, VEHICLE, OR INCIDENT",DISTURBANCE - OTHER,K3
2026-07-09 02:19:12,2,"SUSPICIOUS PERSON, VEHICLE, OR INCIDENT",DISTURBANCE - OTHER,G3
2026-07-09 02:10:08,4,NOISE - GENERAL,SUSPICIOUS CIRCUM. - SUSPICIOUS PERSON,U2
2026-07-09 02:08:13,3,ALARM - AUDIBLE AUTOMOBILE (UNOCC/ANTI-THEFT),DISTURBANCE - NOISE,L3
2026-07-09 02:08:02,1,UNKNOWN - COMPLAINT OF UNKNOWN NATURE,DISTURBANCE - NOISE,S3
2026-07-09 02:08:02,1,UNKNOWN - COMPLAINT OF UNKNOWN NATURE,DISTURBANCE - NOISE,S3
2026-07-09 02:08:02,1,UNKNOWN - COMPLAINT OF UNKNOWN NATURE,DISTURBANCE - NOISE,S3
